driver_id,driver_name,driver_phone,license_plate,driver_vehicle_model,driver_rating,driver_experience_years
DRV0001,Sarthak Koshy,5470968941,MH33 XP 4414,WagonR,4.8,13
DRV0002,Bhanumati Magar,2964722802,MH24 MA 2476,Maruti Ertiga,3.9,8
DRV0003,Onkar Issac,09420473065,MH28 LE 6350,Maruti Ertiga,4.1,9
DRV0004,Gayathri Ramesh,+912199920013,MH8 TG 9902,Kia Seltos,4.8,9
DRV0005,Varenya Barad,+912483526484,MH27 XB 9261,WagonR,3.7,14
DRV0006,Bina Kapur,04908739436,MH14 XU 5511,Hyundai i20,4.8,1
DRV0007,Oliver Dalal,7024291480,MH37 XR 2786,WagonR,3.9,19
DRV0008,Yauvani Narain,6240386470,MH20 KI 9261,Swift Dzire,3.9,12
DRV0009,Urishilla Dugar,+915384232373,MH26 TD 5979,WagonR,3.7,19
DRV0010,Oscar Balasubramanian,+910436922801,MH48 TP 5125,Honda City,3.5,16
DRV0011,Urvashi Mandal,+915974107566,MH43 OH 8521,WagonR,4.7,17
DRV0012,Watika Savant,2596516846,MH38 JU 2402,Toyota Innova,3.8,16
DRV0013,Advik Kuruvilla,02507783332,MH39 RF 0053,Mahindra XUV700,3.9,12
DRV0014,Hemani Dasgupta,0008345540,MH43 PX 3638,Honda City,4.9,18
DRV0015,Aradhana Ramachandran,+919602914991,MH9 QY 4860,Hyundai i20,3.5,10
DRV0016,Omya Jhaveri,08932345247,MH4 XY 2191,Hyundai Creta,3.9,14
DRV0017,Gaurav Jha,8677931540,MH28 BL 8506,Mahindra XUV700,3.5,14
DRV0018,Bhavini Kohli,+913732385281,MH27 LU 6864,WagonR,4.6,20
DRV0019,Balhaar Sampath,+914219925493,MH17 NS 7616,Maruti Ertiga,4.7,15
DRV0020,Jatin Madan,+917475638613,MH36 QH 2724,Tata Nexon,4.2,5
DRV0021,Ikshita Keer,2716242009,MH25 XT 8707,Tata Nexon,3.6,7
DRV0022,Rachana Ramachandran,5611895175,MH4 GV 3507,Kia Seltos,4.8,5
DRV0023,Darika Khare,01025268646,MH35 HS 3596,WagonR,3.8,18
DRV0024,Laban Devi,06973492037,MH42 XH 0095,Honda City,4.4,11
DRV0025,Nandini Bumb,+911772542464,MH40 RW 8384,Hyundai i20,4.7,1
DRV0026,Imaran Rajagopalan,+910490988705,MH1 IE 6009,Hyundai i20,3.7,16
DRV0027,Frederick Yohannan,+912191731690,MH37 LJ 9985,Kia Seltos,4.1,1
DRV0028,Neelima Soman,2189044290,MH26 UC 6285,Hyundai Creta,4.8,4
DRV0029,Samarth Chada,05840997722,MH18 FV 0073,Maruti Ertiga,3.7,10
DRV0030,Nicholas Varkey,06322127551,MH31 NW 0998,WagonR,4.8,2
DRV0031,Rajata Magar,+913108227819,MH24 MA 2476,Toyota Innova,4.4,17
DRV0032,Abeer Mandal,+911222552331,MH32 IV 7126,Swift Dzire,4.8,12
DRV0033,Brijesh Pandya,03003597653,MH21 XP 3236,Honda City,4.5,18
DRV0034,Ranbir Chaudhary,7712308990,MH29 MN 0272,Swift Dzire,4.6,4
DRV0035,Hiral Mander,4110693839,MH5 DC 6656,Hyundai Creta,4.3,5
DRV0036,Lakshmi Sami,+917757012937,MH31 CM 3431,Swift Dzire,3.9,10
DRV0037,Peter Mitter,+915100932311,MH30 ZX 1181,Toyota Innova,3.7,4
DRV0038,Qadim Narain,08874553115,MH6 YW 3057,WagonR,4.7,5
DRV0039,Ronith Walia,+917265119211,MH23 MV 9850,Maruti Ertiga,5.0,18
DRV0040,Sarthak Krish,02035623534,MH16 BY 2526,Tata Nexon,3.6,9
DRV0041,Wishi Menon,2331349967,MH24 SW 2633,Toyota Innova,3.8,15
DRV0042,Onveer Sabharwal,+910919692076,MH36 JA 6690,Mahindra XUV700,4.8,18
DRV0043,Advik Oza,+911480934099,MH6 BS 5773,Maruti Ertiga,5.0,13
DRV0044,Bhavini Sarkar,4621296888,MH30 KJ 4217,Hyundai Creta,3.7,15
DRV0045,Inaya Sahota,+913566946104,MH5 CY 0347,Hyundai i20,4.3,9
DRV0046,Devansh Raghavan,+912524407804,MH44 XZ 0476,Maruti Ertiga,4.2,11
DRV0047,Vasana Wadhwa,+914915617250,MH27 LU 2302,Kia Seltos,3.8,17
DRV0048,Daksh Yohannan,+912855690554,MH28 AZ 4449,Swift Dzire,3.8,17
DRV0049,Turvi Sarkar,+913249622219,MH2 AG 2806,Hyundai i20,4.8,16
DRV0050,Niharika Hegde,4529912239,MH26 WY 0541,Honda City,4.8,14
DRV0051,Faris Krishna,+910061012633,MH24 AH 3347,Tata Nexon,4.9,2
DRV0052,Yauvani Mishra,04851080692,MH44 EZ 2479,Toyota Innova,3.9,5
DRV0053,Luke Behl,+917839745311,MH36 HV 6518,Honda City,3.5,3
DRV0054,Nikita Kumer,07513788130,MH19 MO 3082,Hyundai Creta,4.1,12
DRV0055,Yahvi Sastry,08371506067,MH17 IV 8597,Hyundai i20,4.6,20
DRV0056,Chakrika Deo,+916687746396,MH33 BK 3168,WagonR,4.8,18
DRV0057,Siddharth Kapadia,07671472499,MH20 KC 7563,Maruti Ertiga,3.6,4
DRV0058,Yash Andra,05978597238,MH22 ZA 5871,Tata Nexon,3.6,16
DRV0059,Gaurav Sekhon,+918717002017,MH11 XX 5386,Kia Seltos,3.7,13
DRV0060,Vidhi Goswami,+911710059160,MH26 UP 4037,Hyundai i20,4.4,4
DRV0061,Guneet Walia,+916529305390,MH6 OO 0987,WagonR,4.5,11
DRV0062,Jasmit Chakraborty,07328699082,MH6 UW 9242,Honda City,4.2,6
DRV0063,Ronith Nagarajan,+913079129756,MH17 BL 4728,Maruti Ertiga,4.0,18
DRV0064,Varenya Soman,05797236952,MH2 YF 7746,Mahindra XUV700,4.9,4
DRV0065,Faraj Soman,1412856441,MH7 XD 1520,Hyundai i20,4.7,1
DRV0066,Qasim Hayer,+913163496598,MH25 UE 1606,Toyota Innova,3.7,8
DRV0067,Saumya Raju,02630017869,MH37 TR 9314,Honda City,3.7,10
DRV0068,Yasti Lala,+912044397466,MH27 FG 6615,Hyundai i20,4.9,19
DRV0069,Irya Kala,+910306213468,MH31 JX 0395,Swift Dzire,3.6,11
DRV0070,Parth Varma,02683992694,MH47 ZM 9268,Hyundai Creta,4.9,1
DRV0071,Laksh Yohannan,+911110119463,MH4 PW 3494,Maruti Ertiga,4.6,9
DRV0072,Chakradhar Dixit,3898131415,MH1 PD 3626,Swift Dzire,4.0,13
DRV0073,Nidhi Banerjee,4212072135,MH4 FV 5054,WagonR,4.6,6
DRV0074,Yagnesh Majumdar,02220005872,MH36 TS 3866,Maruti Ertiga,3.8,5
DRV0075,Yashasvi Behl,+911605241293,MH14 LL 8803,Toyota Innova,3.6,5
DRV0076,Pranav Shroff,2108754557,MH17 PF 2614,Hyundai Creta,4.7,1
DRV0077,Rudra Loyal,+916438266249,MH19 ZD 7534,Toyota Innova,5.0,3
DRV0078,Atharv Rout,07792040031,MH4 JJ 5833,Hyundai i20,4.2,2
DRV0079,Victor Sanghvi,+913575676715,MH20 FF 0576,Hyundai i20,4.8,7
DRV0080,Onveer Mani,+913054481759,MH44 CE 9827,Tata Nexon,3.7,12
DRV0081,Wazir Badal,06452201210,MH40 II 2344,Toyota Innova,4.4,9
DRV0082,Omya Bobal,+917236829360,MH50 AS 0174,Hyundai i20,4.0,16
DRV0083,Vedika Pillai,2380681895,MH43 XV 9523,Kia Seltos,4.9,19
DRV0084,Wakeeta Divan,0997736325,MH1 CF 2547,Kia Seltos,3.5,5
DRV0085,Aarini Magar,07468401185,MH40 AO 5939,Kia Seltos,3.8,4
DRV0086,Gavin Karan,+917708818559,MH39 WN 9650,Kia Seltos,4.2,4
DRV0087,Charan Chopra,04296297156,MH35 CH 8688,Maruti Ertiga,4.7,4
DRV0088,Hredhaan Jain,+919182502759,MH35 MP 9020,Mahindra XUV700,4.0,9
DRV0089,Yashica Keer,+911328924595,MH32 WW 6215,Mahindra XUV700,4.4,3
DRV0090,Isha Chopra,+918456328284,MH16 LE 8236,WagonR,4.6,10
DRV0091,Nikita Joshi,06133926089,MH42 NP 7944,Mahindra XUV700,4.3,4
DRV0092,Suhani Konda,+911459936116,MH3 VN 0152,Mahindra XUV700,4.5,5
DRV0093,Laksh Sarkar,06387029007,MH20 UG 2143,Swift Dzire,4.9,4
DRV0094,Jyoti Kata,+915617595410,MH3 WY 0806,Hyundai Creta,4.1,17
DRV0095,Vanya Nayar,04643065448,MH43 LC 4859,Toyota Innova,4.5,19
DRV0096,Upadhriti Mallick,07615010632,MH8 RH 9914,Mahindra XUV700,3.8,8
DRV0097,Siddharth Gopal,6156944127,MH44 BJ 2923,Toyota Innova,4.7,8
DRV0098,Meghana Mittal,05193653793,MH11 YU 7561,Toyota Innova,4.4,13
DRV0099,Hemani Chacko,2495790263,MH44 DI 2600,Kia Seltos,4.2,9
DRV0100,Turvi Mani,+910468619602,MH19 YU 7991,Hyundai i20,3.5,14
DRV0101,Chatresh Sandal,07209584527,MH45 UL 6984,Honda City,5.0,2
DRV0102,Meera Narayanan,+917353488754,MH25 CZ 5058,Hyundai i20,3.8,9
DRV0103,Gayathri Borra,7748304635,MH31 HI 7147,Tata Nexon,4.7,9
DRV0104,Nilima Sule,+919553710628,MH16 OJ 2908,Tata Nexon,4.7,3
DRV0105,Noah Sura,2006209845,MH18 XF 3196,Toyota Innova,4.8,15
DRV0106,Manan Bhakta,7494600275,MH18 XF 3196,Mahindra XUV700,4.0,18
DRV0107,Dakshesh Mahajan,+918272889406,MH9 WD 2633,Mahindra XUV700,4.9,7
DRV0108,Fiyaz Kalla,1508977307,MH34 ZN 6325,Hyundai i20,4.7,5
DRV0109,Xiti Padmanabhan,1748292575,MH28 XY 8020,Hyundai i20,3.8,8
DRV0110,Devika Mohanty,03696923690,MH44 DI 2600,Swift Dzire,4.2,11
DRV0111,Lila Padmanabhan,2018031502,MH10 RF 8137,Maruti Ertiga,4.3,13
DRV0112,Mahika Bora,+918255197215,MH15 BZ 0306,Hyundai i20,3.6,5
DRV0113,Triveni Trivedi,03827279451,MH11 EH 0791,Hyundai i20,4.6,15
DRV0114,Christopher Kakar,+912178548858,MH45 IB 7300,Maruti Ertiga,4.9,9
DRV0115,Frado Mitter,1963412783,MH48 AX 0434,Swift Dzire,4.1,9
DRV0116,Ucchal Goyal,06947851062,MH3 SC 3386,Tata Nexon,4.8,11
DRV0117,Anmol Sawhney,02397452818,MH18 PJ 5101,Hyundai Creta,4.1,8
DRV0118,Nirja Dayal,08295733929,MH47 CT 2082,Kia Seltos,4.6,7
DRV0119,Indrajit Ramaswamy,6378528724,MH7 XZ 6145,Hyundai i20,3.9,6
DRV0120,Yahvi Aggarwal,+918295892273,MH27 LK 5023,Maruti Ertiga,3.8,19
DRV0121,Amaira De,0365957930,MH46 CZ 3426,Hyundai i20,3.6,9
DRV0122,Parth Jain,09045803561,MH24 OE 7074,Swift Dzire,3.8,15
DRV0123,Reyansh Kumar,8527560579,MH33 UJ 0721,Tata Nexon,4.3,10
DRV0124,Eta Lanka,9656919907,MH2 VM 4595,Maruti Ertiga,4.7,17
DRV0125,Harinakshi Chowdhury,08793245295,MH31 ZJ 3329,Tata Nexon,3.5,6
DRV0126,Yatan Verma,+915730558536,MH11 QA 6885,Honda City,4.8,1
DRV0127,Bhanumati Gopal,06047671640,MH34 NH 4134,Maruti Ertiga,3.7,14
DRV0128,Gautam Rao,7338834811,MH8 WY 5493,Honda City,4.3,17
DRV0129,Fariq Ramanathan,0896243630,MH39 VU 0408,Maruti Ertiga,4.6,7
DRV0130,Isaiah Khare,2870956454,MH37 NR 2149,WagonR,4.4,13
DRV0131,Shivani Narayan,0674467990,MH23 XP 4451,Toyota Innova,4.0,5
DRV0132,Avi Munshi,+916495116187,MH12 HW 4339,WagonR,4.2,2
DRV0133,Forum Chaudhry,+912816823238,MH6 KZ 7110,Hyundai Creta,4.2,10
DRV0134,Nisha Mangal,9254237357,MH35 NN 7364,Toyota Innova,4.8,4
DRV0135,Krishna Bora,01280056619,MH12 RG 9337,Hyundai Creta,4.3,8
DRV0136,Tanay Desai,+919720574775,MH15 PO 4615,Swift Dzire,4.1,13
DRV0137,Zinal Ratta,02300936581,MH18 HE 1085,Tata Nexon,4.9,19
DRV0138,Thomas Mitter,00413670192,MH47 WA 7100,Hyundai Creta,4.5,10
DRV0139,Harini Mitra,5179960167,MH9 BJ 5224,Kia Seltos,4.1,17
DRV0140,Hema Mani,7893874265,MH44 JI 6209,Hyundai i20,3.9,11
DRV0141,Bhavika Jani,+919085860613,MH28 ZJ 8377,WagonR,4.4,2
DRV0142,Qabil Nath,08048674402,MH47 XL 5855,Maruti Ertiga,3.7,9
DRV0143,Rayaan Krishnan,+910057084327,MH15 RH 8316,Swift Dzire,4.4,1
DRV0144,Anmol Badami,1790980476,MH32 PW 6063,Mahindra XUV700,3.9,19
DRV0145,Hemang Dalal,07069967101,MH26 VG 7494,Mahindra XUV700,4.5,10
DRV0146,Dayamai Chatterjee,+914058290664,MH15 YU 6286,Kia Seltos,4.9,16
DRV0147,Guneet Malhotra,0287618763,MH25 KM 3374,Hyundai i20,4.9,8
DRV0148,Ekani Bhatia,02039559645,MH11 VL 4623,WagonR,3.8,17
DRV0149,Abhiram Mitter,00281507314,MH42 IP 0822,Honda City,3.8,15
DRV0150,Isaiah Vaidya,03009605574,MH34 ZB 3400,Toyota Innova,3.8,4
DRV0151,Nidhi Bahri,+911685251389,MH47 RE 0313,Mahindra XUV700,5.0,13
DRV0152,Samesh Chadha,02478272417,MH40 MS 6092,WagonR,4.6,17
DRV0153,Warinder Gandhi,08701115803,MH46 AS 1517,Toyota Innova,4.6,11
DRV0154,Krishna Venkataraman,+917344675129,MH17 QH 9663,Honda City,4.6,3
DRV0155,Utkarsh Kanda,+918030548611,MH8 KL 7925,Hyundai i20,4.9,5
DRV0156,Yutika Rau,0325083034,MH30 JU 0571,Hyundai i20,4.0,17
DRV0157,Ethan Pandey,08640958826,MH33 QC 7116,Hyundai Creta,4.5,8
DRV0158,Chameli Iyer,07817121532,MH29 ZJ 5491,WagonR,4.5,16
DRV0159,Fariq Pillai,04393658947,MH15 XU 1287,Mahindra XUV700,4.2,1
DRV0160,Dakshesh Seth,01503899080,MH38 OW 5837,Mahindra XUV700,3.7,13
DRV0161,Hemal Doshi,6764039005,MH32 GG 5999,Hyundai Creta,3.9,9
DRV0162,Anita Choudhry,3460604359,MH4 TG 5931,Mahindra XUV700,4.1,17
DRV0163,Lavanya Sekhon,01872245269,MH47 PJ 4578,Hyundai Creta,4.2,2
DRV0164,Krishna Bera,3619610416,MH18 TV 5856,Maruti Ertiga,4.8,5
DRV0165,Ishaan Virk,4321632372,MH25 EQ 1912,Tata Nexon,4.6,10
DRV0166,Aradhana Rege,+912727818976,MH34 FP 9470,Hyundai i20,4.4,11
DRV0167,Anya Doshi,04705171907,MH31 BB 0803,Hyundai i20,4.3,10
DRV0168,Girindra Bajwa,+910326792958,MH34 XX 4877,Mahindra XUV700,3.9,3
DRV0169,Jason Divan,09815665823,MH19 UD 7757,Kia Seltos,4.9,2
DRV0170,Yauvani Dash,6863725230,MH7 YG 2118,Mahindra XUV700,4.9,18
DRV0171,Adweta Narain,02068881483,MH46 BQ 0778,Maruti Ertiga,4.8,13
DRV0172,Samaksh Biswas,08553728889,MH47 HA 5984,Mahindra XUV700,3.6,12
DRV0173,Nihal Kashyap,9403005558,MH12 CV 2272,Hyundai Creta,5.0,7
DRV0174,Chandani Narain,+916313291013,MH27 KC 1773,Maruti Ertiga,3.9,1
DRV0175,Darsh Sidhu,06585205093,MH43 OH 8521,Tata Nexon,4.3,14
DRV0176,Umang Ramaswamy,+918342234261,MH15 DG 3800,Honda City,3.7,13
DRV0177,Jackson Das,+918677360849,MH12 CP 4393,WagonR,4.7,11
DRV0178,Victor Kala,3333919742,MH32 KV 5863,Toyota Innova,4.3,18
DRV0179,Nakul Gokhale,00166673930,MH32 OI 3855,Hyundai Creta,3.7,1
DRV0180,Abeer Kashyap,7135430224,MH17 QR 7629,Toyota Innova,4.7,3
DRV0181,Ekaraj Chahal,+912271172736,MH49 EF 2822,Maruti Ertiga,3.9,17
DRV0182,Elijah Johal,01879348836,MH20 FF 0348,Maruti Ertiga,4.2,6
DRV0183,Yashawini Chaudhry,8139034206,MH20 WQ 5882,Honda City,4.1,13
DRV0184,Pranav Butala,03451499265,MH30 KA 0258,Maruti Ertiga,3.9,3
DRV0185,Viraj Talwar,+917112053938,MH6 NL 0064,Tata Nexon,4.5,6
DRV0186,Falak Nagi,3683244804,MH10 CS 0874,Maruti Ertiga,3.6,16
DRV0187,Nathaniel Kapoor,1137684828,MH46 OJ 4017,Kia Seltos,4.7,3
DRV0188,Gautami Thaman,+910450740172,MH43 SK 1982,Toyota Innova,3.9,13
DRV0189,Bhavya Contractor,05447943300,MH37 LT 0808,Hyundai i20,4.4,3
DRV0190,Chakradev Palan,+917964263159,MH48 NX 4450,Tata Nexon,3.9,4
DRV0191,Hemani Sibal,09890960730,MH31 CN 0015,Hyundai Creta,4.2,11
DRV0192,Pranav Sidhu,03078960152,MH48 ZH 9240,WagonR,3.9,3
DRV0193,Gautami Bhargava,+910769776909,MH28 SE 2608,Honda City,3.8,3
DRV0194,Omaja Sur,5086393885,MH30 DR 5186,Toyota Innova,4.6,12
DRV0195,Omya Pandit,+914475492337,MH19 HF 5932,Hyundai Creta,4.4,6
DRV0196,Pallavi Bandi,7001078414,MH35 XZ 8479,WagonR,4.4,19
DRV0197,Wridesh Venkataraman,+918608911274,MH21 OX 3437,Hyundai Creta,3.9,9
DRV0198,Indira Solanki,+912620127093,MH37 UA 6754,Toyota Innova,3.5,13
DRV0199,Aarav Nair,4495759613,MH46 XH 1697,Hyundai Creta,4.3,10
DRV0200,Balhaar Parmar,0579345340,MH10 CX 6974,Tata Nexon,4.9,4
DRV0201,Idika Mohanty,+916379701715,MH26 BV 4095,Kia Seltos,4.0,1
DRV0202,Indrajit Master,2770121841,MH9 VP 3004,Hyundai i20,4.4,7
DRV0203,Falak Upadhyay,09535690815,MH3 ZU 0111,Hyundai i20,4.7,2
DRV0204,Urvashi Pradhan,1735804322,MH24 RZ 6623,Swift Dzire,4.4,12
DRV0205,Harsh Rajan,0141176450,MH3 SC 3386,Hyundai Creta,4.5,14
DRV0206,Pranit Shetty,03727237660,MH16 FQ 5633,Mahindra XUV700,4.0,7
DRV0207,Jonathan Doctor,3480407261,MH23 VJ 6642,Mahindra XUV700,3.6,11
DRV0208,Hemang Mohan,09090408283,MH30 BB 4953,Toyota Innova,4.3,12
DRV0209,Chatresh Dave,9463569962,MH34 HE 4108,Kia Seltos,3.6,18
DRV0210,Aarush Mand,+910163887232,MH22 QD 1128,Mahindra XUV700,3.5,14
DRV0211,Urmi Pau,8928198701,MH21 XD 8917,Mahindra XUV700,4.8,20
DRV0212,Anita Kapur,+913278570737,MH4 UJ 2422,Tata Nexon,4.6,4
DRV0213,Kashish Majumdar,5384975975,MH22 ST 2214,Honda City,3.9,1
DRV0214,Ethan Varma,8325179131,MH42 CD 4206,Tata Nexon,3.9,1
DRV0215,Vrishti Issac,04739288061,MH47 TY 8919,Tata Nexon,4.0,14
DRV0216,Tarak Sridhar,5516105327,MH38 FT 8639,WagonR,4.0,19
DRV0217,Udyati Garg,+919542536642,MH20 GM 3780,Hyundai Creta,3.8,17
DRV0218,Jyoti Mall,06100389403,MH37 BY 1931,Tata Nexon,4.8,7
DRV0219,Tanveer Pingle,+916870726807,MH36 WZ 3689,Swift Dzire,4.0,2
DRV0220,Janya Nadig,05496939453,MH20 QN 3598,Toyota Innova,4.1,1
DRV0221,Sathvik Dass,0865939386,MH37 RF 5710,Toyota Innova,4.9,5
DRV0222,Nakul Rana,3569545980,MH12 PI 6396,Toyota Innova,4.6,12
DRV0223,Chasmum Balakrishnan,+910592930301,MH20 DJ 6833,Kia Seltos,3.9,5
DRV0224,Anita Din,+918352859538,MH3 IL 4907,Mahindra XUV700,3.6,6
DRV0225,Divya Barad,00893026510,MH9 JE 9181,Hyundai i20,4.4,17
DRV0226,Orinder Karan,9372656675,MH20 GZ 7311,Kia Seltos,4.4,7
DRV0227,Harish Jayaraman,+915569393220,MH34 EV 2342,Kia Seltos,4.2,4
DRV0228,Laban Borah,4145176850,MH21 CH 1777,Hyundai i20,4.3,3
DRV0229,Aarini Sharaf,8579973550,MH43 SX 6172,Mahindra XUV700,3.8,7
DRV0230,Chakradhar Upadhyay,08781242642,MH6 OU 8260,WagonR,3.9,17
DRV0231,Lohit Brahmbhatt,06363629737,MH44 OI 1607,Mahindra XUV700,4.1,10
DRV0232,Max Ravel,02973308537,MH6 OF 2089,Swift Dzire,4.0,17
DRV0233,Simon Mahajan,+913765041200,MH22 DC 1964,Kia Seltos,4.4,11
DRV0234,Pranit Dhawan,05319608597,MH25 UI 8454,Mahindra XUV700,3.7,7
DRV0235,Ekantika Deshpande,02147370691,MH25 FZ 6663,Maruti Ertiga,4.9,10
DRV0236,Atharv Merchant,+912532615570,MH21 MD 8285,Mahindra XUV700,4.6,3
DRV0237,Rohan Rao,08831211225,MH8 RH 4709,Maruti Ertiga,4.7,8
DRV0238,Ekani Bhakta,8342540730,MH12 DH 6600,Honda City,4.3,20
DRV0239,Ishanvi Kant,+916431025210,MH24 HB 7087,Honda City,4.9,1
DRV0240,Tejas Nanda,0036722167,MH33 TW 0196,Toyota Innova,4.1,19
DRV0241,Bakhshi Dewan,01217864515,MH33 YZ 4223,Hyundai Creta,4.9,5
DRV0242,Balendra Jayaraman,+918052572354,MH39 DL 6817,Hyundai i20,4.9,19
DRV0243,Zayan Balan,+915739296744,MH49 DV 2200,Toyota Innova,4.2,10
DRV0244,Kalpit Khanna,05002608047,MH6 KB 5383,WagonR,4.5,18
DRV0245,Nidhi Badami,3446857875,MH35 CL 9229,Hyundai i20,3.5,14
DRV0246,Baghyawati Sharaf,09769781138,MH17 BQ 4523,Tata Nexon,3.9,7
DRV0247,Noah Kadakia,06276414840,MH30 DV 8190,Hyundai Creta,4.1,3
DRV0248,Oscar Balakrishnan,01377115707,MH4 IL 6081,Honda City,4.8,11
DRV0249,Frado Mohanty,00430103549,MH44 QI 6689,Swift Dzire,4.4,4
DRV0250,Waida Wagle,6380426850,MH42 MD 3449,WagonR,4.1,15
DRV0251,Arin Lata,9971592444,MH5 XU 7436,Maruti Ertiga,3.7,11
DRV0252,Mekhala Nagy,+915051842060,MH6 GB 0561,Mahindra XUV700,4.7,20
DRV0253,Yagnesh Kannan,+915275842575,MH40 ES 7914,Kia Seltos,4.2,18
DRV0254,Tristan Venkataraman,5215833577,MH18 VM 5813,WagonR,3.9,6
DRV0255,Adya Varughese,+913401548144,MH40 RW 3141,Honda City,4.9,9
DRV0256,Kevin Bhatti,0185208869,MH23 KV 2959,Tata Nexon,4.3,14
DRV0257,Zashil Rama,+916333818222,MH10 BG 6051,Swift Dzire,3.6,6
DRV0258,Samarth Baria,6352866724,MH10 BL 9460,Hyundai Creta,3.9,7
DRV0259,Jagat Thakkar,07803363363,MH18 QO 3794,Kia Seltos,4.3,18
DRV0260,Hamsini Dara,05992592159,MH26 VR 5911,Hyundai i20,4.2,20
DRV0261,Hamsini Nori,+915903751472,MH44 RX 4462,Hyundai Creta,4.9,2
DRV0262,Elijah Doctor,01943257310,MH3 NG 2704,Toyota Innova,4.4,16
DRV0263,Yashawini Mohan,1448625621,MH6 DD 7615,Swift Dzire,4.0,10
DRV0264,Pallavi Khurana,3737911680,MH5 XH 8320,Mahindra XUV700,3.7,14
DRV0265,Samarth Sastry,+911890954811,MH12 NR 7123,Tata Nexon,4.4,5
DRV0266,Pavani Swaminathan,+911283309155,MH10 MJ 7896,Kia Seltos,4.7,13
DRV0267,Gayathri Bhatia,09424357796,MH35 SQ 4327,Kia Seltos,3.9,18
DRV0268,Nidra Dara,5796237857,MH20 QK 8875,Kia Seltos,4.8,19
DRV0269,Warda Dugar,+915356882538,MH15 JK 7950,Maruti Ertiga,4.4,7
DRV0270,Rushil Bhasin,6812466873,MH30 OH 8620,WagonR,4.2,15
DRV0271,Fiyaz Nagarajan,04697852252,MH48 BG 0663,Maruti Ertiga,4.0,3
DRV0272,Lavanya Pai,4295868395,MH41 WU 9614,Tata Nexon,5.0,16
DRV0273,Falak More,+911698007349,MH10 AI 7798,Hyundai Creta,4.9,10
DRV0274,Gautami Rao,+914604930470,MH3 JR 5849,Maruti Ertiga,4.7,12
DRV0275,Isaac Sachdev,+912256210801,MH50 NZ 7473,Hyundai i20,3.9,5
DRV0276,Adya Ghosh,+914291858887,MH20 HS 1875,Tata Nexon,4.0,8
DRV0277,Arya Naidu,06318950975,MH37 HN 0564,Tata Nexon,4.2,19
DRV0278,Bhanumati Ratta,05916145899,MH1 YW 9453,Toyota Innova,4.3,15
DRV0279,Chanakya Varkey,01557507177,MH8 RF 9610,Swift Dzire,4.8,7
DRV0280,Varenya Barman,2224779418,MH7 WW 0535,Tata Nexon,4.0,12
DRV0281,Adya Chahal,+919818952199,MH36 DX 5927,WagonR,4.5,1
DRV0282,Leena Setty,06594697639,MH10 KU 5976,Mahindra XUV700,4.2,5
DRV0283,Zehaan Rattan,7469472893,MH9 NO 8653,Swift Dzire,3.7,2
DRV0284,Michael Dixit,03559959517,MH1 QS 9135,Hyundai Creta,3.9,10
DRV0285,Jeevika Gill,+914732025863,MH19 QA 3691,Maruti Ertiga,4.2,12
DRV0286,Aradhana Kumer,+910916610124,MH24 AH 3347,Kia Seltos,3.8,16
DRV0287,Falan Maharaj,9270842671,MH34 UI 2614,Toyota Innova,3.6,3
DRV0288,Frederick Chaudry,8178074767,MH37 ST 7744,WagonR,4.0,10
DRV0289,Nisha Dhar,6718283433,MH21 WO 9610,Tata Nexon,4.0,13
DRV0290,Vrishti Bumb,05959433201,MH40 CT 2121,Honda City,4.2,17
DRV0291,Tara Brahmbhatt,+918345693826,MH34 VX 6821,Mahindra XUV700,4.5,4
DRV0292,Ranveer Gopal,7330515256,MH45 TT 0511,Hyundai i20,4.6,5
DRV0293,Aryan Munshi,01941829790,MH48 BY 0272,Swift Dzire,3.6,6
DRV0294,Tanmayi Majumdar,06010478741,MH41 GI 1031,Kia Seltos,4.9,7
DRV0295,Jalsa Saraf,00228777158,MH19 BS 7522,Toyota Innova,3.6,4
DRV0296,Falan Chawla,8653864240,MH34 SL 6578,Tata Nexon,3.7,3
DRV0297,Manya Agarwal,04878533479,MH4 AL 7035,Hyundai Creta,4.2,19
DRV0298,Anvi Dutt,3697752386,MH45 RB 5881,Hyundai i20,4.0,2
DRV0299,Xalak Mahajan,05551372928,MH14 KE 7882,Tata Nexon,5.0,1
DRV0300,Logan Oza,3813045352,MH18 AS 6216,WagonR,4.4,12
DRV0301,Varenya Kashyap,05036574814,MH46 LC 0812,Hyundai i20,4.7,20
DRV0302,Jairaj More,01581362542,MH44 LE 3150,Swift Dzire,5.0,11
DRV0303,Fiyaz Joshi,6069773265,MH38 NO 3471,Tata Nexon,4.3,2
DRV0304,Rehaan Bath,+918575531749,MH47 RJ 8095,Mahindra XUV700,4.9,16
DRV0305,Robert Pall,+913622723524,MH1 YA 1412,Swift Dzire,3.8,9
DRV0306,Avni Shetty,03708142648,MH32 OH 0776,Swift Dzire,4.2,8
DRV0307,Girish Kalita,4316357433,MH30 PT 7521,Toyota Innova,3.8,9
DRV0308,Samar Mangat,9067095490,MH32 JX 4200,Hyundai i20,4.1,4
DRV0309,Manya Tiwari,04329125299,MH11 EQ 1346,Toyota Innova,4.7,13
DRV0310,Fariq Bains,06136176896,MH43 NT 1486,Mahindra XUV700,4.1,15
DRV0311,Ekiya Divan,08283831890,MH45 XP 7839,WagonR,4.9,5
DRV0312,Jackson Dayal,9456611264,MH40 DQ 6649,Hyundai i20,4.6,19
DRV0313,Nidra Behl,8899921083,MH27 LV 0172,Maruti Ertiga,4.5,4
DRV0314,Qarin Mand,05678842112,MH27 UN 5907,Hyundai Creta,4.7,4
DRV0315,Joshua Krishnamurthy,09917885639,MH31 IW 2390,Mahindra XUV700,4.4,2
DRV0316,Turvi Kar,8435308581,MH46 ZM 8131,Kia Seltos,4.5,1
DRV0317,Matthew Bala,07050638864,MH46 NS 7252,Tata Nexon,4.0,3
DRV0318,Shivani Majumdar,06585520970,MH17 KJ 0108,Mahindra XUV700,3.8,14
DRV0319,Osha Sandal,06404649084,MH1 MN 5905,Kia Seltos,4.4,3
DRV0320,Ishwar Chaudhari,6743428276,MH24 XY 0586,Hyundai i20,4.2,3
DRV0321,Anjali Barad,+914455655712,MH17 JO 5403,Kia Seltos,3.9,7
DRV0322,Samarth Sridhar,8093253222,MH6 YZ 0345,Kia Seltos,4.1,2
DRV0323,Elijah Bhattacharyya,+910455362850,MH28 GN 8804,Tata Nexon,4.3,19
DRV0324,Baghyawati Chokshi,+917295502555,MH33 GJ 5685,Mahindra XUV700,5.0,11
DRV0325,Ladli Sura,0228215788,MH10 JJ 6333,Honda City,4.6,17
DRV0326,Rayaan Date,+916171383052,MH20 XR 8199,Kia Seltos,3.6,20
DRV0327,Harinakshi Mani,+914142774455,MH5 GE 0514,Toyota Innova,3.6,18
DRV0328,Geetika Luthra,1829239392,MH40 EP 4974,Kia Seltos,4.4,15
DRV0329,Warjas Ramaswamy,03648059462,MH2 DM 5656,Kia Seltos,4.3,12
DRV0330,Chandani Dalal,03439525864,MH2 GM 6472,Tata Nexon,4.6,15
DRV0331,Teerth Naik,+915876964355,MH1 CE 3489,Hyundai Creta,4.9,18
DRV0332,Onveer Sagar,4072733807,MH47 TK 2330,Mahindra XUV700,3.8,8
DRV0333,Tristan Savant,03753086057,MH42 XG 0887,Hyundai i20,4.8,10
DRV0334,Advika Kuruvilla,0331588790,MH28 SS 7153,Tata Nexon,4.9,6
DRV0335,Kabir Talwar,2879420097,MH1 UJ 3359,Hyundai Creta,4.2,18
DRV0336,Ikshita Pingle,0682821558,MH13 PG 5138,Hyundai Creta,3.7,5
DRV0337,Dhriti Sani,7799601760,MH39 DP 3920,Kia Seltos,4.1,16
DRV0338,Benjamin Kakar,0579349317,MH30 VT 7034,WagonR,4.5,14
DRV0339,Veda Jayaraman,6139384084,MH3 OV 6801,Honda City,3.6,12
DRV0340,Advik Khalsa,+919101628943,MH18 WO 7709,Mahindra XUV700,3.9,12
DRV0341,Yashasvi Bedi,1816004886,MH22 UQ 9273,WagonR,4.5,18
DRV0342,Ojasvi Singh,+913909190064,MH43 VR 7910,Swift Dzire,4.9,14
DRV0343,Rachana Dash,7876498412,MH26 ZR 2184,Maruti Ertiga,4.2,12
DRV0344,Amara Sridhar,03335837974,MH3 JC 0510,Kia Seltos,4.5,20
DRV0345,Barkha Goel,6383727852,MH47 XL 5855,Mahindra XUV700,4.3,18
DRV0346,Varsha Sanghvi,+919889995061,MH1 DF 3814,Hyundai i20,3.9,16
DRV0347,Girindra Sama,6586860692,MH41 AI 7168,Kia Seltos,5.0,16
DRV0348,Krish Kala,7667085444,MH42 FN 5331,Hyundai Creta,3.9,15
DRV0349,Gaurika Toor,8566102502,MH38 EZ 6663,Hyundai Creta,4.3,4
DRV0350,Vasudha Chatterjee,2103418473,MH20 GM 3780,Hyundai i20,4.9,13
DRV0351,Janani Keer,+915850066823,MH29 YC 3580,Kia Seltos,4.0,18
DRV0352,Gauri Saxena,8220393821,MH3 CI 1869,Hyundai Creta,4.1,20
DRV0353,Avni Nigam,+919093841836,MH14 OJ 7982,Hyundai Creta,4.9,13
DRV0354,Charles Singh,4560463175,MH3 FQ 7807,Swift Dzire,4.8,10
DRV0355,Chakrika Mahajan,06365649583,MH37 IO 8106,Honda City,4.0,9
DRV0356,Lipika Raghavan,03427307127,MH21 QV 6807,Honda City,4.8,1
DRV0357,Dhriti Jayaraman,04247712759,MH15 QQ 5276,Mahindra XUV700,4.0,5
DRV0358,Kritika Samra,+917706813629,MH50 ME 9848,Swift Dzire,4.4,4
DRV0359,Zansi Nanda,7042969324,MH8 KG 4715,Maruti Ertiga,4.5,11
DRV0360,Januja Gopal,05148032864,MH49 JA 5426,Swift Dzire,4.9,5
DRV0361,Dalaja Krishnan,+916204021044,MH10 UB 2356,Hyundai i20,4.5,19
DRV0362,Lucky Patla,00573220688,MH34 IF 4392,Swift Dzire,4.5,15
DRV0363,Manthan Mani,+911974932792,MH29 II 7747,Hyundai Creta,3.9,1
DRV0364,Naksh Choudhry,07709888716,MH2 FQ 3676,Maruti Ertiga,4.3,3
DRV0365,Sai Lalla,+914941553985,MH44 FJ 8066,Mahindra XUV700,4.0,6
DRV0366,Kabir Ramanathan,5262782975,MH15 CR 3959,Tata Nexon,4.5,5
DRV0367,Ishwar Chopra,7445630350,MH24 QE 3465,Maruti Ertiga,3.7,6
DRV0368,Vasana Gopal,9991859224,MH39 TP 1477,WagonR,4.0,4
DRV0369,Robert Sheth,04163657792,MH34 VW 4408,Mahindra XUV700,4.7,13
DRV0370,Neha Mangat,+919748225969,MH35 ZE 4601,Hyundai i20,4.5,18
DRV0371,Laban Patel,3168920148,MH35 EI 3873,Maruti Ertiga,3.6,9
DRV0372,Anay Chad,06398274489,MH18 KU 6091,Hyundai Creta,4.5,3
DRV0373,Anvi Lal,+914698269746,MH36 GI 7866,Mahindra XUV700,4.3,3
DRV0374,Ishaan Deshpande,01567494871,MH19 CC 2470,Mahindra XUV700,3.5,11
DRV0375,Quincy Golla,0739603819,MH24 BN 1931,Honda City,4.1,8
DRV0376,Manthan Saini,8516512441,MH16 DQ 9783,Mahindra XUV700,4.1,18
DRV0377,Matthew Garg,+912124313520,MH6 YR 2988,Hyundai Creta,4.9,13
DRV0378,Zinal Parmar,02765495427,MH34 SJ 1347,Hyundai Creta,4.4,11
DRV0379,Neelima Khalsa,+911200489360,MH9 EN 8312,Kia Seltos,4.8,7
DRV0380,Christopher Raj,+916206688500,MH32 XP 3167,Swift Dzire,3.9,6
DRV0381,Ekaraj Aggarwal,1302805437,MH5 ND 5771,Hyundai i20,4.3,5
DRV0382,Pavani Panchal,06906420754,MH33 PR 9770,Toyota Innova,4.6,8
DRV0383,Ayaan Sahota,+916343702394,MH19 ZO 7947,WagonR,4.3,5
DRV0384,Kai Devan,5294353958,MH4 IL 7805,Swift Dzire,3.8,5
DRV0385,Harshil Anne,04678278741,MH50 DK 7709,Toyota Innova,3.6,17
DRV0386,Sanya Deo,1755242483,MH3 XT 8015,WagonR,4.5,1
DRV0387,Ekaja Ram,04613657362,MH13 AF 9407,Mahindra XUV700,4.2,13
DRV0388,Aayush Verma,1270967467,MH18 HK 7063,Maruti Ertiga,4.9,4
DRV0389,Leela Dube,+915373988051,MH14 LT 2562,Toyota Innova,4.4,9
DRV0390,Nakul Gara,4397662160,MH31 ZM 3487,Mahindra XUV700,4.4,7
DRV0391,Vrishti Srivastava,8276586514,MH37 OU 6382,WagonR,4.2,18
DRV0392,Xalak Merchant,7366582675,MH21 YG 3678,WagonR,4.3,20
DRV0393,Vyanjana Loke,5339549486,MH30 BR 2802,Hyundai Creta,4.4,15
DRV0394,Girish Bala,2222776108,MH34 SP 5484,Tata Nexon,4.7,16
DRV0395,Barkha Rastogi,8674084693,MH47 HN 4493,WagonR,4.3,14
DRV0396,Eiravati Krishnamurthy,4136208191,MH35 MY 8744,Honda City,4.5,18
DRV0397,Reva Tata,3089037718,MH3 QR 4942,Swift Dzire,4.8,13
DRV0398,Gaurav Rai,04226330122,MH12 WX 0563,Kia Seltos,3.6,13
DRV0399,Chandresh Sagar,+916378877322,MH9 QY 4860,Honda City,4.3,20
DRV0400,Dalbir Ravel,2746430720,MH3 ID 6558,Kia Seltos,3.9,19
DRV0401,Tanveer Borra,8542040034,MH4 PB 4222,Toyota Innova,4.5,14
DRV0402,Jyoti Savant,+913669255055,MH6 II 1593,Tata Nexon,4.3,3
DRV0403,Wridesh Mistry,1554686628,MH10 JB 6479,Kia Seltos,4.7,15
DRV0404,Vrishti Luthra,+913092361151,MH45 LH 5024,Swift Dzire,3.7,18
DRV0405,Lekha Kuruvilla,03124490645,MH40 KV 7747,Tata Nexon,4.9,7
DRV0406,Xalak Dube,+915760957908,MH7 LE 0817,Hyundai i20,4.3,3
DRV0407,Urmi Rajan,+916801008451,MH5 KV 5657,Tata Nexon,4.5,17
DRV0408,Jeet Bala,6836910317,MH24 YC 1615,Honda City,3.7,7
DRV0409,Omisha Kashyap,+913052653460,MH3 GR 7870,Kia Seltos,3.8,3
DRV0410,Sara Desai,03069947756,MH37 BL 9497,Tata Nexon,4.8,1
DRV0411,Hema Kohli,8127072234,MH29 NA 1272,Toyota Innova,4.9,4
DRV0412,Daniel Anand,+911416513914,MH37 MC 9300,Tata Nexon,4.1,15
DRV0413,Odika Borra,+912625255636,MH20 MR 2154,Honda City,4.0,11
DRV0414,Faras Sachdeva,6209863736,MH45 AJ 1167,Swift Dzire,4.1,7
DRV0415,Qadim Prabhu,8239720805,MH40 EH 5594,Honda City,4.6,10
DRV0416,Nikita Muni,4283623594,MH18 BI 8589,Tata Nexon,4.7,19
DRV0417,Ekansh Deep,6495771962,MH4 GJ 8763,WagonR,5.0,6
DRV0418,Aarini Parikh,3797670540,MH21 PH 8386,WagonR,4.7,13
DRV0419,Oviya Shukla,03166955565,MH29 SZ 3689,Hyundai Creta,4.7,1
DRV0420,Daksha Pathak,+913094099642,MH39 KH 9649,WagonR,4.7,17
DRV0421,Praneel Master,+912947451160,MH25 OP 6600,Hyundai i20,4.1,10
DRV0422,Isha Lall,3232280714,MH40 YW 2510,Tata Nexon,4.3,13
DRV0423,Warjas Garde,+915461029260,MH26 GZ 3274,Maruti Ertiga,4.4,20
DRV0424,Abeer Savant,+913863436494,MH1 NQ 2692,WagonR,3.9,7
DRV0425,Gaurav Palan,02247487038,MH39 MM 1065,Tata Nexon,4.0,9
DRV0426,Aryan Pathak,+916645379365,MH39 AA 4904,Honda City,4.8,8
DRV0427,Brijesh Dugar,+915959145089,MH33 OU 9630,Honda City,3.6,14
DRV0428,Ayaan Saxena,9126103883,MH29 EL 1502,Tata Nexon,4.2,19
DRV0429,Yahvi Kari,+918002635328,MH1 YA 6817,Hyundai i20,4.8,17
DRV0430,Lekha Chana,0673939278,MH34 HY 5341,Maruti Ertiga,4.0,2
DRV0431,Zaid Narang,5060122924,MH15 BQ 6762,WagonR,4.1,11
DRV0432,Xavier Singhal,+913312701920,MH42 MK 2455,WagonR,4.5,1
DRV0433,Lavanya Goyal,02057361523,MH31 TK 6769,Kia Seltos,4.0,11
DRV0434,Orinder Balan,+913102583685,MH13 UA 0260,WagonR,3.9,16
DRV0435,Onveer Chaudhary,5151766300,MH23 FE 6423,Mahindra XUV700,4.0,15
DRV0436,Umang Suresh,+918639111905,MH27 ME 4916,Kia Seltos,4.4,13
DRV0437,Anika Borah,+916136416191,MH21 OY 3675,WagonR,5.0,19
DRV0438,Abha Vaidya,03612102088,MH43 LG 4679,WagonR,3.8,20
DRV0439,Zayan Dyal,05070402082,MH10 DT 7112,Kia Seltos,4.4,5
DRV0440,Aarav Gandhi,+911906708199,MH21 XD 8917,Kia Seltos,4.5,7
DRV0441,Chatura Dhawan,05200051167,MH3 IL 7099,Hyundai i20,4.0,7
DRV0442,Girish Nayak,07509538178,MH1 YL 6129,Tata Nexon,4.2,7
DRV0443,Chaitanya Sule,7792274156,MH17 BL 4728,Maruti Ertiga,4.0,9
DRV0444,Sanya Srinivasan,9459387689,MH42 ZJ 3648,Maruti Ertiga,4.6,11
DRV0445,Chakradev Gandhi,7673162614,MH17 MZ 6177,Hyundai Creta,4.1,20
DRV0446,Veer Sane,4402264072,MH21 KG 9518,Tata Nexon,4.3,6
DRV0447,Yuvraj Bhat,9978034211,MH47 WG 3189,Honda City,4.3,10
DRV0448,Daniel Char,9234696432,MH25 QU 2667,Hyundai i20,3.5,17
DRV0449,Ucchal Nadig,01577642265,MH5 FG 9147,Tata Nexon,4.0,19
DRV0450,Chaaya Mandal,+910400654921,MH49 IC 8131,Kia Seltos,4.2,5
DRV0451,Jatin Jhaveri,02234076345,MH39 BZ 1758,Toyota Innova,5.0,2
DRV0452,Janaki Swaminathan,04542669957,MH34 HV 1634,WagonR,4.7,4
DRV0453,Darika Chowdhury,+911243960401,MH16 FV 1752,WagonR,3.9,12
DRV0454,Jyoti Loke,00635886366,MH38 WY 3993,Honda City,4.6,6
DRV0455,Dalaja Pau,2256202519,MH5 GE 0514,WagonR,4.3,15
DRV0456,Zaitra Chana,2741972919,MH49 RA 2769,Tata Nexon,4.1,6
DRV0457,Christopher Dhingra,+914001170479,MH37 LG 9243,Hyundai i20,4.5,18
DRV0458,Aarnav Kashyap,+919858130558,MH42 AG 7787,Toyota Innova,3.6,11
DRV0459,Upma Sibal,9274472139,MH11 HL 4732,Maruti Ertiga,3.9,15
DRV0460,Hamsini Khanna,01760793373,MH35 XZ 8479,Kia Seltos,4.6,18
DRV0461,Isaac D’Alia,00193139342,MH28 PC 9821,Mahindra XUV700,3.7,20
DRV0462,Ekiya Nori,0867370021,MH36 OE 7961,Honda City,4.2,13
DRV0463,Gagan Comar,+913733589085,MH22 FY 4396,Toyota Innova,3.7,20
DRV0464,Chaman Misra,09230111709,MH45 LN 1186,Hyundai Creta,4.8,16
DRV0465,Tamanna Srivastava,+918809604348,MH9 EO 4364,Kia Seltos,4.3,4
DRV0466,Indrajit Raj,04754960207,MH2 HY 4661,Hyundai Creta,4.9,14
DRV0467,Hemal Dasgupta,4264386892,MH19 FK 7640,Kia Seltos,4.5,13
DRV0468,Praneel Patel,2644603045,MH1 PO 8308,Toyota Innova,3.9,12
DRV0469,Laban Sastry,+914998535756,MH14 SG 8141,Swift Dzire,4.4,15
DRV0470,Jai Solanki,+919521874247,MH19 WE 9509,Hyundai Creta,3.9,2
DRV0471,Nikita Mandal,07582591713,MH9 GJ 5207,Honda City,4.4,17
DRV0472,Adya Kakar,7121641305,MH18 EQ 6183,Swift Dzire,4.3,5
DRV0473,Advaith Krish,07926785043,MH23 SA 5716,Maruti Ertiga,3.9,9
DRV0474,Fiyaz Sankaran,2561574028,MH45 HT 4757,Swift Dzire,3.8,10
DRV0475,Vedika Bail,1273998685,MH3 QT 1794,Kia Seltos,3.7,5
DRV0476,Hemal Batra,4728926986,MH12 DH 6600,Toyota Innova,4.6,17
DRV0477,Jagvi Dasgupta,+915310445774,MH29 EL 1502,Tata Nexon,3.9,17
DRV0478,Caleb Manda,+913711934844,MH23 HE 1977,WagonR,3.9,15
DRV0479,Raksha Bhagat,+918101977189,MH4 OS 1949,Honda City,4.9,10
DRV0480,Dayamai Bedi,9208592672,MH9 XR 0462,Toyota Innova,4.4,6
DRV0481,Viraj Rao,02873162899,MH26 LB 3260,Toyota Innova,5.0,4
DRV0482,Krisha Bala,7165580935,MH9 GU 9319,Swift Dzire,4.1,7
DRV0483,Vansha Kalita,8434391572,MH46 UU 4684,Kia Seltos,3.5,17
DRV0484,Avni Mall,9547104109,MH34 VX 6821,Toyota Innova,3.5,2
DRV0485,Tanveer Misra,+916476287729,MH9 DU 0904,Honda City,4.3,1
DRV0486,Indali Nigam,01902478761,MH40 LK 8597,Kia Seltos,4.8,20
DRV0487,Liam Dhingra,9063838782,MH22 ZA 5871,Kia Seltos,4.0,15
DRV0488,Nachiket Mandal,1641045779,MH17 MV 9471,Honda City,3.9,2
DRV0489,Balvan Pandya,08604086426,MH32 HE 2648,Hyundai i20,4.7,16
DRV0490,Max Karnik,07554872368,MH39 FX 3223,Hyundai i20,4.7,8
DRV0491,Alexander Subramaniam,+916628746330,MH1 XJ 2268,Honda City,4.6,9
DRV0492,Yashodhara Baral,7695044707,MH8 YA 3535,Kia Seltos,3.9,9
DRV0493,Chandran Nagar,2173075025,MH35 WG 1251,Tata Nexon,3.8,14
DRV0494,Advika Sankar,+914036782676,MH21 YD 9895,Swift Dzire,4.0,11
DRV0495,Lajita Prabhakar,05603288008,MH10 MA 4118,WagonR,3.9,3
DRV0496,Fiyaz Deo,09036649715,MH25 US 9816,Kia Seltos,4.6,6
DRV0497,Arya Rau,+910263132761,MH39 PN 7039,Honda City,5.0,4
DRV0498,Chatresh Wali,+913383293507,MH48 LF 1982,WagonR,3.7,14
DRV0499,Saumya Dugar,00313549233,MH25 YO 3394,Hyundai i20,5.0,1
DRV0500,Ojasvi Acharya,+916247629463,MH17 GW 5586,Tata Nexon,4.5,1
DRV0501,Yadavi Kata,+910878505150,MH5 KX 9644,Honda City,3.8,20
DRV0502,Brijesh Dora,8862652166,MH28 TC 6552,Maruti Ertiga,3.6,20
DRV0503,Yauvani Natarajan,+911092645555,MH5 JZ 5844,WagonR,4.5,18
DRV0504,Wazir Doshi,07508533209,MH26 CO 3890,Tata Nexon,3.8,4
DRV0505,Amol Rout,+918910073991,MH16 NC 9259,Tata Nexon,3.8,10
DRV0506,Dalaja Bobal,+918695059333,MH7 EF 7140,Hyundai Creta,3.6,10
DRV0507,Isaac Panchal,9561576761,MH3 JT 9579,Maruti Ertiga,4.4,8
DRV0508,Lila Yogi,+910820876764,MH19 GZ 8698,Swift Dzire,4.9,5
DRV0509,Falan Balakrishnan,8992823778,MH11 YG 0131,Maruti Ertiga,3.8,7
DRV0510,Zashil Doshi,7900386924,MH50 JK 9711,Hyundai i20,4.6,19
DRV0511,Oeshi Patel,0246889617,MH13 GL 9574,Hyundai Creta,4.9,1
DRV0512,David Mannan,+919370750914,MH6 XG 9006,Toyota Innova,3.9,19
DRV0513,Meera Comar,8055085600,MH10 UU 7056,Swift Dzire,4.6,11
DRV0514,Indali Vaidya,05967558226,MH26 RE 9373,WagonR,3.9,18
DRV0515,Mason Raghavan,00808896786,MH48 SU 7252,Swift Dzire,3.8,1
DRV0516,Aarav Varughese,04120994589,MH43 LK 6808,Tata Nexon,3.9,20
DRV0517,Omaja Ramachandran,06005166830,MH6 CJ 0652,Maruti Ertiga,4.9,4
DRV0518,Sara Hans,+915099357107,MH17 WZ 0143,Toyota Innova,4.6,3
DRV0519,Barkha Minhas,+916297156285,MH10 SJ 2950,Maruti Ertiga,4.5,3
DRV0520,Matthew Oommen,8226082995,MH12 NY 3528,Maruti Ertiga,3.7,9
DRV0521,Priya Bandi,7094197239,MH14 RT 1222,Hyundai i20,4.4,4
DRV0522,Maya Suresh,03504454334,MH7 XD 1520,WagonR,4.2,8
DRV0523,Xalak Anne,3018491236,MH17 FR 3997,WagonR,4.2,18
DRV0524,Sanya Narula,0704493999,MH14 RT 1222,Tata Nexon,4.7,11
DRV0525,Ekiya Pai,+919002290517,MH13 IJ 8687,Mahindra XUV700,3.9,5
DRV0526,Kashish Devan,09316203593,MH21 EO 6527,Hyundai Creta,4.0,9
DRV0527,Kiaan Sundaram,5690649804,MH10 MV 2991,Mahindra XUV700,3.8,10
DRV0528,Samarth Jaggi,08634697476,MH7 US 7702,Hyundai Creta,4.4,15
DRV0529,Waida Bassi,6637168563,MH9 GE 5093,Mahindra XUV700,4.1,11
DRV0530,Rudra Jhaveri,+914021804143,MH16 IA 3019,WagonR,3.8,7
DRV0531,Reyansh Palla,02467000545,MH21 XR 5359,Maruti Ertiga,4.8,4
DRV0532,Jagat Khatri,06940551839,MH16 MB 5959,Toyota Innova,4.5,15
DRV0533,Sanya Mani,2859416877,MH45 PN 2740,Tata Nexon,4.8,12
DRV0534,Vincent Ramachandran,+916983883342,MH32 MQ 0474,Honda City,3.8,16
DRV0535,Champak Sarna,3971770829,MH41 JC 0502,WagonR,4.9,19
DRV0536,Libni Kata,+912335758883,MH47 ZT 8611,Swift Dzire,4.9,16
DRV0537,Nathan Rastogi,+916421116080,MH2 KY 0017,Mahindra XUV700,4.1,11
DRV0538,Yauvani Ratti,9036140007,MH48 IY 2859,Honda City,4.8,12
DRV0539,Praneel Samra,05950656407,MH37 SV 4231,WagonR,4.3,9
DRV0540,Faris Zacharia,8006197921,MH6 XZ 9745,WagonR,4.3,13
DRV0541,Deepa Wali,0072258413,MH22 LE 0973,Hyundai i20,5.0,16
DRV0542,Ekalinga Choudhry,+918736572554,MH24 RZ 6623,Mahindra XUV700,4.0,10
DRV0543,Rehaan Choudhary,+915265919775,MH31 PV 6315,Hyundai i20,4.5,4
DRV0544,Shaurya Bose,+914858672500,MH21 EA 8141,Hyundai Creta,3.9,19
DRV0545,Eesha Bhavsar,09315823320,MH23 GS 7961,Hyundai Creta,3.8,3
DRV0546,Dayita Ghosh,+916001815297,MH33 FY 6539,Mahindra XUV700,3.9,6
DRV0547,Balendra Agate,+912707298025,MH39 VL 8448,Toyota Innova,4.4,14
DRV0548,Gaurav Pingle,06231548476,MH44 XD 3017,Mahindra XUV700,3.5,4
DRV0549,Pavani Johal,1814789902,MH50 JC 2087,Toyota Innova,3.7,8
DRV0550,Dakshesh Tara,05476034488,MH15 BF 7083,Kia Seltos,3.7,16
DRV0551,Shravya Bath,00661231012,MH26 KW 5931,Maruti Ertiga,4.5,3
DRV0552,Manthan Sibal,08073229741,MH31 ZV 8944,Toyota Innova,4.9,5
DRV0553,Hitesh Atwal,+912156083011,MH5 QR 1859,Swift Dzire,3.9,13
DRV0554,Tanish Vora,+910655408057,MH43 EK 2809,Honda City,4.5,14
DRV0555,Indrajit Sahni,5521927848,MH36 MI 2207,Hyundai i20,4.1,3
DRV0556,Aishani Merchant,7457835749,MH7 ZV 4152,Tata Nexon,4.9,7
DRV0557,Anamika Kadakia,02796999677,MH1 BK 5624,WagonR,4.4,10
DRV0558,Turvi Palla,04306264928,MH45 TP 6705,Kia Seltos,4.4,1
DRV0559,Gabriel Boase,01905563904,MH44 FO 3809,Kia Seltos,3.9,10
DRV0560,Yadavi Behl,6337748566,MH35 AY 7550,Honda City,4.4,9
DRV0561,Udarsh Gala,8860708064,MH11 BT 5741,Tata Nexon,4.0,18
DRV0562,Vansha Misra,3568420590,MH13 ZU 3526,Tata Nexon,4.7,7
DRV0563,Triya Ratta,+916616829438,MH23 SR 8370,Hyundai Creta,4.8,16
DRV0564,Arjun Deol,+918370143986,MH46 QK 7213,Honda City,4.8,2
DRV0565,Ubika Goda,0347784578,MH43 PX 3638,WagonR,4.6,8
DRV0566,Aarnav Sathe,+912432480479,MH14 NC 9210,Swift Dzire,4.6,15
DRV0567,Lucky Sharma,08730178302,MH5 AD 2537,Mahindra XUV700,3.6,7
DRV0568,Harish Bhagat,06544461797,MH27 DC 2579,Swift Dzire,4.8,5
DRV0569,Aryan Savant,09037575980,MH11 SS 8696,Hyundai i20,4.1,11
DRV0570,Yatin Dara,02013377194,MH48 OC 9974,Tata Nexon,3.5,1
DRV0571,Janani Dora,2225100851,MH32 ZB 5321,Honda City,4.4,12
DRV0572,Gautami Ramachandran,3036282794,MH49 PD 0538,Toyota Innova,4.6,16
DRV0573,Hemang Mital,03637941286,MH12 UW 6196,Hyundai i20,3.8,9
DRV0574,Mason De,07843781838,MH46 PY 8065,Honda City,4.0,4
DRV0575,Robert Rana,+911687942009,MH24 CB 9535,Hyundai Creta,3.7,2
DRV0576,Frederick Sant,1900060086,MH18 ZT 8544,Swift Dzire,4.6,10
DRV0577,Leela Patla,+919740584209,MH27 OT 3675,Hyundai Creta,4.1,17
DRV0578,Atharv Chowdhury,+918893769731,MH25 RS 8626,Hyundai Creta,4.2,3
DRV0579,Falan Mander,+919101941169,MH12 LZ 8962,Maruti Ertiga,4.9,3
DRV0580,Vivaan Ahuja,8967289867,MH18 KL 2069,Hyundai i20,4.7,3
DRV0581,Adweta Sankaran,03209787502,MH41 EP 1339,Hyundai Creta,3.9,3
DRV0582,Onveer Das,4019566620,MH28 II 5208,Toyota Innova,4.8,20
DRV0583,Libni Sur,+915833517935,MH37 LQ 3620,Maruti Ertiga,3.7,11
DRV0584,Kavya Pandit,8024202990,MH38 KE 2513,Kia Seltos,3.7,17
DRV0585,Ekiya Sabharwal,08734390705,MH39 NZ 0232,Hyundai i20,4.3,18
DRV0586,Neel Sengupta,+919369325950,MH7 AL 0683,Mahindra XUV700,4.1,15
DRV0587,Charita Shah,08292583153,MH23 MC 6241,Hyundai Creta,4.7,7
DRV0588,Krishna Sunder,4562907785,MH36 GE 9028,Mahindra XUV700,4.2,19
DRV0589,Aditya Mall,03856966282,MH37 QC 1654,Kia Seltos,4.3,19
DRV0590,Yashasvi Bora,3233908899,MH27 EO 7259,WagonR,4.0,20
DRV0591,Ekanta Bora,09484414453,MH3 CI 1869,Maruti Ertiga,4.8,19
DRV0592,Pallavi Balasubramanian,+918100298334,MH48 SU 7252,Maruti Ertiga,3.6,19
DRV0593,Yug Kaul,2459362787,MH5 HP 5331,Tata Nexon,3.6,3
DRV0594,Irya Kibe,2815858801,MH29 AF 3518,Kia Seltos,4.9,6
DRV0595,Sai Deol,3064489290,MH19 LF 4516,Swift Dzire,3.9,13
DRV0596,Ekantika Chhabra,+916536158430,MH37 XF 3152,Maruti Ertiga,4.6,7
DRV0597,Lopa Nagy,6281855991,MH23 ZJ 5428,Tata Nexon,3.7,12
DRV0598,Aayush Yadav,5155639430,MH29 HP 0919,Kia Seltos,4.1,17
DRV0599,Gauri Bava,09132723555,MH34 ZC 9661,Honda City,4.5,4
DRV0600,Gauri Khurana,8667753301,MH10 OH 3776,WagonR,3.9,19
DRV0601,Chatura Mutti,1148690970,MH37 XF 3152,Maruti Ertiga,3.9,7
DRV0602,Neha Buch,06169813406,MH34 QK 8560,Mahindra XUV700,4.4,1
DRV0603,Radhika Shukla,+916964412822,MH35 PB 0983,Hyundai Creta,4.8,11
DRV0604,Hardik D’Alia,+916724930079,MH10 LN 0197,Mahindra XUV700,4.6,14
DRV0605,Agastya Kale,+911344710449,MH29 EI 1876,Tata Nexon,4.5,8
DRV0606,Daniel Bir,6902694992,MH24 UW 1223,Tata Nexon,3.8,7
DRV0607,Theodore Sharma,05112355348,MH19 UD 7757,Swift Dzire,3.6,5
DRV0608,Rajeshri Venkataraman,+916850464449,MH48 VF 6426,Hyundai i20,5.0,12
DRV0609,Bhanumati Narain,09042661408,MH44 JI 5854,Hyundai Creta,4.0,6
DRV0610,Hema Bhatia,+916156804734,MH39 CI 0453,Hyundai Creta,5.0,2
DRV0611,Orinder Singh,01957642939,MH48 RP 7818,Maruti Ertiga,3.9,19
DRV0612,Gunbir Jain,08892012264,MH10 BI 4759,WagonR,3.5,20
DRV0613,Gavin Maharaj,9937573509,MH33 ZF 6675,Tata Nexon,4.5,14
DRV0614,Wakeeta Kumar,+915058915877,MH13 MH 5439,Maruti Ertiga,4.3,17
DRV0615,Samarth Setty,0916909258,MH26 MS 7591,Swift Dzire,4.5,6
DRV0616,Henry Magar,04679203926,MH50 ID 7726,Swift Dzire,4.4,11
DRV0617,Anusha Singh,8361982903,MH47 KD 3747,WagonR,3.7,20
DRV0618,Neha Mammen,+913319159751,MH40 SU 9190,WagonR,3.8,18
DRV0619,Devika Tella,05224933483,MH14 PR 6487,Tata Nexon,4.3,14
DRV0620,Qasim Tank,08966717516,MH3 OU 0050,Maruti Ertiga,4.8,16
DRV0621,Kalpit Sibal,2124919217,MH9 LN 3751,Tata Nexon,4.2,11
DRV0622,Falak Sane,+911152786860,MH46 MI 9012,Hyundai Creta,3.9,11
DRV0623,Qarin Varghese,03829161983,MH49 RA 2769,Kia Seltos,3.8,13
DRV0624,Chavvi Lall,+918735237866,MH26 MO 4465,Toyota Innova,3.7,8
DRV0625,Kiaan Boase,09010438530,MH32 UR 3528,Hyundai i20,4.2,16
DRV0626,Victor Seth,8370750246,MH43 VK 9926,Hyundai i20,4.0,9
DRV0627,Naksh De,7973291525,MH43 VX 9647,Tata Nexon,4.4,15
DRV0628,Yatan Sethi,09634288423,MH10 IR 8493,Hyundai i20,4.3,1
DRV0629,Warinder Agate,+914838261480,MH10 OB 2024,Hyundai i20,3.7,3
DRV0630,Lopa Sehgal,+914887636767,MH25 TG 5398,Tata Nexon,3.7,20
DRV0631,Xiti Chander,+917308095648,MH17 AI 3087,WagonR,3.8,15
DRV0632,Aarini Ravi,04707000219,MH43 PQ 5212,Kia Seltos,4.5,3
DRV0633,Aarna Kaul,3119348867,MH33 ZJ 4423,Honda City,4.7,4
DRV0634,Ethan Raval,03671940381,MH36 GC 4034,Toyota Innova,4.6,11
DRV0635,Kamya Kata,8180040157,MH15 WH 6766,Toyota Innova,3.9,20
DRV0636,Advika Sarraf,05096865865,MH41 AI 7168,Kia Seltos,4.6,15
DRV0637,Ikshita Dewan,3532301473,MH34 HA 5945,Hyundai Creta,4.8,13
DRV0638,Bina Mangat,1210422983,MH15 PZ 5199,Hyundai Creta,4.0,10
DRV0639,Diya Wali,+915011216803,MH7 WW 0535,Tata Nexon,4.8,12
DRV0640,Aarnav Khanna,8218183377,MH6 BL 2919,Maruti Ertiga,3.6,2
DRV0641,Sanya Bhattacharyya,02958406277,MH20 RT 6978,Tata Nexon,3.9,4
DRV0642,Gaurav Acharya,6956575014,MH1 CN 0681,WagonR,3.8,15
DRV0643,Tanveer Seth,01097582523,MH13 BI 4510,Swift Dzire,4.9,7
DRV0644,Abhimanyu Mutti,5272990237,MH50 UI 5502,Maruti Ertiga,3.6,13
DRV0645,Quincy Agrawal,1125169999,MH29 VE 4433,Honda City,3.9,16
DRV0646,Aadi Chahal,07236499734,MH19 ZQ 2015,Honda City,5.0,9
DRV0647,William Lalla,4455705574,MH5 KR 0672,Honda City,3.6,17
DRV0648,Falak Sundaram,8643544338,MH14 SI 0668,Hyundai i20,4.3,7
DRV0649,Nihal Venkatesh,07333102480,MH5 UB 2786,Hyundai i20,4.2,5
DRV0650,Chandresh Sundaram,04843389897,MH3 NP 7882,Honda City,3.9,8
DRV0651,Jacob Chanda,00064060261,MH38 SJ 9411,Maruti Ertiga,3.8,10
DRV0652,William Kala,0699552708,MH33 QF 2548,Toyota Innova,4.7,20
DRV0653,Onkar Narula,09159989305,MH23 GJ 5804,Tata Nexon,4.3,19
DRV0654,Bhavini Johal,06278756309,MH49 PI 9088,Hyundai Creta,4.1,5
DRV0655,Jonathan Sabharwal,8257345818,MH27 YH 0390,Toyota Innova,3.9,8
DRV0656,Kabir Tara,6075732227,MH50 MX 4310,Tata Nexon,3.9,16
DRV0657,Sneha Choudhury,08035840186,MH30 ZY 9089,WagonR,3.7,14
DRV0658,Onveer Raj,+913789889735,MH30 TV 8556,Honda City,4.2,12
DRV0659,Jagrati Yogi,6870182763,MH11 SH 9075,Mahindra XUV700,3.7,20
DRV0660,Kamala Sawhney,09707593752,MH12 QO 7148,Kia Seltos,4.3,14
DRV0661,Manya Grover,5091123862,MH7 QY 3211,Honda City,4.3,11
DRV0662,Mahika Chandra,2585024354,MH32 FQ 4130,Tata Nexon,4.6,11
DRV0663,Henry Divan,+912341447107,MH46 ZH 9222,Maruti Ertiga,3.8,17
DRV0664,Pranav Jani,+911010834708,MH21 CH 1777,Kia Seltos,4.2,20
DRV0665,Xiti Gara,2272360668,MH34 VW 4408,Tata Nexon,4.2,11
DRV0666,Balvan Patla,+919394880065,MH11 CB 1546,Toyota Innova,3.6,16
DRV0667,Yashodhara Bal,5313199230,MH25 GR 3588,Honda City,3.7,1
DRV0668,Upasna Sachar,01559201520,MH7 GN 2116,WagonR,4.6,11
DRV0669,Manya Thaker,08952047205,MH17 FE 2052,Maruti Ertiga,4.3,11
DRV0670,Meera Issac,7304105900,MH48 KS 8740,Tata Nexon,4.7,16
DRV0671,Ekaraj Thakur,+914563229202,MH19 FJ 8362,WagonR,3.8,16
DRV0672,Zinal Sanghvi,1884077834,MH36 FP 9781,WagonR,4.7,18
DRV0673,Madhav Kala,+916721567354,MH3 YZ 6463,WagonR,3.8,8
DRV0674,Ojasvi Dave,+913291312973,MH11 VE 0314,Swift Dzire,4.6,9
DRV0675,Neelima Sami,7367634971,MH49 XJ 9098,Hyundai i20,4.4,9
DRV0676,Shivansh Muni,+912278704651,MH48 MC 0846,Swift Dzire,4.8,20
DRV0677,Dev Kumar,08673224908,MH45 KW 1037,Honda City,3.9,16
DRV0678,Gavin Bakshi,+916758477375,MH14 UE 2372,Honda City,4.5,9
DRV0679,Gayathri De,03169618077,MH6 UU 5484,Hyundai i20,3.9,18
DRV0680,Vinaya Aggarwal,1663937612,MH28 XV 8052,Hyundai Creta,4.4,14
DRV0681,Darika Acharya,+913437065051,MH19 MP 1092,Hyundai i20,4.2,15
DRV0682,Yashica Edwin,2410924079,MH23 RG 5957,Tata Nexon,3.9,3
DRV0683,Aachal Malhotra,08040984357,MH1 KI 6903,Hyundai i20,4.6,9
DRV0684,Yutika Mutti,4096246538,MH27 PT 4578,Swift Dzire,4.7,16
DRV0685,Yamini Raj,+915126393796,MH2 YM 7376,Hyundai Creta,4.1,4
DRV0686,Gavin Dalal,6594667430,MH27 KW 6122,Hyundai i20,4.9,18
DRV0687,Anusha Varughese,9411216136,MH7 KS 0463,Hyundai i20,4.3,17
DRV0688,Sathvik Pingle,8877705732,MH41 MT 0554,Kia Seltos,4.5,18
DRV0689,Vinaya Tak,08400753243,MH5 XT 4195,Honda City,4.8,18
DRV0690,Bhavani Bhattacharyya,+914189069919,MH19 LH 4948,Toyota Innova,4.8,17
DRV0691,Ria Gara,+915113658368,MH32 RC 1078,Honda City,4.2,15
DRV0692,Devika Sandal,7298576491,MH13 WJ 5649,Swift Dzire,4.2,14
DRV0693,Aahana Gour,08037985741,MH36 YB 5747,Hyundai i20,4.9,16
DRV0694,Victor Chakrabarti,+919453495496,MH28 TA 3928,Honda City,4.9,3
DRV0695,Hamsini Bir,5309429219,MH22 LJ 0188,Tata Nexon,3.7,10
DRV0696,Maanav Gokhale,5242504073,MH48 NF 2813,Swift Dzire,4.2,9
DRV0697,Azaan Padmanabhan,+911202631996,MH45 TP 6705,Swift Dzire,4.7,7
DRV0698,Ijaya Bandi,08378742072,MH47 FV 4184,WagonR,3.8,19
DRV0699,Girish Rau,06482267553,MH9 DT 1449,Toyota Innova,3.8,11
DRV0700,Amruta Kade,03834002462,MH14 ZS 2657,Tata Nexon,3.9,7
DRV0701,Radha Chad,1032578372,MH13 ZU 3526,Toyota Innova,4.6,1
DRV0702,Ishanvi Thaman,00381920217,MH34 AT 7089,Hyundai i20,4.6,10
DRV0703,Pratyush Kaur,+919559314180,MH26 WR 8608,Kia Seltos,4.9,14
DRV0704,Aryan Borde,1850019260,MH34 DY 0666,Toyota Innova,4.6,5
DRV0705,Maya Panchal,3368067042,MH15 WT 1434,WagonR,4.3,7
DRV0706,Zinal Batta,06131755619,MH50 MH 1114,Hyundai i20,4.0,19
DRV0707,Om Kannan,6145726252,MH50 KN 2471,Kia Seltos,4.7,16
DRV0708,Udyati Bhardwaj,06929133232,MH47 KO 9586,Kia Seltos,4.8,19
DRV0709,Mekhala Krishnamurthy,4445396385,MH39 LK 3857,WagonR,5.0,1
DRV0710,Vanya Bahl,+912664754868,MH20 DP 0588,Mahindra XUV700,4.4,11
DRV0711,Indira Korpal,2933482262,MH22 ZA 5871,Honda City,4.1,12
DRV0712,Arin Nagi,7895744491,MH16 HC 1267,Hyundai Creta,4.9,19
DRV0713,Omaja Parsa,0786429291,MH42 AZ 7150,Hyundai i20,4.6,9
DRV0714,Bhavika Kant,03140156166,MH41 IC 9783,WagonR,3.9,18
DRV0715,Irya Apte,00259369700,MH32 PR 4815,Swift Dzire,3.9,20
DRV0716,Falak Mammen,01143328582,MH3 LN 6143,Maruti Ertiga,3.8,10
DRV0717,Vamakshi Bahl,5440795648,MH14 VU 0729,Hyundai Creta,4.7,11
DRV0718,Forum Singh,2384946981,MH9 VU 9579,Kia Seltos,4.7,15
DRV0719,Arya Bhandari,05600037251,MH28 NK 1156,Swift Dzire,4.9,5
DRV0720,Amaira Bhatti,+911649697946,MH21 LC 4844,Swift Dzire,4.7,17
DRV0721,Samarth Padmanabhan,7437327581,MH16 CR 9999,Kia Seltos,4.5,8
DRV0722,Manya Sule,+914794187468,MH15 YD 0088,Swift Dzire,4.7,7
DRV0723,Janya Dugar,+919636330631,MH19 AK 8647,WagonR,3.5,18
DRV0724,Isha Barad,+915642079806,MH36 JR 7829,Kia Seltos,4.7,13
DRV0725,Rudra Suri,07650160989,MH4 PE 0319,Toyota Innova,5.0,15
DRV0726,Anika Bali,09028862921,MH30 XL 3175,WagonR,4.2,14
DRV0727,Lakshmi Prabhu,1279423527,MH33 NI 7589,Honda City,3.8,4
DRV0728,Vidhi Mohan,+919069899923,MH13 IB 7995,Swift Dzire,4.5,10
DRV0729,Jeremiah Bhatia,7632281179,MH37 RE 0805,Tata Nexon,4.1,2
DRV0730,Omkaar Pal,1241341919,MH48 ZE 2190,WagonR,4.7,7
DRV0731,Eta Upadhyay,04191660074,MH32 PL 0356,Mahindra XUV700,4.2,2
DRV0732,Advik Borde,+919661261887,MH31 IR 8281,WagonR,4.4,12
DRV0733,Tristan Shanker,04944360872,MH8 CP 0395,Kia Seltos,4.5,17
DRV0734,Nachiket Grover,09639854201,MH18 TC 6130,Tata Nexon,3.7,19
DRV0735,Riya Chadha,2099774113,MH1 NX 7730,Hyundai i20,4.7,16
DRV0736,Xiti Chawla,6065929732,MH33 HG 2546,Maruti Ertiga,3.5,7
DRV0737,Rehaan Lata,5105457450,MH9 XR 0462,Hyundai i20,3.8,18
DRV0738,Aayush Iyer,01310916958,MH2 RH 3404,Maruti Ertiga,4.2,20
DRV0739,Vasudha Deshmukh,+912187739563,MH25 PW 3128,WagonR,4.1,19
DRV0740,Devika Nadkarni,9434492589,MH35 OP 2928,Maruti Ertiga,4.0,9
DRV0741,Ikshita Mukhopadhyay,7833297552,MH44 UK 6801,WagonR,4.7,8
DRV0742,Wazir Zacharia,+918045284469,MH36 NJ 9943,WagonR,4.0,1
DRV0743,Michael Prasad,+918882603656,MH26 MO 4465,Hyundai Creta,4.4,7
DRV0744,Ijaya Dar,6127079389,MH7 EY 3526,Toyota Innova,5.0,15
DRV0745,Meera Palan,1144782010,MH50 BU 8187,WagonR,4.4,3
DRV0746,Panini Mannan,+917575769436,MH49 XN 0011,Mahindra XUV700,4.8,15
DRV0747,Om Chaudhry,09065565057,MH30 OO 0598,WagonR,3.9,12
DRV0748,Naveen Parmar,03348265175,MH18 SD 6877,Tata Nexon,4.1,13
DRV0749,Manya Mohanty,7979885912,MH27 MA 2149,Mahindra XUV700,4.2,15
DRV0750,Damini Thaker,4108566965,MH2 AA 3783,Hyundai i20,4.2,11
DRV0751,Chasmum Tara,3372364292,MH3 JV 8527,Honda City,3.8,4
DRV0752,Andrew Sahni,+913037933310,MH23 OR 6027,WagonR,4.2,9
DRV0753,Yashodhara Balay,+912015724428,MH18 NJ 3679,Kia Seltos,4.6,12
DRV0754,Aarush Sachdeva,+910281867133,MH18 RV 6394,WagonR,4.2,6
DRV0755,Advik Arya,+916510486410,MH16 MJ 4242,Mahindra XUV700,3.7,13
DRV0756,Ridhi Joshi,02706036359,MH50 YP 6434,Mahindra XUV700,4.8,16
DRV0757,Vrinda Muni,08867376817,MH16 JS 0940,Swift Dzire,3.9,3
DRV0758,Varsha Kapoor,5595505253,MH38 LB 3545,Hyundai Creta,4.6,13
DRV0759,Ganga Yadav,02084895782,MH10 XE 7790,Hyundai Creta,5.0,9
DRV0760,Zarna Bhandari,0439530704,MH9 BX 3647,WagonR,4.2,15
DRV0761,Frederick Padmanabhan,+917813708785,MH18 WU 5459,Hyundai Creta,4.7,3
DRV0762,Advik Kari,7713145274,MH4 EX 3419,Mahindra XUV700,4.7,6
DRV0763,Chanchal Kibe,7963567012,MH35 VV 7061,Hyundai Creta,4.5,1
DRV0764,Finn Warrior,05183750338,MH20 EE 2177,Honda City,4.2,11
DRV0765,Saumya Kota,+910652188608,MH16 EU 2638,Maruti Ertiga,3.6,18
DRV0766,Aditya Ravi,04042336252,MH13 AF 9407,Toyota Innova,5.0,11
DRV0767,Jyoti Brar,08704946122,MH17 WK 3546,Tata Nexon,4.4,13
DRV0768,Ishani Keer,+912799636571,MH42 VK 3793,Hyundai Creta,3.5,20
DRV0769,Oviya Sarna,+912316915797,MH10 BZ 2773,Tata Nexon,5.0,17
DRV0770,Bishakha Swamy,4020060504,MH31 GX 8205,Honda City,4.2,2
DRV0771,Madhav Dhar,+910741228886,MH16 DE 5389,Toyota Innova,4.3,13
DRV0772,Krishna Sura,2212208182,MH13 PP 3607,Honda City,4.3,2
DRV0773,Chakrika Bhagat,03247930862,MH14 TN 7463,Kia Seltos,3.6,16
DRV0774,Gagan Chopra,1159010881,MH22 ZG 8424,WagonR,3.9,6
DRV0775,Ubika Mukherjee,02949258485,MH16 SV 9169,Mahindra XUV700,3.9,7
DRV0776,Atharv Kashyap,3683481804,MH10 IX 5452,Swift Dzire,4.6,6
DRV0777,Atharv Gulati,04725262681,MH27 TI 2899,Maruti Ertiga,4.0,4
DRV0778,Vansha Deol,7188926282,MH34 RR 9558,Tata Nexon,4.8,19
DRV0779,Warjas Sabharwal,6714182237,MH4 SE 2800,Hyundai i20,4.3,4
DRV0780,Faqid Rout,+917006272509,MH22 SE 6372,Swift Dzire,4.9,6
DRV0781,Gopal Barad,08069499299,MH17 VG 6037,Honda City,4.9,12
DRV0782,Laksh Parikh,+917801227690,MH46 CZ 3426,Maruti Ertiga,4.9,2
DRV0783,Faqid Yadav,+919267631030,MH22 EA 6179,Honda City,4.5,1
DRV0784,Pratyush Nazareth,02783331522,MH39 QF 3373,WagonR,3.9,15
DRV0785,Amaira Sandhu,7945766232,MH12 QU 4359,Maruti Ertiga,4.1,2
DRV0786,Yatan Joshi,+911894657686,MH47 AF 1354,Toyota Innova,4.7,9
DRV0787,Thomas Shukla,+916493603898,MH7 XG 7200,Mahindra XUV700,4.6,2
DRV0788,Jackson Shah,03407159694,MH20 TZ 8760,Toyota Innova,3.6,9
DRV0789,Dhruv Contractor,04147706853,MH23 GJ 5804,Maruti Ertiga,4.7,3
DRV0790,Saanvi Uppal,+915616302533,MH43 PG 0763,Honda City,4.4,19
DRV0791,Ekalinga Ramanathan,2368692064,MH30 FY 2026,Maruti Ertiga,4.0,18
DRV0792,Noah Dash,08760509209,MH38 KR 6025,Kia Seltos,4.9,14
DRV0793,Ladli Natarajan,+911787963049,MH49 YA 4754,Toyota Innova,3.5,18
DRV0794,Ekta Rao,01039699116,MH8 OX 5291,Hyundai i20,4.6,9
DRV0795,Devika Wali,6185169238,MH18 UR 1653,WagonR,4.8,15
DRV0796,Harinakshi Bhandari,6525957984,MH20 ZU 0168,Swift Dzire,3.6,16
DRV0797,Krishna Kara,+913901686912,MH15 QY 5585,Tata Nexon,3.9,4
DRV0798,Girindra Ahluwalia,08359977026,MH15 GI 6209,Maruti Ertiga,4.7,8
DRV0799,Logan Dhillon,+919696734410,MH47 WB 6611,Kia Seltos,5.0,12
DRV0800,Jalsa Samra,8649383135,MH46 OT 6785,Hyundai Creta,3.6,10
DRV0801,Avi Manda,1068441153,MH26 NY 2407,Kia Seltos,3.8,17
DRV0802,Chandran Minhas,+910772779630,MH8 JP 9561,Toyota Innova,4.1,1
DRV0803,Jagrati Malhotra,7489548594,MH5 HK 8460,Swift Dzire,4.6,5
DRV0804,Anita Manda,+916808446985,MH29 OS 4820,WagonR,4.9,7
DRV0805,Chavvi Sant,00606762748,MH9 VY 1916,Hyundai Creta,4.2,11
DRV0806,Nisha Grover,4711673945,MH23 QC 1298,Kia Seltos,4.1,18
DRV0807,Yashasvi Singhal,01835120585,MH3 JA 1182,Hyundai Creta,4.3,20
DRV0808,Gayathri Nadig,1431550140,MH17 AH 4129,Swift Dzire,3.6,2
DRV0809,Harrison Sinha,1839221471,MH16 TE 8753,Toyota Innova,4.6,9
DRV0810,Jagrati Ramakrishnan,4252186643,MH42 HZ 3405,WagonR,4.8,10
DRV0811,Dalbir Jha,9674702795,MH16 GF 9777,Swift Dzire,4.3,20
DRV0812,Wridesh Garg,+916568526926,MH47 AC 5898,WagonR,4.8,13
DRV0813,Upadhriti Mangal,02771034099,MH37 EC 6650,Hyundai i20,4.7,7
DRV0814,Nitesh Toor,7861987140,MH34 JU 6677,Honda City,3.8,19
DRV0815,Shivansh Sankaran,2307699587,MH21 BB 9165,WagonR,4.1,14
DRV0816,Falak Purohit,09882138238,MH7 FB 9688,Maruti Ertiga,4.5,20
DRV0817,Janani Shukla,+911147623858,MH6 AQ 4807,Toyota Innova,5.0,20
DRV0818,Vamakshi Merchant,00010897013,MH17 NS 7616,Mahindra XUV700,4.2,14
DRV0819,Harita Konda,+913929457265,MH14 UQ 4985,Hyundai Creta,4.7,13
DRV0820,Hemani Raj,+912119855295,MH2 IA 7671,Hyundai i20,3.7,9
DRV0821,Kabir Khare,00706819853,MH26 JY 3103,Toyota Innova,3.9,1
DRV0822,Yatin Suri,04945268629,MH8 CK 8741,Hyundai i20,4.5,17
DRV0823,Fitan Bumb,05621593097,MH16 HR 3317,Swift Dzire,4.1,13
DRV0824,Faraj Bhatt,+912192473165,MH41 AB 1679,Toyota Innova,4.3,18
DRV0825,Upasna Mitra,+913117037792,MH15 QQ 5276,Tata Nexon,4.4,15
DRV0826,Pavani Dasgupta,+914467991875,MH15 YP 9846,Mahindra XUV700,3.5,12
DRV0827,Megha Mand,+915826844388,MH33 HS 4448,Swift Dzire,4.1,17
DRV0828,Nidhi Bhat,7709006745,MH35 DV 0744,Kia Seltos,4.2,18
DRV0829,Janaki Khosla,+910122710871,MH8 IA 8436,Hyundai i20,3.8,14
DRV0830,Yashodhara Hans,7135995285,MH38 ZG 3801,Hyundai Creta,3.7,1
DRV0831,Jagrati Buch,+913806166198,MH20 SH 1113,WagonR,4.5,7
DRV0832,Bhanumati Dasgupta,+919813382219,MH10 MD 2641,Mahindra XUV700,5.0,4
DRV0833,Amruta Vyas,1519450459,MH9 JF 8281,Mahindra XUV700,4.7,6
DRV0834,Rachana Rai,00153778672,MH9 RH 2668,Hyundai i20,3.6,19
DRV0835,Advik Gill,+911992807264,MH39 ON 0814,Kia Seltos,4.9,9
DRV0836,Liam Kanda,02015536809,MH26 PS 5974,Tata Nexon,3.6,6
DRV0837,Keya Luthra,9740448827,MH2 EL 9539,Hyundai Creta,4.4,18
DRV0838,Girik Prabhakar,02798170877,MH23 FE 6423,Hyundai Creta,3.9,1
DRV0839,Tanmayi Ratti,+914125923964,MH36 TO 4617,WagonR,5.0,16
DRV0840,Jasmit Sule,+914987706482,MH50 LT 9068,Mahindra XUV700,4.7,19
DRV0841,Raksha Tandon,06359467303,MH1 MH 1394,Hyundai i20,4.2,19
DRV0842,Gaurika Pau,4666436087,MH26 LR 3509,Hyundai i20,3.9,20
DRV0843,Robert Nair,+914038638952,MH37 MC 9300,Toyota Innova,4.5,1
DRV0844,Lopa Sharaf,+917554230224,MH47 JG 3733,Mahindra XUV700,4.1,17
DRV0845,Rajata Rastogi,+911524173954,MH8 LJ 6173,Hyundai i20,4.9,19
DRV0846,Kabir Baral,03929210761,MH36 JO 2939,Tata Nexon,5.0,7
DRV0847,Bachittar Sidhu,03472248911,MH2 YD 5304,WagonR,4.8,2
DRV0848,Indira Manda,04259774796,MH22 RZ 1922,Hyundai i20,4.6,4
DRV0849,Warhi Mann,05303371568,MH19 HA 2924,Tata Nexon,4.3,18
DRV0850,Kala Bhatia,04085082267,MH2 OQ 7923,Toyota Innova,4.6,3
DRV0851,Shivansh Savant,09053028987,MH5 TK 3888,WagonR,3.9,15
DRV0852,Balvan Bhatnagar,+910484301135,MH2 WB 6786,Hyundai Creta,4.4,8
DRV0853,Daksha Comar,+915947716772,MH46 JI 9381,Mahindra XUV700,3.9,18
DRV0854,Tarak Keer,2123362463,MH48 WH 0246,Swift Dzire,4.7,3
DRV0855,Bina Gandhi,+918002858217,MH50 WF 3052,Kia Seltos,3.7,1
DRV0856,Neelima Seth,+917832316183,MH30 UA 9931,Kia Seltos,3.8,15
DRV0857,Adya Prakash,06979898147,MH4 AH 0592,WagonR,4.5,5
DRV0858,Banjeet Walia,00471994921,MH44 IZ 9712,Swift Dzire,4.9,15
DRV0859,Ubika Sibal,8332894117,MH19 CC 2470,Hyundai i20,4.6,2
DRV0860,Samar Batra,03539971433,MH31 ZN 7741,Kia Seltos,4.1,14
DRV0861,Girish Kant,07744894914,MH5 HA 0610,Tata Nexon,4.1,1
DRV0862,Zaid Mishra,5264543610,MH29 OB 3248,Mahindra XUV700,3.5,20
DRV0863,Vyanjana Natarajan,0385659802,MH9 WE 6438,Swift Dzire,4.5,19
DRV0864,Sai Tella,+919350953470,MH5 HZ 9242,Honda City,4.8,19
DRV0865,Yachana Anand,02785478198,MH46 PF 3733,WagonR,3.7,9
DRV0866,Janaki Dutt,1555913725,MH27 WZ 7692,Mahindra XUV700,4.0,10
DRV0867,Hamsini Loyal,7158667468,MH4 HG 6459,Toyota Innova,4.7,3
DRV0868,Onveer Manne,+916722063039,MH10 XD 1423,Honda City,4.4,12
DRV0869,Umang Mann,2376552809,MH34 BQ 8181,Toyota Innova,4.4,5
DRV0870,Chakradev Char,+912483148195,MH27 KQ 2084,WagonR,4.5,5
DRV0871,Dhriti Mitra,6980758370,MH38 ZF 3261,WagonR,4.9,19
DRV0872,Logan Borra,+910853507766,MH9 WF 3763,Maruti Ertiga,3.9,9
DRV0873,Sanaya Dhaliwal,+913229632832,MH15 PY 8056,Hyundai i20,4.0,7
DRV0874,Falan De,+918929056053,MH45 XH 2718,Hyundai Creta,4.9,2
DRV0875,Pallavi Chand,+916749701137,MH41 YL 5664,Tata Nexon,4.0,14
DRV0876,Vedika Gola,+911717493931,MH34 XI 0043,Hyundai Creta,4.9,8
DRV0877,Saksham Parmar,3910108342,MH40 JK 3664,Swift Dzire,4.0,3
DRV0878,Zaid Sampath,04279802274,MH36 MM 6440,Hyundai i20,4.2,17
DRV0879,Yashoda Balakrishnan,9058474260,MH32 BZ 7917,Honda City,3.7,7
DRV0880,Neha Kala,4392095167,MH23 FJ 1175,Mahindra XUV700,3.7,16
DRV0881,Tanveer Shankar,+917263258478,MH23 AV 6483,Honda City,4.1,20
DRV0882,Qarin Golla,+913081738991,MH16 QJ 5516,Hyundai i20,4.2,12
DRV0883,Kevin Manda,+917635953187,MH37 DO 2349,WagonR,3.5,5
DRV0884,Lohit Basak,2221532446,MH7 FB 9688,WagonR,4.0,16
DRV0885,Aishani Dalal,2193652862,MH36 XI 6673,Honda City,4.4,17
DRV0886,Chanchal Munshi,05564042378,MH23 TE 6687,Tata Nexon,4.2,13
DRV0887,Benjamin Chaudhary,9524919615,MH2 TC 2129,WagonR,5.0,13
DRV0888,Warjas Nayak,08348888441,MH34 VB 7525,Hyundai i20,4.6,5
DRV0889,Yatan Keer,07067450153,MH23 HK 6479,Swift Dzire,4.3,1
DRV0890,Neha Tata,+916532032048,MH18 SV 3686,Hyundai Creta,4.9,17
DRV0891,Gaurav Mishra,06538845746,MH23 MB 6467,Maruti Ertiga,3.8,19
DRV0892,Benjamin Nigam,04895550777,MH36 TO 4617,Honda City,3.9,10
DRV0893,Warinder Mitter,+910223195172,MH28 JX 2750,Honda City,3.8,19
DRV0894,Chakrika Baral,01612633212,MH6 YV 8856,Kia Seltos,3.8,18
DRV0895,Ishwar Lalla,00323626910,MH7 AK 2211,Maruti Ertiga,3.5,17
DRV0896,Gunbir Dhawan,8627955055,MH17 RA 1940,Kia Seltos,4.9,4
DRV0897,Anusha Kakar,4413496649,MH9 CZ 9801,Toyota Innova,4.1,17
DRV0898,Chatura Nagy,+910141556730,MH2 UC 5782,WagonR,4.2,15
DRV0899,Charvi Goda,1337981062,MH49 UW 8732,Hyundai i20,3.9,6
DRV0900,Adweta Dani,+918764043707,MH49 FM 0295,Swift Dzire,3.7,15
DRV0901,Logan Walla,02518716633,MH47 SO 3703,Maruti Ertiga,3.8,10
DRV0902,Yauvani Arora,6952855656,MH27 WJ 0112,Kia Seltos,4.4,12
DRV0903,Tanvi Tiwari,4049018558,MH48 NR 7520,Kia Seltos,3.7,6
DRV0904,Anita Garde,+911185344736,MH23 JY 2372,Swift Dzire,4.3,5
DRV0905,Chakradhar Sachar,02869477467,MH45 EI 3780,Hyundai i20,4.7,14
DRV0906,Veda Deep,01302399531,MH20 KC 7563,Honda City,4.4,3
DRV0907,Osha Nagarajan,+916140959967,MH40 SU 9190,Honda City,4.5,7
DRV0908,Qasim Sachdev,1292943659,MH24 ZO 2204,Swift Dzire,3.9,12
DRV0909,Aadi Ravel,01568249517,MH9 NO 8653,Hyundai i20,4.0,15
DRV0910,Zarna Pillay,+911948852609,MH1 FS 4872,Hyundai Creta,4.3,2
DRV0911,Kashish Misra,5211679008,MH9 FP 4117,Swift Dzire,4.1,3
DRV0912,Garima Deshpande,+916250944115,MH8 ZJ 6248,Honda City,3.8,1
DRV0913,Aryan Khare,04064498915,MH21 HA 1472,Mahindra XUV700,4.5,9
DRV0914,Yatin Kar,9329807352,MH20 KC 6760,Swift Dzire,4.0,9
DRV0915,Chatura Jayaraman,09128703078,MH44 AK 2702,Hyundai Creta,3.5,19
DRV0916,Aishani Dewan,+917710595840,MH5 UT 8002,Hyundai i20,5.0,9
DRV0917,Ishanvi Kari,06368549734,MH33 ZU 1868,Tata Nexon,4.7,14
DRV0918,Kalpit Deep,4551992105,MH40 GV 6895,Mahindra XUV700,4.5,18
DRV0919,Nachiket Dara,1840665818,MH2 YT 2424,Kia Seltos,4.1,13
DRV0920,Ekanta Shan,+919539570566,MH22 XK 8119,WagonR,3.6,8
DRV0921,Mekhala Wali,+915978342172,MH11 GC 6858,Kia Seltos,4.8,17
DRV0922,Daniel Vasa,+917435712119,MH3 TS 1314,Swift Dzire,4.4,5
DRV0923,George Thaman,+913546773837,MH18 JM 3286,Toyota Innova,4.0,19
DRV0924,Xiti Sheth,7973824692,MH26 YU 2581,Mahindra XUV700,4.3,4
DRV0925,Mohini Khatri,2554999496,MH48 VX 5683,Hyundai Creta,4.8,7
DRV0926,Anamika Chatterjee,06620976935,MH10 RP 9231,Hyundai i20,4.5,18
DRV0927,Sathvik Mahajan,+910163867196,MH49 DC 2651,WagonR,4.1,18
DRV0928,Charita Mital,6378150727,MH25 KO 4449,Honda City,5.0,11
DRV0929,Fiyaz Shukla,2972386665,MH50 LT 9068,Hyundai i20,4.9,7
DRV0930,Faras Mane,5000108263,MH34 OB 6391,Honda City,4.6,9
DRV0931,Bhavna Srinivas,4270187788,MH3 ZT 4484,WagonR,4.3,2
DRV0932,Ekbal Shah,05645903628,MH35 PE 8859,Kia Seltos,4.9,13
DRV0933,Orinder Maharaj,09032403569,MH46 NS 7252,WagonR,4.3,5
DRV0934,Aarini Tata,2200135130,MH30 XM 3603,Kia Seltos,4.4,7
DRV0935,Wridesh Balay,+918253856312,MH45 IT 2195,Kia Seltos,3.8,18
DRV0936,Ekalinga Bail,+915471099553,MH49 MG 9518,Mahindra XUV700,4.6,17
DRV0937,Daksh Natarajan,03608396012,MH19 CR 8690,WagonR,4.1,17
DRV0938,Ridhi Mutti,09647866235,MH50 NV 5817,Maruti Ertiga,4.0,14
DRV0939,Rudra Subramaniam,+918160541039,MH3 NB 0587,WagonR,4.6,17
DRV0940,Vinaya Shroff,00544671209,MH42 PS 6432,Swift Dzire,3.6,7
DRV0941,Abha Raval,+918018013891,MH41 DU 4936,Kia Seltos,3.8,6
DRV0942,Harinakshi Sachdeva,09420055918,MH46 QL 0273,Swift Dzire,4.0,7
DRV0943,Divya Buch,08522296293,MH49 RX 4484,Tata Nexon,3.5,14
DRV0944,Shivansh Krishnan,8597833103,MH44 WL 2956,WagonR,5.0,6
DRV0945,Sai Virk,+910369537286,MH10 BS 4039,Swift Dzire,4.0,6
DRV0946,Wakeeta Sahota,+919284575513,MH27 MH 0668,Mahindra XUV700,3.7,19
DRV0947,Jackson Mittal,07622028919,MH16 XQ 1214,Kia Seltos,4.4,7
DRV0948,Charan Rana,+915367584234,MH6 DD 7615,Honda City,3.7,7
DRV0949,Falak Sarna,01533599934,MH39 CS 9595,Swift Dzire,3.7,15
DRV0950,Watika Karan,03577038131,MH47 HL 4801,Tata Nexon,4.2,10
DRV0951,Shivansh Sunder,+915736332293,MH7 DG 2991,Toyota Innova,3.7,13
DRV0952,Deepa Minhas,+918768939010,MH25 ZX 7732,Honda City,4.2,11
DRV0953,Elijah Chandran,+917112062276,MH40 QA 3019,Hyundai i20,3.9,4
DRV0954,Finn Nayar,+914296379575,MH13 HB 5261,WagonR,4.0,7
DRV0955,Imaran Manne,+914185308937,MH30 MG 7811,Toyota Innova,4.6,3
DRV0956,Anay Dora,+919580782136,MH31 TN 2320,Maruti Ertiga,4.2,18
DRV0957,Jeremiah Contractor,0340213162,MH16 HG 0804,Swift Dzire,4.3,7
DRV0958,Indira Kakar,+915392448971,MH43 DP 6319,Mahindra XUV700,3.8,16
DRV0959,Yashasvi Ganguly,2099524195,MH18 MH 2251,Honda City,3.5,12
DRV0960,Peter Dar,05253861658,MH29 LS 4259,WagonR,5.0,1
DRV0961,Advik Raval,8607334724,MH28 MS 2842,WagonR,4.4,19
DRV0962,Harini Sangha,06230506579,MH23 ZB 3390,Toyota Innova,3.7,13
DRV0963,Qarin Venkataraman,+910218754626,MH45 LI 4777,Swift Dzire,4.6,10
DRV0964,Ishanvi Wable,04865882226,MH36 ZO 8407,Hyundai Creta,4.5,19
DRV0965,Avi Rajagopal,+917037377567,MH5 PS 9327,Hyundai Creta,4.2,5
DRV0966,Aahana Luthra,08756364206,MH49 RA 2769,Honda City,3.6,1
DRV0967,Tanmayi Thakkar,4278837731,MH46 PF 3733,Swift Dzire,4.8,7
DRV0968,Nimrat Raval,03902768138,MH22 ET 9939,Swift Dzire,3.6,12
DRV0969,Advik Deol,+912884264878,MH47 FV 4184,Maruti Ertiga,3.5,14
DRV0970,Nirja Krish,+910878713754,MH50 MX 4310,WagonR,3.7,14
DRV0971,Finn Ravi,4015552587,MH38 QZ 7682,Honda City,3.8,7
DRV0972,Janaki Sridhar,06394002493,MH15 UB 2973,Toyota Innova,3.7,6
DRV0973,Megha Deshpande,+916499304506,MH5 DI 0949,Toyota Innova,4.7,16
DRV0974,Aarush Bajwa,3438326228,MH36 PJ 7174,Kia Seltos,4.6,14
DRV0975,Garima Shere,+918299438998,MH32 SG 2175,Hyundai i20,4.1,7
DRV0976,Balvan Walla,9047268330,MH4 OH 6273,Kia Seltos,4.0,10
DRV0977,Vincent Brar,3573409738,MH14 KR 1267,WagonR,3.9,9
DRV0978,Bhanumati Venkatesh,01486205513,MH17 IZ 1445,Honda City,4.0,11
DRV0979,Chaitaly Bhattacharyya,+919030841341,MH24 GN 3707,Honda City,4.4,6
DRV0980,Daksha Vaidya,3144113351,MH15 MM 6953,Hyundai Creta,3.8,4
DRV0981,Faraj Sastry,9653720376,MH32 CF 0193,Hyundai Creta,4.5,13
DRV0982,Robert Sur,5548152531,MH29 CB 1000,Hyundai Creta,3.9,16
DRV0983,Vanya Kade,+910259543565,MH40 LQ 0523,Mahindra XUV700,3.6,19
DRV0984,Ekalinga Rau,02340085862,MH38 DJ 3329,Maruti Ertiga,4.7,14
DRV0985,Janani Kari,01583004511,MH15 ZN 6444,Mahindra XUV700,3.7,4
DRV0986,Owen Sood,0902409666,MH1 VU 2237,Toyota Innova,5.0,4
DRV0987,Nirja Vyas,00173309933,MH22 UW 2758,Maruti Ertiga,4.2,6
DRV0988,Hredhaan Borra,05564504101,MH8 PG 5549,Kia Seltos,4.3,17
DRV0989,Nisha Panchal,06481607036,MH5 TA 4305,Toyota Innova,3.9,5
DRV0990,Fariq Swaminathan,02318733773,MH47 SQ 0691,Kia Seltos,3.6,5
DRV0991,Warhi Suresh,+916408529620,MH49 LL 9386,Hyundai i20,3.7,11
DRV0992,Ekaja Om,06260825447,MH26 SR 3194,WagonR,4.2,15
DRV0993,Lajita Ray,1578896768,MH5 MX 8335,Kia Seltos,4.7,17
DRV0994,Kalpit Kuruvilla,04236711821,MH8 MS 7685,WagonR,4.5,14
DRV0995,Tejas Ramaswamy,4827063166,MH24 NJ 9779,Toyota Innova,4.4,9
DRV0996,Timothy Atwal,+919999702790,MH49 KG 9296,Tata Nexon,3.8,20
DRV0997,Chandresh Nagi,6836350348,MH7 AM 9827,Tata Nexon,4.2,20
DRV0998,Edhitha Banik,+919124076505,MH37 PN 4305,Maruti Ertiga,4.9,12
DRV0999,Lohit Sheth,03192904794,MH40 DO 7848,WagonR,4.8,4
DRV1000,Faqid More,06836080169,MH1 TX 3360,Honda City,4.3,1
DRV1001,Indrajit Bhandari,1742244469,MH4 EO 4375,Swift Dzire,4.8,13
DRV1002,Yashvi Yohannan,9415000976,MH3 SP 4503,Tata Nexon,3.9,17
DRV1003,Qarin Patel,5587654781,MH19 LF 4516,Hyundai i20,4.8,8
DRV1004,Banjeet Kar,2330970795,MH10 IX 3775,WagonR,4.7,12
DRV1005,Lavanya Parmer,09689897782,MH1 UP 1941,Tata Nexon,4.0,3
DRV1006,Raghav Banerjee,+916943073473,MH7 RY 5798,Toyota Innova,4.1,9
DRV1007,Faqid Vig,4491294472,MH6 JA 2954,Hyundai i20,4.6,9
DRV1008,Idika Vasa,+914831393190,MH13 NX 0780,Tata Nexon,4.7,18
DRV1009,Yashasvi Bhalla,+914913338144,MH45 KP 2479,Hyundai Creta,4.0,19
DRV1010,Mohammed Dugal,0436890217,MH39 JQ 1714,Hyundai i20,4.0,9
DRV1011,Madhav Patel,7695327508,MH45 EI 2067,Mahindra XUV700,4.4,17
DRV1012,Zilmil Mander,4897628725,MH25 MM 6989,Maruti Ertiga,4.7,3
DRV1013,Suhani Sharma,+916414419111,MH37 BL 9497,Tata Nexon,4.2,8
DRV1014,Balendra Jha,2257406650,MH28 SN 1412,Toyota Innova,4.0,18
DRV1015,Ganga Dani,+919039917882,MH18 ZL 9794,Hyundai i20,4.8,19
DRV1016,Udant Arora,9495412459,MH17 XI 0724,Honda City,4.3,11
DRV1017,Advaith Zachariah,+917511478271,MH34 JE 0275,Tata Nexon,4.1,9
DRV1018,Jackson Palla,+917321740188,MH40 WM 7043,Mahindra XUV700,3.5,18
DRV1019,Ekapad Parmer,04854401162,MH45 PB 3661,Honda City,4.4,5
DRV1020,Kavya Bumb,07881506770,MH10 HI 8294,Honda City,3.6,14
DRV1021,Vihaan Wadhwa,+919114686473,MH9 CJ 6096,WagonR,3.8,2
DRV1022,Rehaan Panchal,09335240494,MH29 AO 5331,Mahindra XUV700,3.9,1
DRV1023,Sachi Pant,06034062055,MH23 XD 2968,Swift Dzire,4.5,19
DRV1024,Dayamai Muni,+913751994388,MH46 AT 6029,Mahindra XUV700,4.7,6
DRV1025,Oscar Mallick,04314226512,MH49 PD 0538,Maruti Ertiga,5.0,15
DRV1026,Lipika Mistry,+914077185158,MH5 SN 8251,Maruti Ertiga,4.6,1
DRV1027,Tristan Lala,+912745227969,MH2 PK 9134,Swift Dzire,5.0,5
DRV1028,Elijah Dhawan,6293779484,MH25 ZX 7732,Tata Nexon,4.7,8
DRV1029,Omisha Dasgupta,00192757766,MH3 QD 4114,Mahindra XUV700,3.7,2
DRV1030,Ishanvi Vohra,0391930319,MH36 NE 7351,Tata Nexon,4.4,10
DRV1031,Ekaja Bawa,03329186178,MH35 WV 9225,Hyundai Creta,3.7,4
DRV1032,Anita Bahri,2231310790,MH9 TD 7867,Honda City,3.8,6
DRV1033,Meghana Karpe,00688771813,MH26 YU 9918,Mahindra XUV700,4.1,5
DRV1034,Madhav Char,+917161389823,MH5 KP 6982,Honda City,5.0,19
DRV1035,Falguni Sarma,+914151807940,MH24 NU 4569,Mahindra XUV700,4.2,8
DRV1036,Adya Baria,03606413604,MH29 ZJ 5491,Hyundai Creta,4.2,12
DRV1037,Chakradev Batra,+916481224291,MH47 SE 4016,Mahindra XUV700,4.2,11
DRV1038,Tejas Madan,6298015307,MH21 AN 9898,Hyundai i20,3.9,3
DRV1039,Rushil Banik,03332620459,MH27 LG 1187,Tata Nexon,4.1,15
DRV1040,Victor Kalita,0576165216,MH3 FZ 1100,Hyundai i20,4.2,15
DRV1041,Udant Mukhopadhyay,+911173761799,MH31 AR 9815,Kia Seltos,4.2,7
DRV1042,Balveer Lad,+911873911093,MH25 RV 4316,Hyundai Creta,4.4,15
DRV1043,Alka Bassi,07301394470,MH35 CL 9229,Mahindra XUV700,4.3,16
DRV1044,Shivansh Din,2912930026,MH44 FJ 2431,Mahindra XUV700,4.3,3
DRV1045,Lajita Prashad,09839678779,MH10 MC 0926,Hyundai Creta,4.3,1
DRV1046,Peter Raghavan,04625070289,MH4 PZ 5709,WagonR,4.8,20
DRV1047,Xiti Narula,+912966832290,MH7 VF 9714,Swift Dzire,3.6,13
DRV1048,Oeshi Dey,2290190547,MH26 KV 7124,Kia Seltos,4.8,3
DRV1049,Onveer Lanka,+912710796349,MH28 NC 8864,Mahindra XUV700,4.4,12
DRV1050,Rajeshri Patla,08864594327,MH29 QG 5922,Mahindra XUV700,4.3,15
DRV1051,Naksh Gala,05961039336,MH43 NV 6323,Mahindra XUV700,3.9,13
DRV1052,Nitesh Parikh,+910552087538,MH21 QS 6595,Honda City,3.7,12
DRV1053,Maanav Kumar,+915964005884,MH34 QK 6154,Honda City,4.0,20
DRV1054,Farhan Thaman,0463317118,MH39 TS 7239,Hyundai Creta,4.9,15
DRV1055,Alka Bath,+918093112766,MH17 IR 7375,Honda City,4.9,6
DRV1056,Chandani Jhaveri,03676796104,MH30 WG 6982,Tata Nexon,4.3,5
DRV1057,Aahana Ganesh,+912246300286,MH8 TG 9902,Maruti Ertiga,4.4,7
DRV1058,Amara Zacharia,6909385653,MH45 XI 2364,Kia Seltos,4.1,4
DRV1059,Isaac Rattan,06437572686,MH31 YV 3813,WagonR,4.7,11
DRV1060,Lopa Sant,7900714499,MH50 QV 8744,Honda City,3.9,6
DRV1061,Hamsini Kapadia,1836947221,MH43 EQ 9150,WagonR,4.7,18
DRV1062,Anay Chowdhury,00455212484,MH9 BR 7440,Honda City,4.2,5
DRV1063,Unni Boase,0974464862,MH9 BA 0958,Maruti Ertiga,4.2,18
DRV1064,Veda Tank,01607183565,MH43 PY 6325,Hyundai Creta,4.5,14
DRV1065,Laban Mannan,0665669140,MH16 DW 2115,Hyundai i20,3.9,3
DRV1066,Advaith Sidhu,03391709978,MH18 GR 2469,Honda City,3.9,10
DRV1067,Saksham Salvi,0886823821,MH5 KV 5657,Mahindra XUV700,4.4,18
DRV1068,Daksh Dey,04728506607,MH44 QE 6471,Hyundai Creta,3.7,7
DRV1069,Kamya Datta,08574362191,MH43 UC 9483,Honda City,4.8,3
DRV1070,Chatresh Divan,00424052680,MH24 RO 8433,Tata Nexon,4.1,2
DRV1071,Chakradev Borah,3837584297,MH3 SY 0108,Tata Nexon,4.5,7
DRV1072,Krish Contractor,+917134527920,MH5 XU 8299,Honda City,4.6,20
DRV1073,Tanay Lad,07550323545,MH41 PW 2214,Honda City,3.5,8
DRV1074,Vritti Chand,+911851374628,MH50 VN 8533,Kia Seltos,4.0,3
DRV1075,Alexander Sane,+918103825814,MH16 AR 3003,Swift Dzire,3.9,1
DRV1076,Rayaan Reddy,1030367173,MH9 BA 0958,Hyundai i20,3.6,10
DRV1077,Jonathan Kashyap,8199396478,MH48 LV 8465,Hyundai Creta,4.2,8
DRV1078,Aarini Bali,+911402175238,MH4 VA 4742,Honda City,4.7,20
DRV1079,Gagan Karnik,1068247822,MH18 FV 1080,Toyota Innova,4.8,18
DRV1080,Ishanvi Basak,0034880752,MH18 WX 3440,Swift Dzire,4.2,6
DRV1081,Gabriel Tailor,08347827350,MH26 UC 6285,Kia Seltos,4.9,19
DRV1082,Dalaja Basu,2070291938,MH50 KJ 3951,Hyundai i20,4.4,2
DRV1083,Balvan Tailor,05749224788,MH26 VR 5911,Toyota Innova,4.5,19
DRV1084,Samarth Basak,5653889153,MH48 SJ 9970,WagonR,4.6,6
DRV1085,Vincent Mital,05126677003,MH31 WP 8122,Maruti Ertiga,3.8,3
DRV1086,Daksha Sharma,+915711566949,MH48 JV 4889,Honda City,4.1,6
DRV1087,Vedant Chatterjee,07849391051,MH36 OS 1719,Hyundai Creta,3.6,13
DRV1088,Hemani Ramachandran,4487219431,MH10 MP 3743,Swift Dzire,3.9,16
DRV1089,Fariq Menon,02190583250,MH39 OO 4241,WagonR,4.0,20
DRV1090,Rachita Lanka,9677882899,MH23 CT 8037,Hyundai Creta,4.9,11
DRV1091,Gabriel Nanda,01284609409,MH22 HZ 0192,Swift Dzire,4.5,5
DRV1092,Ikbal Karpe,06016429131,MH43 XG 0032,WagonR,4.0,11
DRV1093,Arya Dass,5917551945,MH1 MV 2192,Swift Dzire,4.9,18
DRV1094,Kavya Butala,05768864109,MH18 QS 2736,Mahindra XUV700,4.7,13
DRV1095,Yug Tata,3484239868,MH50 WW 5721,Hyundai Creta,3.9,18
DRV1096,Fariq Walla,00675653234,MH14 VU 0729,Honda City,3.6,19
DRV1097,Nathaniel Arya,+918689475160,MH7 RY 5798,Honda City,4.1,10
DRV1098,Jack Sidhu,2768189969,MH34 CM 7611,Kia Seltos,3.6,13
DRV1099,Bishakha Raman,07895396748,MH38 IU 9956,Maruti Ertiga,3.8,15
DRV1100,Aditya Buch,+919922633865,MH1 NN 3221,Hyundai Creta,4.7,18
DRV1101,Gabriel Shetty,+916291072380,MH42 MK 2455,Tata Nexon,4.4,17
DRV1102,Falan Sane,+917306082977,MH3 WY 0806,Hyundai i20,3.6,4
DRV1103,Anvi Dutt,+915015983172,MH18 HE 1085,Hyundai i20,4.4,6
DRV1104,Forum Rai,+918848158906,MH5 KD 1485,Maruti Ertiga,3.5,15
DRV1105,Vaishnavi Sidhu,6721828549,MH30 HQ 0830,Tata Nexon,3.7,9
DRV1106,Netra Shankar,2768621420,MH16 VL 7829,Tata Nexon,4.2,15
DRV1107,Elijah Aggarwal,1128886166,MH14 SS 6988,WagonR,4.4,19
DRV1108,Sudiksha Sahota,08650508058,MH29 OI 3239,WagonR,3.5,8
DRV1109,Gaurang Shere,+917599924452,MH49 ZX 2048,Hyundai Creta,4.0,14
DRV1110,Dominic Swaminathan,+911891299450,MH4 DW 6522,Kia Seltos,4.9,6
DRV1111,Warda Wable,01876500331,MH3 HU 0731,Honda City,4.5,1
DRV1112,Jyoti Chakraborty,+913297350362,MH7 NF 3608,Swift Dzire,4.9,6
DRV1113,Advik Shroff,09549938542,MH36 MB 6154,Maruti Ertiga,3.9,17
DRV1114,Amol Sagar,5372480087,MH14 QK 6453,Hyundai Creta,4.2,3
DRV1115,Arunima Prabhakar,9357421043,MH40 EV 8512,Maruti Ertiga,4.6,5
DRV1116,Yashodhara Garde,2129786995,MH41 EJ 3057,Honda City,4.5,1
DRV1117,Avni Rastogi,01868349576,MH10 PW 9189,Mahindra XUV700,4.4,13
DRV1118,Shravya Krishna,+912314514135,MH38 UZ 8140,Kia Seltos,4.9,8
DRV1119,Wakeeta Shukla,+912454783130,MH7 JX 2963,Mahindra XUV700,4.7,16
DRV1120,Oni Shetty,7578046289,MH6 MU 0605,Tata Nexon,3.5,8
DRV1121,Anika Buch,+916305638015,MH31 YN 5074,Kia Seltos,4.9,19
DRV1122,Darika Ratta,+915535461303,MH23 SF 4323,Hyundai i20,4.9,14
DRV1123,Chanakya Saini,+919176983064,MH19 GR 8188,Hyundai Creta,4.2,9
DRV1124,Isha Bhatia,+918400198221,MH1 BK 5624,Maruti Ertiga,4.1,11
DRV1125,Fiyaz Wagle,04317656070,MH6 IC 7929,Mahindra XUV700,3.7,3
DRV1126,Yagnesh Oommen,0530531679,MH36 UB 7446,Maruti Ertiga,3.7,16
DRV1127,Eshana Edwin,9393765211,MH17 UM 7503,Mahindra XUV700,4.2,15
DRV1128,Neelima Reddy,+919649470678,MH47 AF 1354,Hyundai i20,4.9,4
DRV1129,Simon Shroff,+915230512032,MH27 KJ 1114,Honda City,4.4,10
DRV1130,Wakeeta Batra,09002487575,MH45 OY 1142,Hyundai Creta,3.6,1
DRV1131,Joshua Mani,+910080964558,MH50 SD 2817,Maruti Ertiga,4.7,5
DRV1132,Daniel Vyas,09280446663,MH1 SN 6015,Hyundai i20,3.5,18
DRV1133,Hitesh Gulati,05903234143,MH45 SN 5968,Honda City,3.5,6
DRV1134,Samaksh Natarajan,8573645616,MH7 QM 9178,Mahindra XUV700,3.9,4
DRV1135,Ladli Khurana,5216579922,MH27 KQ 2084,Swift Dzire,3.7,18
DRV1136,Lakshit Nanda,06366463579,MH19 VL 5535,Tata Nexon,3.6,15
DRV1137,Pahal Chandra,+911486881736,MH20 HI 3248,WagonR,3.9,5
DRV1138,Dayamai Kamdar,+915899614857,MH11 MJ 6742,Kia Seltos,5.0,8
DRV1139,Robert Divan,+913598754437,MH45 VE 5069,Hyundai i20,4.9,12
DRV1140,Mahika Choudhary,1963176940,MH7 OA 1603,Swift Dzire,4.2,3
DRV1141,Yadavi Sundaram,03033764898,MH7 KB 6870,Maruti Ertiga,4.2,7
DRV1142,Girindra Srinivasan,6701940606,MH44 SH 1830,Tata Nexon,4.8,18
DRV1143,Yutika Mahajan,+914213766145,MH5 NI 9507,Tata Nexon,3.9,2
DRV1144,Charvi Buch,6077960093,MH14 AC 5727,Hyundai i20,3.8,7
DRV1145,Eshana Babu,6200920939,MH33 AB 6069,Kia Seltos,4.7,15
DRV1146,Divya Bava,06557774929,MH3 ID 6558,Maruti Ertiga,4.0,16
DRV1147,Zashil Lall,6210663439,MH35 LP 0678,Kia Seltos,5.0,2
DRV1148,Ekbal Mishra,+911721602034,MH37 BY 1931,Mahindra XUV700,4.7,11
DRV1149,Kiaan Ahuja,07563199147,MH27 ID 1319,Hyundai i20,4.8,8
DRV1150,Janya Thaker,03296711316,MH36 AK 1720,Swift Dzire,4.8,18
DRV1151,Hamsini Chakraborty,04400686554,MH1 PO 8308,Hyundai Creta,5.0,16
DRV1152,Omkaar Maharaj,00548373614,MH16 TJ 1093,Mahindra XUV700,4.3,6
DRV1153,Anmol Shanker,+918760410413,MH50 TG 2042,Maruti Ertiga,3.5,3
DRV1154,Charvi Wason,+918628905226,MH12 QD 1243,Hyundai i20,4.3,20
DRV1155,Hemang Salvi,06153041850,MH17 ZY 3535,Maruti Ertiga,4.5,16
DRV1156,Falak Shroff,+911231164263,MH38 OW 5837,Kia Seltos,4.8,13
DRV1157,Yuvraj Sane,01175906705,MH33 SE 7404,Mahindra XUV700,4.2,3
DRV1158,Yashoda Sem,09034852191,MH42 CX 4150,Maruti Ertiga,4.7,1
DRV1159,Onveer Sibal,00227952543,MH28 PE 8046,Toyota Innova,3.9,20
DRV1160,Netra Karpe,+913612640228,MH12 MT 5167,Tata Nexon,4.5,6
DRV1161,Neelima Dass,6586491258,MH6 VE 0116,WagonR,4.4,16
DRV1162,Chaman Dugar,06711989082,MH46 SP 7304,Toyota Innova,4.2,16
DRV1163,Nidhi Sarkar,02169807721,MH46 SC 6330,WagonR,4.0,20
DRV1164,Gaurav Nagi,3491293546,MH6 YK 6721,Mahindra XUV700,4.1,4
DRV1165,Kala Bhavsar,+918822251017,MH44 BX 8547,Tata Nexon,4.0,19
DRV1166,Lila Murthy,7355307509,MH46 IR 0982,Honda City,4.3,18
DRV1167,Ishani Bobal,09587056516,MH3 QC 4922,Tata Nexon,3.8,16
DRV1168,Geetika Natt,+918566514810,MH49 VT 9592,Honda City,3.8,2
DRV1169,Ijaya Prashad,6948810494,MH37 DI 4250,Kia Seltos,4.4,3
DRV1170,Shivani Pau,09144526018,MH23 ZU 9439,Maruti Ertiga,4.8,4
DRV1171,Farhan Bedi,+918222006283,MH50 KL 8898,Toyota Innova,3.9,19
DRV1172,Kamala Bhat,+912192662477,MH4 QL 2779,Hyundai i20,4.9,5
DRV1173,Azaan Dutt,06718847884,MH1 NQ 2692,Swift Dzire,4.9,17
DRV1174,Anirudh Murty,+917759102943,MH30 ZN 0379,Tata Nexon,4.7,13
DRV1175,Samarth Nazareth,+919955574722,MH33 EN 2015,Kia Seltos,4.5,15
DRV1176,Veda Prashad,06027004278,MH47 QW 5678,WagonR,4.3,17
DRV1177,Chasmum Karpe,02548029482,MH23 GO 9114,Toyota Innova,3.7,12
DRV1178,Devansh Iyer,+914852075902,MH23 SA 5716,Mahindra XUV700,3.7,4
DRV1179,Vedhika Mall,03010686265,MH10 OZ 0997,Hyundai i20,3.9,6
DRV1180,Thomas Sahota,+917011533039,MH50 LV 0875,Hyundai Creta,4.8,6
DRV1181,Lakshmi Shetty,6851868907,MH22 IR 7572,Toyota Innova,4.0,20
DRV1182,Prisha Parikh,03580490784,MH38 PG 2906,Hyundai Creta,4.1,4
DRV1183,Janani Das,9526440843,MH10 IU 4127,Swift Dzire,4.6,10
DRV1184,Vinaya Khare,03746076511,MH4 AX 4504,Tata Nexon,3.7,6
DRV1185,Amrita Muni,+915399325185,MH22 NM 1392,Hyundai Creta,4.9,2
DRV1186,Elijah Hayre,+916121867534,MH23 LR 7620,Tata Nexon,3.6,5
DRV1187,Samuel Khosla,01111897798,MH49 QW 0630,Maruti Ertiga,3.5,3
DRV1188,Mohammed Keer,+917315577161,MH27 NY 6622,Hyundai i20,4.1,5
DRV1189,Tara Sandhu,03648726205,MH30 YX 2855,Tata Nexon,4.0,16
DRV1190,Vedika Sama,03004493993,MH2 XY 9135,Swift Dzire,4.7,15
DRV1191,Matthew Wadhwa,5140293494,MH10 CF 2468,Mahindra XUV700,3.8,7
DRV1192,Wriddhish Tara,08170868785,MH21 AN 9898,Maruti Ertiga,4.1,15
DRV1193,Warhi Sahni,09761746119,MH50 AS 7894,Hyundai Creta,3.6,13
DRV1194,Wahab Pandya,4367633251,MH4 DM 9698,Kia Seltos,4.0,1
DRV1195,Baghyawati Luthra,5191286642,MH12 XC 3120,Honda City,4.3,8
DRV1196,Krisha Prakash,4184860410,MH7 CB 3837,WagonR,5.0,4
DRV1197,Vanya Purohit,01485817449,MH25 CD 8320,Toyota Innova,4.3,4
DRV1198,Unni Kaur,6355399466,MH23 TV 5692,Tata Nexon,4.5,8
DRV1199,Unnati Bhardwaj,06571969788,MH36 IR 6720,Swift Dzire,3.8,9
DRV1200,Aarini Bhatt,01428301588,MH29 TB 9679,Toyota Innova,4.1,19
DRV1201,Omya Mody,+918801304545,MH4 FV 5054,Honda City,4.3,16
DRV1202,Pallavi Warrior,4526230364,MH39 VH 4468,Hyundai Creta,3.7,14
DRV1203,Wridesh Balasubramanian,0059959162,MH42 QH 8098,Hyundai i20,4.1,13
DRV1204,Charan Bala,1345220334,MH17 XC 2702,Toyota Innova,4.6,17
DRV1205,Umang Chaudhari,+917976560694,MH7 UI 2257,Honda City,4.4,17
DRV1206,Jason Krishnan,+915228420793,MH24 SW 2633,Mahindra XUV700,3.9,19
DRV1207,Viraj Sastry,05183195884,MH11 CD 1301,WagonR,4.8,19
DRV1208,Harita Bath,+914395969921,MH8 NP 3288,Toyota Innova,3.6,7
DRV1209,Jeet Jani,00593272214,MH14 AC 5727,Mahindra XUV700,4.8,18
DRV1210,Chaitanya Saxena,0251634056,MH8 AW 1419,Honda City,3.9,2
DRV1211,Nikita Gaba,7016409451,MH31 BK 1746,Hyundai Creta,5.0,2
DRV1212,Amara Dasgupta,0153050368,MH49 YQ 3281,Hyundai Creta,4.1,17
DRV1213,Yatin Hegde,5579859878,MH48 FY 8355,Maruti Ertiga,4.9,10
DRV1214,Harsh Ahuja,00454807472,MH19 LH 0295,Tata Nexon,4.7,13
DRV1215,Ikbal Swaminathan,02719483557,MH48 AT 0520,WagonR,4.2,8
DRV1216,Naveen Din,+916180854341,MH2 EW 0440,WagonR,4.6,20
DRV1217,Yahvi Varghese,03158384753,MH27 MY 2372,Honda City,4.0,12
DRV1218,Kalpit Chakrabarti,+918301912889,MH28 TQ 1579,Tata Nexon,4.9,11
DRV1219,Yuvraj Narula,6969847285,MH6 AU 6968,Mahindra XUV700,4.9,18
DRV1220,Zayan Sama,03773530983,MH32 NO 1966,Hyundai Creta,4.0,6
DRV1221,Yashica Dhaliwal,03972896514,MH48 TP 5010,Hyundai i20,4.2,2
DRV1222,Xalak Munshi,+915921279213,MH2 HQ 9208,Mahindra XUV700,4.0,8
DRV1223,Megha Sidhu,+913177159217,MH30 KX 4896,Tata Nexon,4.8,6
DRV1224,Indira Prashad,+917784840756,MH32 JS 2882,Toyota Innova,4.8,15
DRV1225,Fariq Chandran,08229568746,MH6 MM 0796,Hyundai i20,4.9,16
DRV1226,Qushi Narang,1017803010,MH30 YC 8303,Honda City,3.8,19
DRV1227,Harsh Bora,9104527035,MH48 PO 3179,Tata Nexon,4.3,3
DRV1228,Darpan Palla,01833063401,MH15 DB 1754,Tata Nexon,4.2,2
DRV1229,Wridesh Din,7135238693,MH1 KI 6048,Tata Nexon,3.7,5
DRV1230,Sarthak Parmer,04923241351,MH26 MP 2763,Maruti Ertiga,4.1,7
DRV1231,Edhitha Gaba,+917986942451,MH27 VQ 9078,Mahindra XUV700,3.5,12
DRV1232,Henry Muni,+910434341381,MH47 QO 0211,Mahindra XUV700,5.0,4
DRV1233,Upkaar Nagy,03158689270,MH43 TA 6930,Toyota Innova,4.2,18
DRV1234,Andrew Parikh,+917356131162,MH3 EG 2716,Mahindra XUV700,3.6,16
DRV1235,Osha Mahal,06471757043,MH22 TD 9529,Mahindra XUV700,3.7,5
DRV1236,Yamini Patla,1749477044,MH9 BR 7440,Hyundai Creta,4.9,14
DRV1237,Azaan Manne,07426936038,MH20 XK 8699,Honda City,3.9,20
DRV1238,Ekalinga Mannan,06052670901,MH33 EQ 6248,Toyota Innova,4.6,12
DRV1239,Damini Bath,7099099590,MH49 CU 0879,Honda City,3.9,5
DRV1240,Pranit Ahluwalia,1670398736,MH3 QI 9816,Swift Dzire,4.5,6
DRV1241,Jatin Pathak,+911374445065,MH22 EN 1879,Tata Nexon,4.4,11
DRV1242,Pahal Kaul,3649154305,MH4 AC 8876,Kia Seltos,3.9,17
DRV1243,Radha Banerjee,7731606274,MH44 OD 2208,WagonR,4.2,11
DRV1244,Raghav Zacharia,+912403763120,MH7 SX 8424,WagonR,4.9,12
DRV1245,Maanav Sachdeva,+919069661847,MH17 YH 8107,WagonR,4.9,19
DRV1246,Gayathri Chhabra,03145457594,MH33 GG 8007,Hyundai i20,3.6,2
DRV1247,Ganga Rege,8712839847,MH28 DA 1117,Tata Nexon,4.5,20
DRV1248,Pahal Saha,4376828443,MH41 QI 1487,Mahindra XUV700,4.2,10
DRV1249,Megha Tailor,1990677243,MH18 UD 3640,Mahindra XUV700,4.3,5
DRV1250,Chatura Wason,07093876195,MH45 BK 3950,Toyota Innova,4.1,16
DRV1251,Jyoti Ray,3289758542,MH34 IZ 9856,Mahindra XUV700,5.0,1
DRV1252,Neel Bahri,+916868666263,MH22 UQ 9273,WagonR,4.8,2
DRV1253,Aarini Gupta,7403810566,MH11 ME 4747,WagonR,4.8,17
DRV1254,Deepa Saini,00618746133,MH9 LI 5823,WagonR,4.6,7
DRV1255,Yatan Dani,3629699884,MH23 QK 4275,Swift Dzire,4.5,2
DRV1256,Widisha Varkey,6729166810,MH17 HG 6696,Swift Dzire,3.8,10
DRV1257,Gayathri Chaudhary,+911068519162,MH22 ML 5520,Honda City,3.6,15
DRV1258,Ronith Tak,+917606566044,MH1 PX 5723,Hyundai Creta,4.5,1
DRV1259,Ayushman Nazareth,+914508422879,MH27 DV 5268,Mahindra XUV700,4.7,11
DRV1260,Aryan Mistry,02071259467,MH15 IS 7238,WagonR,3.5,4
DRV1261,Saanvi Kothari,02319668667,MH42 OZ 9469,Tata Nexon,4.6,2
DRV1262,Xavier Merchant,+911779483589,MH17 QR 7629,Swift Dzire,4.9,13
DRV1263,Ati Lata,+917019518840,MH41 AV 6579,Maruti Ertiga,4.4,6
DRV1264,Chandresh Sridhar,04238593173,MH4 BL 6833,Swift Dzire,4.3,12
DRV1265,Leela Jani,02685903286,MH42 YK 6762,WagonR,4.6,2
DRV1266,Zayyan Sura,+911780977093,MH18 ET 9156,Maruti Ertiga,3.7,18
DRV1267,Vedant More,08171611271,MH20 MP 1571,Mahindra XUV700,3.8,20
DRV1268,Kiaan Boase,0478123293,MH13 GT 8775,WagonR,4.9,15
DRV1269,Tarak Mandal,+917360350883,MH41 TQ 8999,Tata Nexon,3.6,7
DRV1270,Ayush Karnik,08886963807,MH31 IR 3937,Maruti Ertiga,4.6,12
DRV1271,Gayathri Badami,2406848155,MH4 UX 8067,WagonR,3.6,4
DRV1272,Tejas Mukherjee,8058417487,MH2 NU 3773,Hyundai i20,4.7,8
DRV1273,Dipta Narasimhan,+913850709321,MH10 IR 8493,Toyota Innova,3.6,1
DRV1274,Aarush Kota,02247722465,MH19 TH 6605,Hyundai i20,4.1,10
DRV1275,Jagdish Borra,+915120830138,MH13 MF 0348,WagonR,5.0,13
DRV1276,Vamakshi Mishra,1143345217,MH28 XV 0624,Maruti Ertiga,3.9,3
DRV1277,Nikita Cheema,9585168247,MH8 AU 8200,Kia Seltos,4.5,1
DRV1278,Maanav Palan,+917072579827,MH41 MW 1882,Tata Nexon,5.0,5
DRV1279,Finn Nori,+914781233108,MH24 OM 0781,Tata Nexon,4.4,1
DRV1280,Anvi Chanda,+911736434403,MH19 PA 7996,Kia Seltos,4.3,2
DRV1281,Laban Manda,4566912783,MH21 IN 6305,WagonR,4.8,5
DRV1282,Udyati Lata,0935287257,MH22 RZ 1922,Toyota Innova,3.6,1
DRV1283,Vedhika Behl,+916327299106,MH5 BM 7410,Toyota Innova,3.5,8
DRV1284,Zehaan Borra,1795866099,MH36 ZX 4830,Hyundai Creta,3.9,1
DRV1285,Pranit Tiwari,7657621256,MH22 OW 9355,Hyundai i20,4.0,5
DRV1286,Saanvi Kashyap,+912522251711,MH1 TH 9069,Honda City,3.8,14
DRV1287,Chavvi Ramanathan,9271286362,MH42 CR 7273,Hyundai Creta,4.9,3
DRV1288,Qarin Issac,9537323239,MH47 LO 6670,Tata Nexon,3.8,7
DRV1289,Henry Sridhar,+914013426481,MH45 IT 2195,Hyundai i20,4.4,13
DRV1290,Ucchal Devan,+918250267010,MH23 AA 1731,Hyundai i20,4.4,11
DRV1291,Upkaar Lad,+916684926409,MH14 ES 3963,Maruti Ertiga,4.4,18
DRV1292,Benjamin Kadakia,00454512207,MH27 RA 7196,Maruti Ertiga,4.1,17
DRV1293,Agastya Majumdar,+919644425555,MH16 FJ 0306,Hyundai i20,3.7,3
DRV1294,Vihaan Pillai,02859577473,MH49 ZL 5942,Tata Nexon,3.7,2
DRV1295,Ishanvi Singhal,03767548253,MH3 DO 0297,Tata Nexon,4.7,5
DRV1296,Neha Dasgupta,+915293422113,MH18 TT 4407,Hyundai i20,3.9,13
DRV1297,Charita Sibal,09456413921,MH17 NT 5984,Swift Dzire,4.5,3
DRV1298,Simon Sinha,06323032602,MH27 FE 6661,Hyundai Creta,3.9,15
DRV1299,Zaid Wagle,04268274436,MH9 GJ 5207,Hyundai Creta,4.1,7
DRV1300,Watika Nanda,+918427391885,MH6 NL 0064,Swift Dzire,4.8,6
DRV1301,Mahika Master,00233200000,MH41 CZ 4191,Toyota Innova,4.0,12
DRV1302,Triya Ravel,+911486981559,MH9 LN 3751,Tata Nexon,4.1,16
DRV1303,Yashasvi Sachdev,08355542339,MH4 HQ 5164,Honda City,3.6,16
DRV1304,Orinder Bumb,7606933041,MH2 FU 9122,Honda City,4.6,3
DRV1305,Avi Sami,06293181797,MH38 BW 4681,Hyundai i20,4.9,9
DRV1306,Dominic Shankar,05553215206,MH41 ZG 1553,Kia Seltos,4.3,1
DRV1307,Upasna Issac,2132823031,MH11 EI 7823,Maruti Ertiga,3.5,13
DRV1308,Samar Bobal,7037068832,MH2 FQ 3676,Toyota Innova,4.8,7
DRV1309,Deepa Salvi,+915460368198,MH28 WR 4556,Mahindra XUV700,4.1,11
DRV1310,Eta Patla,+912406059302,MH22 LJ 5767,Hyundai Creta,4.5,7
DRV1311,Guneet Raju,4116434209,MH24 XU 7674,Kia Seltos,4.2,10
DRV1312,Hemal Dhillon,3834485196,MH3 ZT 4484,Swift Dzire,3.5,18
DRV1313,Ansh Raghavan,5290233245,MH48 VR 7059,WagonR,3.9,2
DRV1314,Qarin Balakrishnan,+914539894007,MH24 PN 9597,Hyundai i20,4.2,1
DRV1315,Unni Dyal,9385183460,MH18 QN 9929,Honda City,4.9,5
DRV1316,Hritik Vaidya,+917780362079,MH21 YA 8442,Maruti Ertiga,4.6,12
DRV1317,Saumya Subramanian,+915349323319,MH23 YS 5147,Honda City,3.8,11
DRV1318,Tanish Pai,+915482816146,MH11 QL 4843,Hyundai i20,4.3,10
DRV1319,Zashil Sachdev,0388892763,MH45 RJ 0989,Kia Seltos,4.6,8
DRV1320,Radha Singh,02134179901,MH14 PR 6487,Honda City,4.4,15
DRV1321,Amol Ranganathan,2043010075,MH23 MU 2183,Toyota Innova,4.6,11
DRV1322,Lavanya Sibal,3375355257,MH16 YN 1035,WagonR,3.5,8
DRV1323,Pahal Mallick,02825075818,MH13 CQ 9374,Hyundai i20,4.7,6
DRV1324,Chakradhar Ravel,+914891910113,MH33 HG 2546,Toyota Innova,3.5,15
DRV1325,Sarthak Swaminathan,03221615867,MH15 QC 5250,Kia Seltos,3.9,16
DRV1326,Arunima Shroff,6723419185,MH45 OX 4095,WagonR,3.8,12
DRV1327,Nathaniel Chacko,8674717119,MH19 UL 9090,Swift Dzire,5.0,18
DRV1328,Samesh Kapoor,00439472333,MH11 VP 6675,Swift Dzire,3.9,13
DRV1329,Viraj Nazareth,+917975155926,MH36 WZ 3689,Hyundai Creta,4.1,8
DRV1330,Nimrat Sama,0137420250,MH30 XN 9062,Kia Seltos,4.7,14
DRV1331,Yatan Hans,5856449140,MH15 MW 7689,Tata Nexon,4.1,14
DRV1332,Harinakshi Khosla,3116211671,MH29 XW 2079,Hyundai Creta,4.7,7
DRV1333,Yash Khurana,03622503221,MH16 HL 8283,Swift Dzire,4.2,7
DRV1334,Gunbir Behl,+914494882578,MH17 SK 5455,Honda City,3.9,3
DRV1335,Gagan Thaker,+915292034929,MH14 LE 6005,Kia Seltos,4.7,10
DRV1336,Anya Anand,8712044262,MH48 NF 2813,Toyota Innova,4.5,9
DRV1337,Victor Sabharwal,+918359931639,MH9 OD 7555,Hyundai Creta,3.9,4
DRV1338,Janya Barad,+915148258573,MH27 LU 2302,Kia Seltos,4.7,1
DRV1339,Tripti Din,4640246130,MH45 YG 5302,Tata Nexon,3.6,17
DRV1340,Chanchal Pau,2612521558,MH36 YA 1136,WagonR,3.9,9
DRV1341,Chaitanya Sridhar,7304275485,MH25 BR 4913,Hyundai i20,4.8,4
DRV1342,Fitan Natt,05064229191,MH31 GV 0989,Hyundai i20,4.6,10
DRV1343,Libni Konda,00837351005,MH50 ZO 8582,Honda City,4.1,7
DRV1344,Noah Roy,+917002333757,MH11 AI 7112,Mahindra XUV700,4.9,12
DRV1345,Xiti Choudhury,+918361384844,MH13 QV 4727,Mahindra XUV700,4.7,15
DRV1346,Aarna Keer,3213624719,MH1 CE 6698,Tata Nexon,4.1,5
DRV1347,Bimala Bajwa,3652519770,MH41 NF 7910,Maruti Ertiga,3.5,14
DRV1348,Krishna Raju,+910769757384,MH12 LL 4001,Hyundai i20,3.6,9
DRV1349,Chakradev Som,7297255808,MH1 OQ 6088,Maruti Ertiga,4.1,14
DRV1350,Ekbal Memon,5227930412,MH29 CZ 8695,Toyota Innova,3.5,12
DRV1351,Faras Mangat,+916690061228,MH38 KD 1023,WagonR,3.8,3
DRV1352,Ayushman Bala,09310901784,MH25 NB 6157,Tata Nexon,3.9,18
DRV1353,Om Sahni,9323566603,MH3 ND 0836,Hyundai i20,4.8,8
DRV1354,Saksham Chander,00019472623,MH43 OI 1499,Hyundai i20,4.6,1
DRV1355,Shaurya Lad,06678700792,MH49 ID 1812,WagonR,4.4,2
DRV1356,Kamala Muni,9333609766,MH43 UT 0902,Toyota Innova,5.0,11
DRV1357,Adweta Tata,+919546375955,MH15 BZ 0306,Honda City,4.4,19
DRV1358,Anjali Khalsa,+915207241819,MH26 DC 1662,WagonR,3.8,13
DRV1359,Garima Bera,+916414078196,MH12 LO 2994,Hyundai i20,3.8,3
DRV1360,Ishanvi Peri,04273368207,MH48 RU 3885,Kia Seltos,4.4,15
DRV1361,Ranbir Dugar,6524536057,MH43 FX 2796,WagonR,3.9,12
DRV1362,Charles Ramachandran,7734186019,MH7 LL 8812,Mahindra XUV700,4.3,12
DRV1363,Samarth Palan,+917159097913,MH26 TG 7834,Kia Seltos,4.9,10
DRV1364,Bahadurjit Kaur,09021745360,MH9 OC 5296,Hyundai Creta,4.0,4
DRV1365,Mason Garde,09726342664,MH6 CE 6882,WagonR,4.1,12
DRV1366,Hemani Rana,+919363051074,MH13 BM 3977,Maruti Ertiga,4.8,2
DRV1367,Tarak Varghese,+914111181804,MH31 AR 9815,Maruti Ertiga,4.0,19
DRV1368,Mahika Narain,+916627569405,MH45 TA 3730,Mahindra XUV700,4.6,18
DRV1369,Megha Rattan,+917681840794,MH22 TB 4466,Swift Dzire,4.3,1
DRV1370,Aarini Arya,2719339304,MH36 MO 0081,Maruti Ertiga,4.1,15
DRV1371,Wishi Bhatnagar,+911483096306,MH4 DF 8758,Hyundai i20,4.9,18
DRV1372,Shravya Ghose,07966240841,MH2 UO 0576,Hyundai i20,4.1,10
DRV1373,Zaitra Oak,9572676838,MH50 DG 1411,WagonR,4.6,19
DRV1374,Nidhi Sodhi,+918311276772,MH46 KO 9877,Mahindra XUV700,3.6,14
DRV1375,Anjali Khalsa,01778509769,MH27 KB 2876,Kia Seltos,4.7,19
DRV1376,Oscar Patel,09103661755,MH18 IC 7696,Hyundai Creta,4.2,2
DRV1377,Upasna Ratti,5938654477,MH4 JJ 5833,Hyundai Creta,4.7,6
DRV1378,Lajita Iyengar,06220879094,MH15 CR 3959,WagonR,3.9,7
DRV1379,Isaac Minhas,+914765200558,MH6 ZE 3892,Kia Seltos,4.4,20
DRV1380,Rajeshri Zacharia,7725113399,MH38 KU 2441,Honda City,4.0,11
DRV1381,Ranveer Wagle,+911804316693,MH1 KT 9947,Mahindra XUV700,4.4,12
DRV1382,Gaurav Jha,+913180823108,MH24 ES 8729,Hyundai Creta,4.2,14
DRV1383,Kamya Buch,0088990417,MH32 OS 0013,Honda City,3.9,11
DRV1384,Brijesh Choudhary,+914376675017,MH24 NY 5982,Honda City,4.8,14
DRV1385,Unni Zacharia,+912319941100,MH6 BS 5773,Tata Nexon,3.6,14
DRV1386,Qasim Vala,+910424523379,MH46 MO 2659,Mahindra XUV700,5.0,12
DRV1387,Yahvi Banik,9477278392,MH47 TK 2330,Kia Seltos,4.4,17
DRV1388,Eesha Bhatnagar,+912564421083,MH24 YC 1615,Kia Seltos,4.7,18
DRV1389,Jairaj Aggarwal,04274806310,MH15 HX 6561,WagonR,3.7,20
DRV1390,Zehaan Rana,01685810703,MH2 RV 5302,Hyundai Creta,4.0,8
DRV1391,Tanveer Balakrishnan,0892006860,MH36 QH 2724,Toyota Innova,4.1,6
DRV1392,Veer Kuruvilla,05106704929,MH38 SK 4820,Honda City,3.9,13
DRV1393,Rajeshri Sawhney,03958566986,MH43 OS 8692,Maruti Ertiga,4.6,16
DRV1394,Upma Devi,+917488732897,MH22 YW 0892,Swift Dzire,4.8,5
DRV1395,Maanas Biswas,+914857077310,MH33 OJ 6191,Maruti Ertiga,3.7,13
DRV1396,Lakshmi Sarraf,+918658885856,MH15 DL 5461,WagonR,4.4,2
DRV1397,Tamanna Parmer,2854027071,MH50 LQ 0865,Hyundai Creta,3.6,16
DRV1398,Mitesh Andra,9535122113,MH15 VP 2667,Swift Dzire,4.2,2
DRV1399,Timothy Magar,05910978569,MH3 MD 2203,Tata Nexon,4.1,17
DRV1400,Reva Karnik,01865889463,MH43 KT 1947,Swift Dzire,4.4,17
DRV1401,Aarini Lalla,07092013820,MH3 KN 3439,WagonR,4.5,11
DRV1402,Chasmum Kalita,+910127085202,MH5 FH 9387,Maruti Ertiga,4.2,16
DRV1403,Faras Prabhu,9232199339,MH42 DB 4011,WagonR,4.9,5
DRV1404,Anthony Maharaj,06017331094,MH32 DQ 4660,Tata Nexon,4.2,10
DRV1405,Deepa Bahl,8875035133,MH37 NX 9342,Mahindra XUV700,4.2,3
DRV1406,Caleb Rastogi,+913763003525,MH17 JS 2527,WagonR,4.1,16
DRV1407,Mahika Hayre,02646300723,MH20 AP 4443,Swift Dzire,4.6,19
DRV1408,Samarth Mangal,06458520818,MH5 NI 2638,WagonR,4.5,11
DRV1409,Krisha Sood,05194289170,MH47 PU 0162,Mahindra XUV700,4.6,12
DRV1410,Divya Majumdar,+912905974961,MH48 XS 6791,Maruti Ertiga,4.8,4
DRV1411,Dayita Sachdev,+912157868185,MH22 AH 5008,Hyundai Creta,3.8,4
DRV1412,Urishilla Rattan,+917299947436,MH14 MR 0451,Tata Nexon,4.5,18
DRV1413,Indali Kar,+918116969170,MH6 CX 4856,Mahindra XUV700,3.8,13
DRV1414,Sai Thaker,07381173835,MH13 GE 3466,WagonR,4.4,6
DRV1415,Neelima Wagle,04049193431,MH28 RL 7266,Hyundai i20,4.5,18
DRV1416,Jonathan Jhaveri,4073347572,MH36 TZ 7411,Kia Seltos,3.8,2
DRV1417,Saksham Dugar,04001839810,MH24 GL 9934,WagonR,4.7,17
DRV1418,Waida Bail,0531621897,MH17 RN 7267,Mahindra XUV700,3.7,5
DRV1419,Eta Dasgupta,0365933513,MH16 IA 0255,Hyundai i20,5.0,10
DRV1420,Oliver Palan,+918993481850,MH27 UI 4981,Hyundai i20,3.5,13
DRV1421,Veer Dada,+911745748941,MH40 SI 3628,Hyundai Creta,3.5,5
DRV1422,Girish Dani,+916220890128,MH14 UA 1845,Swift Dzire,4.3,1
DRV1423,Abdul Bhavsar,8329139600,MH41 ZM 8924,Honda City,4.7,9
DRV1424,Leena Chaudry,02652336619,MH31 XN 0361,Tata Nexon,4.5,15
DRV1425,Aryan Tank,+910588794875,MH18 VM 5284,Hyundai i20,4.4,3
DRV1426,Kalpit Yogi,04074613813,MH2 WJ 0722,Mahindra XUV700,3.9,4
DRV1427,Chanchal Kothari,+914400284472,MH15 LR 1058,Maruti Ertiga,3.8,15
DRV1428,Chatresh Chawla,+914616695698,MH46 CE 3146,Mahindra XUV700,3.5,1
DRV1429,Ati Loyal,7719751740,MH8 KG 4715,Swift Dzire,4.1,19
DRV1430,Ladli Dhar,5481808062,MH44 LW 5422,Mahindra XUV700,4.9,3
DRV1431,Veda Ravel,06545181177,MH37 WO 7027,Honda City,3.6,16
DRV1432,Varenya Palan,03515421348,MH18 ET 9156,Toyota Innova,4.3,16
DRV1433,Theodore Madan,+914042768758,MH25 BK 5147,Maruti Ertiga,4.6,15
DRV1434,Ijaya Talwar,+913394910504,MH44 MI 4716,Kia Seltos,4.4,18
DRV1435,Xiti Natarajan,+916966273314,MH47 AE 9407,Honda City,4.9,18
DRV1436,Shivani Kanda,04719630520,MH7 KB 6870,Honda City,4.4,18
DRV1437,Zehaan Thaker,+910515005941,MH47 GL 1765,Mahindra XUV700,3.7,19
DRV1438,Amaira Chawla,6919570279,MH25 UR 9909,Tata Nexon,4.7,3
DRV1439,Zayan Mistry,02632489716,MH16 QA 9476,Tata Nexon,3.9,11
DRV1440,Anya Mukherjee,+912079324131,MH35 TJ 3833,Kia Seltos,4.3,19
DRV1441,Kai Joshi,09417869929,MH37 XJ 8996,Kia Seltos,4.8,11
DRV1442,Guneet Peri,+916992431367,MH37 OJ 1943,Hyundai i20,3.7,7
DRV1443,Warinder Padmanabhan,5210573771,MH39 DQ 0237,Maruti Ertiga,4.2,14
DRV1444,Vivaan Mammen,+917618465044,MH3 VO 3567,Swift Dzire,3.7,4
DRV1445,Aishani Ghosh,0843838515,MH47 WI 7854,Hyundai i20,4.9,15
DRV1446,Yashawini Master,1118736288,MH46 KU 8829,Toyota Innova,4.9,18
DRV1447,Gautami Ramaswamy,+912490268858,MH35 VN 5517,Kia Seltos,4.3,11
DRV1448,Devika Randhawa,01338872673,MH30 EZ 7328,Maruti Ertiga,3.9,12
DRV1449,Nikita Nanda,8227522710,MH3 NP 7882,Toyota Innova,4.6,11
DRV1450,Oni Garg,8729239193,MH44 KA 1914,WagonR,4.5,4
DRV1451,Pratyush Nadkarni,7046678433,MH14 UL 3978,Hyundai i20,5.0,2
DRV1452,Hemal Wagle,06626062483,MH27 VB 8021,WagonR,4.6,9
DRV1453,Falan Kar,03577537287,MH11 LC 9119,Tata Nexon,4.6,19
DRV1454,Dayita Batta,1025522203,MH36 RY 1284,Kia Seltos,4.9,18
DRV1455,Nathan Wason,+918669210400,MH17 CW 1112,Kia Seltos,4.3,4
DRV1456,Jyoti Baral,05752463243,MH23 QE 5168,Maruti Ertiga,4.2,8
DRV1457,Ati Bala,06802935998,MH41 CH 2147,Tata Nexon,3.5,1
DRV1458,Shaurya Morar,01636980683,MH22 QX 0722,Maruti Ertiga,4.1,3
DRV1459,Nicholas Randhawa,07933405227,MH17 UM 7503,Maruti Ertiga,4.1,2
DRV1460,Hemangini Patel,7319539278,MH5 GE 0514,Toyota Innova,4.6,19
DRV1461,Watika Kakar,1315285685,MH44 FC 7889,Hyundai i20,4.0,1
DRV1462,Gavin Kapadia,0447521762,MH37 NL 2702,Hyundai Creta,4.5,14
DRV1463,Lucky Minhas,+912781256734,MH48 AX 0434,Toyota Innova,4.3,8
DRV1464,Lakshmi Hegde,0891490596,MH25 HB 2273,Honda City,4.4,1
DRV1465,Sanaya Hegde,7158550544,MH24 FR 6863,Tata Nexon,3.7,1
DRV1466,Neelima Keer,3768011589,MH29 IQ 2240,Hyundai Creta,3.6,20
DRV1467,Atharv Kota,3270312345,MH41 UL 6944,Maruti Ertiga,4.1,4
DRV1468,Onkar Agate,+913162316899,MH26 CK 8939,Toyota Innova,4.9,19
DRV1469,Ekalinga Chauhan,8383920828,MH35 RE 0994,Tata Nexon,4.2,2
DRV1470,Ekbal Raj,01929220034,MH40 XR 8335,Mahindra XUV700,4.8,12
DRV1471,Aadi Salvi,03814768334,MH6 PL 2396,WagonR,4.3,11
DRV1472,Hiral Bhat,+917692506744,MH35 BC 9438,WagonR,3.8,14
DRV1473,Aditya Comar,9939919158,MH8 LG 8504,WagonR,4.0,10
DRV1474,Ladli Pant,03843526658,MH25 QD 3051,Hyundai i20,3.7,15
DRV1475,Aarini Walla,+917490001037,MH26 HJ 8589,WagonR,4.5,19
DRV1476,Kamala Chauhan,0858240472,MH23 BW 8082,Mahindra XUV700,4.6,13
DRV1477,Harsh Dalal,7723709612,MH29 BD 0119,Mahindra XUV700,4.5,4
DRV1478,Falguni Cheema,+912568820854,MH46 IR 0982,Tata Nexon,4.7,17
DRV1479,Nitara Kaur,3012481078,MH38 ZK 6417,Kia Seltos,4.6,8
DRV1480,Watika Halder,05299791327,MH4 JZ 0729,Tata Nexon,3.7,13
DRV1481,Omkaar Srivastava,04809693610,MH9 XR 0462,Mahindra XUV700,4.5,2
DRV1482,Libni Madan,8048659193,MH31 FR 1308,Maruti Ertiga,4.4,2
DRV1483,Aryan Pillay,+919870660003,MH33 UV 3694,Tata Nexon,4.0,17
DRV1484,Charvi Basak,+913395632910,MH34 YT 7213,Toyota Innova,4.3,13
DRV1485,Ubika Din,02316473193,MH50 MC 1499,Hyundai i20,3.9,13
DRV1486,Harsh Comar,9498598901,MH32 DP 7196,Tata Nexon,4.8,12
DRV1487,Yasti Kadakia,+913491529729,MH42 XK 8821,Honda City,4.0,12
DRV1488,Vasana Menon,9543536672,MH20 QS 7642,Mahindra XUV700,4.1,12
DRV1489,Ekta Goel,3095200297,MH46 GC 4379,Hyundai Creta,4.9,1
DRV1490,Yutika Raju,+918948566890,MH47 RN 2655,Honda City,4.3,13
DRV1491,Anvi Kata,02550639907,MH40 UI 7811,Tata Nexon,4.3,7
DRV1492,Jalsa Varughese,6217508923,MH32 GI 9725,Honda City,4.8,7
DRV1493,Zinal Bail,3428052073,MH8 MT 9453,Mahindra XUV700,4.6,6
DRV1494,Advaith Sha,+917384076985,MH15 GM 0833,Hyundai i20,5.0,13
DRV1495,Jackson Sankaran,4797844417,MH8 DK 1986,Tata Nexon,3.8,10
DRV1496,Sachi Buch,1311845154,MH7 EC 1231,Honda City,4.6,20
DRV1497,Dalbir Sankar,+916144008346,MH4 UV 1262,Maruti Ertiga,4.0,3
DRV1498,Lohit Virk,08268710979,MH18 UR 1653,Mahindra XUV700,4.2,12
DRV1499,Amara Sinha,05375781082,MH21 DJ 1260,Mahindra XUV700,4.7,13
DRV1500,Yashvi Oak,+915783318504,MH35 YJ 4832,Mahindra XUV700,3.9,20
DRV1501,Chakrika Khosla,09120863256,MH21 ZW 2225,Mahindra XUV700,4.7,7
DRV1502,Ladli Comar,+919577614981,MH24 MA 2476,WagonR,4.5,1
DRV1503,Krish Tak,+911239991922,MH23 ES 7557,Maruti Ertiga,4.3,9
DRV1504,Saksham Bajaj,+914507663626,MH33 QQ 8056,Kia Seltos,3.6,16
DRV1505,Ronith Salvi,9485460367,MH16 DG 4381,Honda City,4.2,19
DRV1506,Dhruv Basak,00099533897,MH49 XM 5306,Swift Dzire,5.0,13
DRV1507,Anamika Pingle,+918502478925,MH46 DI 9244,Mahindra XUV700,4.6,20
DRV1508,Dipta Lanka,2925781773,MH44 PR 1408,Hyundai Creta,4.9,8
DRV1509,Chatura Chadha,02926036460,MH29 AY 2070,Mahindra XUV700,4.2,4
DRV1510,Unni Munshi,+915041726909,MH36 GI 7866,Mahindra XUV700,4.5,7
DRV1511,Tara Sekhon,08437769104,MH33 CA 4137,Maruti Ertiga,3.8,13
DRV1512,Nicholas Gandhi,07403569001,MH11 YG 0131,Maruti Ertiga,4.3,6
DRV1513,Tanveer Soni,+915156244559,MH50 SB 4307,Kia Seltos,4.5,12
DRV1514,Pranav Ramachandran,08544345714,MH46 QH 2550,Hyundai i20,4.8,12
DRV1515,Veda Dube,04277363885,MH12 ME 6683,Mahindra XUV700,4.7,18
DRV1516,Dev Krishnamurthy,+915214181460,MH48 FG 8730,Mahindra XUV700,4.3,12
DRV1517,Henry Bobal,3188842449,MH18 OK 3952,WagonR,4.9,13
DRV1518,Joshua Subramanian,07461430571,MH41 IJ 4600,Kia Seltos,3.6,9
DRV1519,Odika Palla,+913846414324,MH13 UG 6565,Toyota Innova,3.7,10
DRV1520,Ishani Cheema,00844529341,MH27 RK 5410,WagonR,4.5,17
DRV1521,Gaurang Solanki,+912198590298,MH14 GJ 9860,WagonR,4.6,19
DRV1522,Amrita Zacharia,2768723256,MH6 HL 9960,Kia Seltos,5.0,12
DRV1523,Jairaj Barman,00465048770,MH43 CC 4963,Honda City,3.6,18
DRV1524,Aayush Krish,4456967100,MH36 ZW 8022,WagonR,3.9,14
DRV1525,Kevin Baria,00928335416,MH19 KY 8682,Toyota Innova,3.5,15
DRV1526,Amara Chowdhury,9557431091,MH15 DK 0133,Hyundai Creta,3.9,12
DRV1527,Yutika Sankaran,02523080594,MH37 AE 2792,Kia Seltos,4.3,7
DRV1528,Jhalak Gokhale,8994180117,MH4 DJ 1494,Honda City,4.6,18
DRV1529,Gopal Iyengar,2962161422,MH29 RZ 8680,Tata Nexon,4.7,7
DRV1530,Naksh Panchal,06828224757,MH46 YL 0350,Honda City,4.4,13
DRV1531,Girish Savant,+915667692927,MH26 LR 3509,Swift Dzire,4.2,4
DRV1532,Hemangini Tiwari,5625039465,MH47 TF 5422,Swift Dzire,4.3,8
DRV1533,Lopa Mand,9272601324,MH25 US 1479,WagonR,3.7,16
DRV1534,Daksh Saha,00263054646,MH40 II 2344,Tata Nexon,5.0,5
DRV1535,Lucky Vig,05610161639,MH41 KY 5346,Tata Nexon,3.8,11
DRV1536,Atharv Cherian,+911701321315,MH21 YA 8442,Honda City,4.8,16
DRV1537,Meera Gaba,04362457567,MH9 WP 8768,Swift Dzire,5.0,7
DRV1538,Daniel Mukhopadhyay,02363890959,MH9 RR 6751,Swift Dzire,3.7,6
DRV1539,Harshil Hari,+918356681276,MH10 IP 2629,Tata Nexon,3.7,16
DRV1540,Daksha Chaudhuri,+912903990043,MH47 NN 2532,Hyundai i20,4.5,7
DRV1541,Vasatika Varkey,07017494636,MH4 XY 2191,Swift Dzire,4.3,1
DRV1542,Rohan Bajaj,+913337041016,MH39 CU 8711,Maruti Ertiga,3.9,18
DRV1543,Rajeshri Samra,+910184609986,MH37 GX 7553,WagonR,4.5,15
DRV1544,Vivaan Narayan,4132030878,MH27 GO 4962,Honda City,4.6,16
DRV1545,Ayushman Tailor,+910638858819,MH22 WI 8259,Tata Nexon,3.6,15
DRV1546,Lila Patel,09751482043,MH27 YQ 1839,Mahindra XUV700,4.4,9
DRV1547,Advaith Rao,8584428308,MH25 AT 2984,Mahindra XUV700,3.7,7
DRV1548,Vanya Chhabra,+913813270367,MH20 IA 2293,Tata Nexon,4.1,2
DRV1549,Mason Raman,+917402164961,MH41 NO 2148,Hyundai i20,3.8,10
DRV1550,Vyanjana Sengupta,3224618163,MH14 TQ 6565,Hyundai Creta,4.0,5
DRV1551,Sai Dua,1562709121,MH1 FS 4872,Hyundai Creta,4.0,4
DRV1552,Ojas Behl,08709824503,MH1 FY 6627,Kia Seltos,4.8,20
DRV1553,Jeremiah Solanki,+910791707400,MH33 CC 9924,Kia Seltos,3.7,1
DRV1554,Manan Srinivas,+918885669181,MH36 OQ 1430,Toyota Innova,4.7,17
DRV1555,Ishita Maharaj,6845228758,MH38 ZH 4237,Mahindra XUV700,3.9,1
DRV1556,Advay Brahmbhatt,2131387301,MH19 AS 9738,Swift Dzire,4.6,13
DRV1557,Yadavi Palan,06157776626,MH11 FZ 0556,Hyundai Creta,4.6,10
DRV1558,Brinda Kurian,+916734763224,MH39 QT 2628,Maruti Ertiga,4.8,17
DRV1559,Keya Devan,06171412705,MH45 XH 1972,Tata Nexon,4.9,18
DRV1560,Wridesh Purohit,00653102142,MH31 GV 4270,WagonR,4.6,16
DRV1561,Quincy Chacko,+913830411194,MH28 TQ 1579,WagonR,3.8,18
DRV1562,Daniel Shankar,6479908437,MH10 XX 5692,Hyundai i20,4.1,18
DRV1563,Aadhya Krishna,5806986339,MH25 AN 5098,Hyundai Creta,4.9,12
DRV1564,Aarna Chatterjee,02869387669,MH12 PS 4121,WagonR,4.5,9
DRV1565,Joshua Zacharia,6994265341,MH18 JM 3286,Tata Nexon,4.2,6
DRV1566,Darpan Varma,+918667428894,MH49 ZJ 4227,Honda City,4.0,7
DRV1567,Jairaj Chanda,+917627753736,MH45 PO 9959,Hyundai Creta,4.7,4
DRV1568,Vamakshi Atwal,5253265342,MH21 PO 5097,Toyota Innova,4.7,18
DRV1569,Qarin Tella,+918106124274,MH47 NN 6735,Kia Seltos,3.8,16
DRV1570,Lohit Gara,01490791336,MH39 HZ 5298,Mahindra XUV700,4.5,2
DRV1571,Gaurangi Mand,00790295160,MH21 YU 5709,Hyundai i20,4.4,9
DRV1572,Zaitra Anand,08138925725,MH49 QW 0630,Tata Nexon,3.8,19
DRV1573,Ekani Subramaniam,08971409015,MH17 AH 8642,Swift Dzire,4.6,7
DRV1574,Vrishti Devan,08514561623,MH14 QR 7692,Toyota Innova,3.6,2
DRV1575,Anita Bedi,+915967626695,MH24 QE 3465,Honda City,4.0,7
DRV1576,Ekbal Mannan,5046295103,MH38 YE 8491,Hyundai Creta,4.8,15
DRV1577,Devika Sahni,+912414632267,MH28 WW 9860,Toyota Innova,4.3,5
DRV1578,Chakradhar Krishna,1209235847,MH38 GK 4945,Hyundai Creta,4.1,4
DRV1579,Gauri Muni,+919636101478,MH30 WI 2686,Maruti Ertiga,3.7,17
DRV1580,Amaira Majumdar,08401348832,MH19 TE 4631,Kia Seltos,4.7,10
DRV1581,Teerth Date,07312286044,MH38 OI 8267,WagonR,4.1,15
DRV1582,Omkaar Hans,9975857793,MH41 JJ 1143,Toyota Innova,4.2,19
DRV1583,Saumya Chauhan,05619199731,MH18 NU 1097,Swift Dzire,4.6,14
DRV1584,Balendra Swamy,+918973757070,MH45 BK 3950,Honda City,3.7,16
DRV1585,Bachittar Venkataraman,3247198214,MH1 TA 3241,Swift Dzire,3.9,12
DRV1586,Anamika Brahmbhatt,+913534923012,MH4 RN 5069,Toyota Innova,4.2,7
DRV1587,Qabil Sinha,+913937466954,MH6 JX 1017,Swift Dzire,4.2,11
DRV1588,Darpan Sagar,09551054832,MH1 OS 9311,WagonR,4.4,16
DRV1589,Imaran Gola,+914442069984,MH5 XU 7436,Tata Nexon,4.8,13
DRV1590,Urvi Naik,04730905916,MH8 EQ 3507,Kia Seltos,4.8,20
DRV1591,Gautam Desai,+919730760558,MH36 KH 1495,Honda City,3.8,19
DRV1592,Aashi Khurana,05196802919,MH42 DG 3970,Kia Seltos,3.8,5
DRV1593,Joshua Kota,0930240721,MH49 RU 4997,Hyundai i20,4.2,18
DRV1594,Chaman Agate,03606733252,MH19 IH 8930,Hyundai i20,3.9,6
DRV1595,Sanaya Mander,7997685671,MH38 YV 7774,Kia Seltos,4.2,9
DRV1596,Zayan Ben,+916119212752,MH31 KS 2890,WagonR,4.1,20
DRV1597,Lila Manda,08960030347,MH35 WW 1492,Hyundai i20,4.0,1
DRV1598,Jhalak Wali,01684950850,MH24 DK 3730,Honda City,4.8,6
DRV1599,Anvi Balakrishnan,9024982177,MH26 DJ 4422,Swift Dzire,4.7,20
DRV1600,Ikshita Bumb,00413147361,MH4 IL 6081,Hyundai i20,3.7,14
DRV1601,Jackson Pingle,00712651114,MH34 MH 1555,Toyota Innova,4.6,9
DRV1602,Champak Babu,+910713454771,MH23 ZB 3390,Kia Seltos,4.3,7
DRV1603,Ekalinga Atwal,+910812726259,MH34 PS 3718,Hyundai Creta,3.9,11
DRV1604,Yahvi Parikh,02475572019,MH49 BY 2391,Hyundai i20,4.6,14
DRV1605,Yuvraj Buch,+916882473558,MH45 UT 5197,Honda City,4.2,12
DRV1606,Ekapad Saha,+919674419439,MH27 UY 2221,Toyota Innova,4.3,15
DRV1607,Utkarsh Shere,9785304831,MH30 NT 5778,Hyundai i20,4.1,2
DRV1608,Indali Patla,+912121723055,MH13 GA 4563,Hyundai Creta,5.0,7
DRV1609,Vivaan Singh,+915486100340,MH31 UE 7307,Tata Nexon,4.9,18
DRV1610,Samar Raval,00431579584,MH10 UZ 8089,Toyota Innova,3.8,6
DRV1611,Qasim Behl,02210814796,MH43 SG 7751,WagonR,4.4,17
DRV1612,Joshua Jayaraman,4778227559,MH14 XB 1966,WagonR,4.7,3
DRV1613,Amrita Patel,00761112285,MH10 SA 5323,Kia Seltos,4.4,20
DRV1614,Pooja Nayak,+914910443353,MH22 HC 5907,Mahindra XUV700,4.1,14
DRV1615,Viraj Taneja,+919434476627,MH40 UB 6166,Hyundai Creta,3.7,1
DRV1616,Harsh Ram,08587909506,MH25 RG 5593,Kia Seltos,4.0,16
DRV1617,Samesh Swaminathan,+911285587694,MH1 HW 5754,Toyota Innova,3.5,19
DRV1618,Henry Kibe,+919537821520,MH41 UJ 2285,Tata Nexon,4.2,11
DRV1619,Benjamin Dalal,6264840592,MH47 RJ 8095,Tata Nexon,3.7,13
DRV1620,Januja Jain,+917480055809,MH8 OG 5564,Toyota Innova,4.8,3
DRV1621,Sara Mody,0808546518,MH15 WZ 3990,Hyundai i20,4.9,18
DRV1622,Urvi Gade,02916040427,MH36 VV 6634,Toyota Innova,4.7,16
DRV1623,Varenya Patla,+914010946874,MH11 CT 4634,Toyota Innova,4.4,6
DRV1624,Vyanjana Krish,00282934918,MH29 VE 4433,WagonR,4.5,1
DRV1625,Zayan Atwal,+916858444897,MH32 UV 8297,Kia Seltos,4.8,20
DRV1626,Saumya Subramanian,2070376297,MH19 ZP 5224,Honda City,4.5,6
DRV1627,Finn Mital,08461413693,MH48 MA 0696,WagonR,4.9,3
DRV1628,Omaja Trivedi,03122238999,MH25 EV 0638,Honda City,3.9,15
DRV1629,Tamanna Palan,+918881037249,MH40 DA 2256,Hyundai Creta,4.6,4
DRV1630,Janya Mistry,0690534887,MH37 PT 6723,Maruti Ertiga,3.8,17
DRV1631,Logan Aggarwal,05411206811,MH16 MM 7890,Tata Nexon,4.2,15
DRV1632,Idika Master,4044132688,MH16 UE 3979,Hyundai Creta,3.9,20
DRV1633,Isaac Mall,+911900287405,MH22 IM 0063,Honda City,4.6,1
DRV1634,Samarth Gandhi,6071472296,MH4 NV 2318,Mahindra XUV700,3.8,8
DRV1635,Samarth Comar,5217312746,MH50 UA 0991,Hyundai i20,3.6,7
DRV1636,Divya Korpal,03203229361,MH27 AZ 8107,Mahindra XUV700,4.5,8
DRV1637,Aarini Goda,4693167651,MH24 QR 3183,Toyota Innova,4.9,4
DRV1638,Yuvraj Narang,04391933898,MH31 IR 3937,Maruti Ertiga,3.8,16
DRV1639,Ati Reddy,7568846113,MH29 DS 7287,Kia Seltos,4.8,20
DRV1640,Chanchal Jayaraman,8620277369,MH34 LQ 7317,Tata Nexon,4.4,12
DRV1641,Veda Narang,+912156405534,MH6 SH 7773,Tata Nexon,3.6,13
DRV1642,Hema Rajagopalan,+914429337780,MH8 QU 6921,Honda City,3.8,14
DRV1643,Isaiah Suri,9300419847,MH2 KY 0017,Maruti Ertiga,3.5,17
DRV1644,Ladli Sehgal,+913254788023,MH44 CM 6820,Mahindra XUV700,4.5,13
DRV1645,Aishani Upadhyay,+910604492672,MH3 QI 9816,Kia Seltos,3.7,1
DRV1646,Ekta Rajagopalan,00540474083,MH32 MA 6939,Tata Nexon,4.2,19
DRV1647,Tejas Parmar,4961885720,MH37 DL 6408,Hyundai Creta,3.7,3
DRV1648,Adya Jhaveri,+912163778421,MH5 BU 3651,Tata Nexon,3.9,19
DRV1649,Yashica Keer,+914341700547,MH2 JT 2406,Hyundai i20,4.8,17
DRV1650,Aarav Uppal,+916554520851,MH27 RQ 5970,WagonR,4.5,16
DRV1651,Gopal Comar,+916804390045,MH26 AZ 5600,Maruti Ertiga,3.9,14
DRV1652,Krishna Buch,6695308307,MH35 NN 7364,Kia Seltos,3.5,10
DRV1653,Upasna Bhandari,02247697717,MH12 NR 7123,Hyundai i20,4.1,9
DRV1654,Arin Sur,06666519196,MH27 BE 2125,Hyundai i20,4.4,12
DRV1655,Aashi Taneja,7591407081,MH15 WE 6497,Honda City,4.1,8
DRV1656,Siddharth Lal,+911039598047,MH23 ZK 2732,Swift Dzire,4.4,7
DRV1657,Patrick Bhat,07568691054,MH17 IQ 9677,WagonR,4.7,15
DRV1658,Vedant Nadkarni,1031088219,MH6 IF 1017,Maruti Ertiga,3.7,7
DRV1659,Avni Date,4895942823,MH19 CR 8690,Maruti Ertiga,3.6,12
DRV1660,Balhaar Kala,00989342764,MH4 QQ 3675,Honda City,3.9,4
DRV1661,Madhav Ravi,+911914892216,MH24 CZ 3565,WagonR,5.0,2
DRV1662,Urvashi Chakrabarti,7633648696,MH35 PB 0983,Hyundai Creta,3.6,15
DRV1663,Ekalinga Sant,+914267464970,MH5 EJ 3311,Tata Nexon,3.5,17
DRV1664,Pooja Brar,0550074806,MH37 HH 7006,Hyundai Creta,4.8,1
DRV1665,Radhika Ganesh,01682480758,MH40 NZ 1193,Kia Seltos,4.4,4
DRV1666,Kamya Nadig,7706914916,MH13 IF 7126,Swift Dzire,3.5,15
DRV1667,Jyoti Sahota,4223444266,MH5 AI 5962,Swift Dzire,3.9,20
DRV1668,Yoshita Deo,8158442309,MH32 PN 0988,Swift Dzire,4.8,16
DRV1669,Chakradhar De,+918829805957,MH32 TX 5959,Maruti Ertiga,3.6,12
DRV1670,Ayush Mane,7223224990,MH18 RZ 5165,Tata Nexon,4.1,10
DRV1671,Aahana Kala,+916562599078,MH10 CC 3660,WagonR,3.6,1
DRV1672,Aarna Varughese,6813275216,MH37 DO 2349,WagonR,4.3,8
DRV1673,Vincent Date,00271708678,MH47 WE 1148,Kia Seltos,4.9,3
DRV1674,Tara Varkey,+912475226939,MH36 EC 1514,Tata Nexon,4.1,4
DRV1675,Nihal Nagarajan,2002471969,MH11 WR 4104,Swift Dzire,4.0,10
DRV1676,Faras Kunda,0013923139,MH21 OJ 7433,Honda City,3.6,20
DRV1677,Balhaar Gill,7917750977,MH41 HJ 2082,Toyota Innova,4.8,9
DRV1678,Aachal Bhatti,+914429077486,MH40 VY 3770,Toyota Innova,4.7,12
DRV1679,Osha Venkataraman,1714679182,MH8 FJ 7439,Maruti Ertiga,3.9,15
DRV1680,Samesh Arya,9482492305,MH16 JS 0940,Swift Dzire,3.6,18
DRV1681,Omkaar Mukherjee,00845424734,MH40 GJ 6591,Kia Seltos,5.0,10
DRV1682,Jeevika Prashad,+914350323191,MH37 VD 2633,Swift Dzire,3.8,18
DRV1683,Aachal Gour,9507284055,MH7 PY 3266,Kia Seltos,4.0,1
DRV1684,Sachi Hari,5016112355,MH30 CF 1614,Swift Dzire,3.7,1
DRV1685,Lipika Bava,08363617652,MH7 IN 2545,Toyota Innova,3.5,5
DRV1686,Ganga Saxena,8681095840,MH24 DK 3730,Toyota Innova,3.8,8
DRV1687,Bhavya D’Alia,05070277588,MH6 XR 0567,Hyundai Creta,4.3,3
DRV1688,Falak Kuruvilla,04650362005,MH40 HC 3953,Tata Nexon,3.9,5
DRV1689,Triveni Krishnan,06056405664,MH47 TK 2330,WagonR,3.5,8
DRV1690,Falguni Tripathi,+915806627211,MH4 RN 3631,Hyundai i20,4.1,9
DRV1691,Tamanna Maharaj,08270741988,MH16 HG 0804,Honda City,4.6,19
DRV1692,Indali Roy,02742474565,MH2 ME 5750,Toyota Innova,4.3,14
DRV1693,Viraj Dara,09145359145,MH32 DJ 4088,Kia Seltos,4.6,3
DRV1694,Dakshesh Bhardwaj,9118722045,MH32 DW 8509,Hyundai i20,4.1,6
DRV1695,Yagnesh Tella,2091263726,MH36 MQ 5679,Maruti Ertiga,3.6,11
DRV1696,Nimrat Anand,1312850388,MH43 YZ 8368,Honda City,4.9,5
DRV1697,Kai Subramanian,09294258221,MH18 GU 8937,Hyundai Creta,3.7,11
DRV1698,Yash Bava,+918284098432,MH14 SG 8141,Hyundai Creta,3.7,13
DRV1699,Bakhshi Mital,+917824061102,MH8 EF 7192,Hyundai Creta,4.1,16
DRV1700,Mason Varughese,+918236313437,MH37 ST 7744,Swift Dzire,4.2,18
DRV1701,Maanav Kuruvilla,8363611626,MH2 SW 2439,Maruti Ertiga,4.7,13
DRV1702,Yashawini Saxena,00957227730,MH6 VF 1808,Maruti Ertiga,4.2,3
DRV1703,Eshana Walia,+911679091200,MH32 HN 1671,Mahindra XUV700,4.8,17
DRV1704,Daniel Yohannan,05024223466,MH36 FR 0323,Swift Dzire,3.6,1
DRV1705,Warda Sami,0778081921,MH37 LJ 9985,Kia Seltos,3.7,20
DRV1706,Aishani Sibal,2983753145,MH41 QI 1487,Hyundai Creta,3.7,15
DRV1707,Oni Saraf,7341309255,MH6 AZ 6478,Hyundai Creta,4.4,7
DRV1708,Zaid Vala,7612378695,MH18 NJ 3679,Maruti Ertiga,4.1,16
DRV1709,Vamakshi Narayan,08939888364,MH22 ZD 7286,Swift Dzire,4.8,17
DRV1710,Kashish Srivastava,4684979199,MH21 WG 9751,Mahindra XUV700,4.4,7
DRV1711,Rayaan Wali,+918867583509,MH29 DL 5548,Toyota Innova,4.3,15
DRV1712,Waida Borah,+912214194417,MH43 ZN 5034,Swift Dzire,4.1,4
DRV1713,Rachita Toor,+913928545978,MH39 AH 8272,Swift Dzire,4.8,8
DRV1714,Ekbal Srinivas,+916927340843,MH39 TS 7239,Toyota Innova,4.3,17
DRV1715,Samaksh Devan,3479887670,MH3 UE 6093,Hyundai Creta,4.3,15
DRV1716,Banjeet Bora,+911063507920,MH28 JW 9126,Swift Dzire,3.7,1
DRV1717,Jai Sahota,01862811478,MH34 PC 4763,Kia Seltos,3.8,3
DRV1718,Sudiksha Bawa,06214545988,MH22 ZD 7286,WagonR,4.9,12
DRV1719,Dhruv Memon,+915008731970,MH18 GQ 3203,Maruti Ertiga,4.4,14
DRV1720,Gautam Hari,6187518392,MH26 UL 0479,Mahindra XUV700,4.8,18
DRV1721,Ishwar Deep,+910054961042,MH40 ES 2877,Kia Seltos,4.4,20
DRV1722,Veer Narang,7952673814,MH1 WB 2602,Maruti Ertiga,4.8,15
DRV1723,Utkarsh Dhingra,8997870529,MH36 TO 4617,Maruti Ertiga,4.6,12
DRV1724,Tarak Narayanan,09309689616,MH27 EN 3105,Tata Nexon,4.0,18
DRV1725,Falan Viswanathan,+917500280711,MH30 AD 2559,WagonR,3.7,11
DRV1726,Tripti Ganesh,+911919725221,MH4 WA 5072,Hyundai Creta,3.5,20
DRV1727,Nitara Shah,4865552401,MH50 TF 9065,Tata Nexon,4.3,2
DRV1728,Rushil Narasimhan,+917911017845,MH11 KE 5452,Mahindra XUV700,3.7,12
DRV1729,Bahadurjit Subramanian,+916545930932,MH8 JU 8104,Kia Seltos,4.3,11
DRV1730,Charles Modi,9697541459,MH30 EY 1873,Toyota Innova,4.0,8
DRV1731,Theodore Sastry,+915034537515,MH12 PD 4147,Maruti Ertiga,4.7,19
DRV1732,Anvi Shenoy,07013380389,MH15 PY 8056,Maruti Ertiga,4.1,15
DRV1733,Maanav Purohit,3297788639,MH48 FW 2599,Honda City,3.7,19
DRV1734,Pahal Koshy,5480837394,MH17 EP 9679,Maruti Ertiga,5.0,1
DRV1735,Diya Gole,05818937424,MH23 EL 4447,Maruti Ertiga,4.7,3
DRV1736,Lucky Suri,+918816294359,MH43 GO 7151,Tata Nexon,4.4,17
DRV1737,Rayaan Morar,03886890016,MH3 ZU 0111,Hyundai i20,4.5,3
DRV1738,Ria Hans,0117292158,MH2 UO 0576,Toyota Innova,4.6,2
DRV1739,Dalbir Bhardwaj,+911578205503,MH14 CU 8582,Honda City,4.6,2
DRV1740,Lajita Dubey,06187479951,MH44 ST 0152,Toyota Innova,4.5,1
DRV1741,Omkaar Sarkar,+911961699317,MH26 ZD 8628,Toyota Innova,3.5,13
DRV1742,Eshana Parmar,+915198295321,MH16 KT 5470,WagonR,3.5,12
DRV1743,Chandresh Kala,5501521863,MH13 BD 2058,Toyota Innova,4.6,15
DRV1744,Ranveer Baria,+914722329005,MH32 XD 7429,Tata Nexon,3.8,1
DRV1745,Ojas Chaudhary,+919353727537,MH48 VF 6426,Hyundai Creta,4.6,5
DRV1746,Damyanti Comar,03686678092,MH43 KW 3343,Mahindra XUV700,4.5,3
DRV1747,Ira Chandra,+916141014700,MH13 EK 1006,Maruti Ertiga,4.4,4
DRV1748,Nimrat Patla,+918413410796,MH1 HO 3636,Honda City,3.6,20
DRV1749,Charan Chaudhry,+915955881967,MH3 LG 0942,Honda City,4.6,18
DRV1750,Sachi Manne,08035127572,MH44 CP 3272,Swift Dzire,4.6,9
DRV1751,Eshana Wason,03791202334,MH1 YP 7987,Toyota Innova,3.9,16
DRV1752,Yug Kapur,7167642449,MH5 LH 8196,WagonR,5.0,9
DRV1753,Libni Mital,01948987578,MH20 QQ 4676,WagonR,4.0,13
DRV1754,Chavvi Sarkar,0032899640,MH22 XA 6375,WagonR,4.2,8
DRV1755,Sudiksha Saraf,+918740534877,MH35 WE 8413,WagonR,4.6,19
DRV1756,Vyanjana Prasad,+914005470415,MH30 YB 6325,Swift Dzire,4.1,14
DRV1757,Sarthak Suresh,06947851551,MH6 XU 5614,Honda City,3.9,2
DRV1758,Aarini Pant,09566751491,MH6 PE 7744,Tata Nexon,5.0,19
DRV1759,Madhav Hayer,3543422240,MH46 KO 9877,Swift Dzire,3.7,1
DRV1760,Radhika Dhar,7767731552,MH10 XY 0631,Tata Nexon,3.8,11
DRV1761,Omya Chahal,05539496481,MH7 DR 4106,Swift Dzire,4.6,4
DRV1762,Thomas Dyal,+917864856344,MH30 DA 2697,Hyundai i20,4.3,12
DRV1763,Niharika Mitter,04830999376,MH40 NK 4812,Toyota Innova,4.8,12
DRV1764,Ria Walia,+913626448121,MH37 IU 9814,Hyundai Creta,4.4,5
DRV1765,Zaid Hora,04285104092,MH32 DE 4085,Mahindra XUV700,4.9,15
DRV1766,Falguni Bhandari,+918157176598,MH24 GK 3616,Mahindra XUV700,4.7,18
DRV1767,Raghav Bhat,+915545043356,MH7 YM 7712,Maruti Ertiga,4.3,14
DRV1768,Simon Sem,00652834713,MH23 SC 3316,Maruti Ertiga,4.2,6
DRV1769,Amrita Tandon,09838042239,MH20 RX 2707,Tata Nexon,3.8,19
DRV1770,Chaaya Gill,8683377303,MH8 QE 0986,Swift Dzire,4.6,5
DRV1771,Triveni Pandit,1145369591,MH25 RA 7382,Mahindra XUV700,3.9,19
DRV1772,Radhika Chaudhari,+915206847196,MH38 HQ 8359,Maruti Ertiga,3.7,2
DRV1773,Elijah Shanker,8547111029,MH47 NN 2532,WagonR,4.3,6
DRV1774,Hemangini Virk,04891209713,MH44 CJ 9376,Hyundai Creta,4.0,19
DRV1775,Rayaan Warrior,+912227567384,MH30 VP 7079,Maruti Ertiga,4.6,6
DRV1776,Leena Munshi,6727540850,MH29 DM 3630,Hyundai i20,3.9,20
DRV1777,Om Walia,+917122704264,MH10 IV 6093,Tata Nexon,4.1,7
DRV1778,Chaman Pai,+911393007232,MH44 OL 3017,Hyundai Creta,4.3,3
DRV1779,Pooja Wable,+916235861157,MH45 SM 3814,Honda City,4.0,20
DRV1780,Ganga Goel,8323548508,MH16 WO 2583,Swift Dzire,3.7,2
DRV1781,Varenya Sheth,00348935699,MH14 TN 6107,Hyundai Creta,4.2,2
DRV1782,Harinakshi Mandal,0306098425,MH48 NR 7520,Kia Seltos,4.4,5
DRV1783,Shaurya Parekh,5904906725,MH2 OQ 7923,Maruti Ertiga,4.8,19
DRV1784,Max Lanka,2976314456,MH47 EV 5350,Mahindra XUV700,3.6,3
DRV1785,Nihal Peri,08779765165,MH43 UH 3810,Swift Dzire,4.5,7
DRV1786,Tamanna Varty,09630994964,MH22 XC 6545,Swift Dzire,4.2,2
DRV1787,Warinder Goyal,01622314485,MH38 QZ 7787,Tata Nexon,3.6,15
DRV1788,Chaman Amble,+911754421052,MH21 YD 9895,Mahindra XUV700,4.4,18
DRV1789,Wakeeta Lall,8162465212,MH23 MW 5322,Tata Nexon,4.7,20
DRV1790,Libni Sibal,1570539726,MH49 MP 0507,Mahindra XUV700,4.3,9
DRV1791,Warhi D’Alia,+913974938078,MH24 YI 7019,Tata Nexon,3.6,5
DRV1792,Raagini Vora,+917087451473,MH7 WB 5944,Honda City,3.9,18
DRV1793,Theodore Gandhi,3404048517,MH11 TZ 6823,Kia Seltos,4.0,18
DRV1794,Lila Sule,+917766174450,MH28 BD 0714,Kia Seltos,4.9,19
DRV1795,Jackson Palan,9582335854,MH23 ZJ 5428,Swift Dzire,3.8,1
DRV1796,Vedant Dhaliwal,+919687421444,MH6 RR 6405,Honda City,3.7,8
DRV1797,Ganga Raja,1660668531,MH2 IR 0965,Maruti Ertiga,4.0,18
DRV1798,Imaran Guha,+915654453513,MH2 HG 3991,Hyundai Creta,4.6,17
DRV1799,Anay Gaba,+911087198549,MH36 BT 9414,Kia Seltos,5.0,12
DRV1800,Gavin Trivedi,2220671208,MH31 RV 2862,Mahindra XUV700,5.0,14
DRV1801,Chatresh Koshy,+910248600711,MH22 JF 4394,Honda City,4.2,19
DRV1802,Gaurav Lata,+919306990874,MH46 TG 3214,Swift Dzire,4.7,8
DRV1803,Theodore Sinha,+918303691357,MH30 IE 5651,Tata Nexon,4.8,4
DRV1804,Eesha Reddy,0839220378,MH27 KW 3594,WagonR,4.7,3
DRV1805,Indrajit Mangal,06070102569,MH20 QS 7642,Maruti Ertiga,3.5,12
DRV1806,Jacob Sami,4219486851,MH25 AO 8277,Hyundai Creta,5.0,16
DRV1807,Bhavani Bal,03739929269,MH7 XQ 6593,Hyundai i20,4.4,15
DRV1808,Caleb Kashyap,06423961202,MH22 QQ 3430,Honda City,3.8,19
DRV1809,Niharika More,+912392355862,MH6 PS 7840,WagonR,4.7,16
DRV1810,Orinder Barman,06750665306,MH30 HL 8660,Honda City,5.0,8
DRV1811,Dayamai Karnik,+914515068120,MH48 KE 4781,Hyundai i20,4.7,8
DRV1812,Isaac Pau,03689304786,MH46 SY 0978,Honda City,4.6,14
DRV1813,Ekantika Mody,+914182997391,MH33 ZW 2969,WagonR,4.9,2
DRV1814,Chaitaly Srinivas,07177235869,MH20 MV 4624,Hyundai i20,3.8,10
DRV1815,Raksha Naidu,07183354192,MH27 OU 5118,Kia Seltos,4.7,7
DRV1816,Vidhi Khatri,+919336130964,MH36 ZO 8407,Hyundai i20,4.6,10
DRV1817,Unni Goel,4107817691,MH38 EZ 2619,Tata Nexon,4.5,3
DRV1818,Ayush Ramesh,+913386328135,MH8 KL 3280,Kia Seltos,4.2,11
DRV1819,Maya Vala,01953174924,MH33 HG 9173,Kia Seltos,4.8,11
DRV1820,Alexander Sridhar,+910291841030,MH2 UL 1558,Tata Nexon,4.8,4
DRV1821,Ishwar Pandey,+919663883726,MH49 FF 3401,Toyota Innova,4.8,14
DRV1822,Jyoti Banik,+910790540028,MH29 SZ 3689,Toyota Innova,4.5,1
DRV1823,Ekantika Chahal,09714056023,MH3 OU 0050,Swift Dzire,4.2,3
DRV1824,Abha Sen,3346961411,MH18 CU 9379,Mahindra XUV700,3.8,4
DRV1825,Bishakha Bakshi,00591616378,MH25 BY 8944,Hyundai Creta,3.9,20
DRV1826,Warinder Jain,02351301362,MH46 JU 0389,Maruti Ertiga,5.0,15
DRV1827,Wridesh Manda,05646884082,MH5 LC 6642,Tata Nexon,4.4,19
DRV1828,Advika Ravel,+914287458897,MH9 BT 4316,Tata Nexon,3.9,6
DRV1829,Gaurangi Issac,04818020666,MH28 BD 0714,Hyundai Creta,3.7,20
DRV1830,Adya Saini,+913187952064,MH48 DW 7434,Kia Seltos,4.6,2
DRV1831,Yashawini Parekh,8315041074,MH13 RM 3818,Kia Seltos,3.6,18
DRV1832,Lakshit Gopal,+912544142642,MH7 FU 5462,Swift Dzire,4.9,18
DRV1833,Aarnav Shankar,+911969222181,MH41 HC 1074,Honda City,4.0,20
DRV1834,Warinder Kaul,8419617814,MH4 SS 2507,Mahindra XUV700,3.9,15
DRV1835,Gautam Varughese,05582417269,MH15 KE 2998,Honda City,4.9,13
DRV1836,Dakshesh Pandit,0219240334,MH13 NT 1627,Honda City,4.1,3
DRV1837,Nidra Kari,+914063584331,MH50 GL 8543,WagonR,4.0,3
DRV1838,Mitali Kala,5640686294,MH28 JL 5625,Tata Nexon,4.9,5
DRV1839,Tarak Padmanabhan,+915331798138,MH15 WY 9815,Swift Dzire,3.8,6
DRV1840,Keya Bhat,+917634887884,MH40 GX 9273,Hyundai i20,4.6,3
DRV1841,Panini Shetty,+917616040710,MH22 PN 4279,Tata Nexon,4.1,4
DRV1842,Yutika Bajaj,6745095169,MH7 XG 5422,Maruti Ertiga,4.5,16
DRV1843,Kamya Dugar,7132979511,MH14 JP 3961,Kia Seltos,4.2,13
DRV1844,Meghana Konda,+918174852657,MH17 FZ 5142,WagonR,4.0,20
DRV1845,Tristan Madan,+915529467266,MH38 TN 8918,Mahindra XUV700,3.9,9
DRV1846,Guneet Kata,4281307678,MH15 TP 0971,WagonR,4.7,17
DRV1847,Lavanya Bose,7324372680,MH21 MD 8285,Maruti Ertiga,4.2,19
DRV1848,Anusha Sur,+919506674710,MH46 PQ 6213,WagonR,4.6,13
DRV1849,Christopher Bawa,06761380746,MH12 VS 7557,Mahindra XUV700,4.6,4
DRV1850,Lakshit Kibe,03806669177,MH2 ZI 4398,Kia Seltos,4.2,8
DRV1851,Veda Toor,+917067304669,MH24 RZ 6623,Kia Seltos,4.0,9
DRV1852,Maya Pillai,+913388321356,MH44 RH 3929,Honda City,4.8,9
DRV1853,Abhimanyu Karpe,6662316721,MH7 ZA 1789,Swift Dzire,4.8,16
DRV1854,Inaya Bajwa,6290013204,MH22 HY 8297,Hyundai i20,4.7,1
DRV1855,Omisha Singhal,+919370595921,MH2 IV 8929,Hyundai i20,4.5,10
DRV1856,Anita Mammen,3123641839,MH25 XP 1355,Hyundai i20,3.9,20
DRV1857,Frado Dani,9112580134,MH48 BY 0272,Toyota Innova,3.8,4
DRV1858,Gavin Mani,8824049485,MH19 LF 4516,Swift Dzire,3.9,19
DRV1859,Theodore Borra,7071886396,MH1 MA 9757,Tata Nexon,3.8,18
DRV1860,Vihaan Tak,4792370283,MH20 NZ 5733,Tata Nexon,4.3,14
DRV1861,Farhan Magar,07622766494,MH20 BT 0000,Mahindra XUV700,3.5,18
DRV1862,Nilima Chad,6719227633,MH38 GX 5437,Swift Dzire,3.6,5
DRV1863,Shravya Sharma,9293348683,MH36 FH 5618,Mahindra XUV700,4.7,9
DRV1864,Gautami Sengupta,09223424880,MH50 IE 4428,Hyundai i20,4.6,4
DRV1865,Maya Magar,8747581243,MH24 RR 5141,Honda City,3.9,6
DRV1866,Umang Warrior,07999955335,MH29 HR 4523,WagonR,4.1,19
DRV1867,Rachita Hari,3210399972,MH27 DN 0212,Hyundai Creta,3.9,8
DRV1868,Frado Ramanathan,+911255073244,MH47 TO 5974,Honda City,3.5,1
DRV1869,Brijesh Kadakia,00735331920,MH4 AO 0325,WagonR,4.4,19
DRV1870,Chaitanya Krishnamurthy,+915662925304,MH9 GD 6606,Tata Nexon,3.7,19
DRV1871,Zansi Reddy,3753923072,MH39 BM 3375,Maruti Ertiga,4.4,14
DRV1872,Wishi Trivedi,00056262550,MH18 TX 2986,Tata Nexon,3.7,6
DRV1873,Divya Char,+914174483542,MH50 ZB 8330,Hyundai Creta,4.9,15
DRV1874,Umang Samra,07635243111,MH46 OO 9789,Mahindra XUV700,4.0,4
DRV1875,Neha Muni,07561030507,MH34 HC 4379,Hyundai Creta,4.4,6
DRV1876,Anya Mohanty,07634621779,MH20 CV 8459,Swift Dzire,3.6,3
DRV1877,Indrajit Rastogi,+917437359536,MH41 IO 6697,WagonR,3.6,7
DRV1878,Osha Dalal,8747512887,MH34 MB 2842,Hyundai i20,4.5,11
DRV1879,Upkaar Karnik,7155609838,MH33 ZF 6675,Tata Nexon,4.7,13
DRV1880,Thomas Nagarajan,09917595445,MH43 DK 4775,Kia Seltos,4.0,17
DRV1881,Dhruv Kakar,5539273096,MH37 WE 1872,Mahindra XUV700,3.6,13
DRV1882,Bhavya Raju,01685806579,MH15 FS 9921,Hyundai Creta,3.6,3
DRV1883,Idika Seth,06083958601,MH46 IC 1738,Tata Nexon,4.5,13
DRV1884,Rohan Grover,+918595603675,MH10 IQ 8345,Honda City,3.6,6
DRV1885,Hemang Mallick,+919384393678,MH14 MV 5646,Tata Nexon,4.0,16
DRV1886,Kashvi Bal,+917582153703,MH22 EB 7650,Swift Dzire,4.9,2
DRV1887,Dhruv Balan,2447723606,MH37 JU 1474,Tata Nexon,4.3,9
DRV1888,Veer Mishra,1929187293,MH50 MC 5781,Hyundai Creta,4.0,6
DRV1889,Hemani Suresh,+915546614416,MH32 OH 0776,Honda City,3.6,7
DRV1890,Ishani Gupta,9622332638,MH13 IC 0268,Honda City,4.6,18
DRV1891,Anusha Chahal,03933209469,MH30 DU 5204,Mahindra XUV700,3.9,20
DRV1892,Jagat Pandey,7710247196,MH11 KF 9277,Swift Dzire,3.9,1
DRV1893,Maanas Malhotra,0964115423,MH39 NN 7529,Toyota Innova,4.8,4
DRV1894,Samaksh Uppal,3376448742,MH39 IE 0726,Toyota Innova,3.8,9
DRV1895,Aarnav Anand,07262097109,MH32 CA 7810,Swift Dzire,4.2,4
DRV1896,Devansh Mani,+918000317383,MH21 IA 0175,WagonR,4.8,13
DRV1897,Charvi Borra,3664772472,MH33 ZU 8879,Honda City,4.3,14
DRV1898,Benjamin Srinivas,6720112094,MH18 YR 3756,Swift Dzire,3.9,15
DRV1899,Amaira Shah,05072392653,MH4 DF 3725,Honda City,3.9,13
DRV1900,Jacob Chakraborty,6239278415,MH25 OC 8017,Hyundai i20,4.4,12
DRV1901,Naveen Rege,+916103380345,MH9 DT 1449,Honda City,4.6,16
DRV1902,Azad Wason,+914250531991,MH12 QD 1243,Hyundai Creta,3.9,6
DRV1903,Amara Cherian,00412363509,MH41 HK 1549,Tata Nexon,3.6,20
DRV1904,Samaksh Sarna,+910962993680,MH35 DZ 3164,WagonR,4.3,15
DRV1905,Rachita Tripathi,06953906257,MH12 PW 8623,Hyundai i20,3.6,14
DRV1906,Reyansh Kunda,+911917160156,MH22 TB 4466,WagonR,3.7,2
DRV1907,Nirja Murthy,2274870068,MH23 FB 5370,WagonR,4.7,11
DRV1908,Geetika Rege,01517407267,MH11 MZ 4697,Hyundai i20,4.2,12
DRV1909,Lipika Shenoy,2174468330,MH31 XB 6437,Hyundai Creta,4.5,13
DRV1910,Chaaya Kapur,+913464307023,MH20 JQ 5977,Mahindra XUV700,4.5,16
DRV1911,Jairaj Mallick,+917022724809,MH21 YE 9392,Hyundai i20,3.7,3
DRV1912,Wishi Sastry,+919160815950,MH46 PQ 6213,Honda City,4.6,18
DRV1913,Dhriti Sarin,+914105519282,MH37 SV 4231,Honda City,4.2,6
DRV1914,Zinal Baria,00695229471,MH35 YM 9757,Honda City,4.1,7
DRV1915,Tanveer Deo,+912883521760,MH45 MY 3090,Swift Dzire,4.7,17
DRV1916,Pavani Bhattacharyya,04311585296,MH26 IS 3721,Hyundai i20,3.6,12
DRV1917,Yutika Tripathi,0226475033,MH9 OD 0245,Mahindra XUV700,4.5,15
DRV1918,Damyanti Dayal,01826010661,MH23 UJ 2927,Maruti Ertiga,4.5,8
DRV1919,Anthony Agate,5001196689,MH40 FO 7036,Kia Seltos,4.1,7
DRV1920,Faqid Handa,3687019624,MH8 ZL 0531,Toyota Innova,3.6,6
DRV1921,Aachal Sarraf,+919902027231,MH4 ZR 8333,Mahindra XUV700,4.4,1
DRV1922,Vamakshi Kaul,+914930060240,MH45 VP 5063,Hyundai i20,4.2,8
DRV1923,Onkar Gole,07250738177,MH2 WS 0569,Toyota Innova,4.1,10
DRV1924,Avni Sankaran,+915204319252,MH38 HI 9310,Mahindra XUV700,3.8,4
DRV1925,Advaith Natt,+919624415991,MH7 IB 0093,Honda City,4.1,12
DRV1926,Ria Divan,08626380539,MH23 RU 3817,Honda City,4.6,10
DRV1927,Janya Wason,9745627090,MH48 YA 5320,Hyundai i20,4.2,12
DRV1928,Nathaniel Subramanian,3306459191,MH7 WQ 3745,Kia Seltos,4.4,3
DRV1929,Qabil Manda,2450723518,MH6 VD 6455,Honda City,4.1,3
DRV1930,Bakhshi Sachar,+914092848686,MH16 FQ 1615,Hyundai Creta,3.6,17
DRV1931,Champak Dutta,06708345747,MH7 QO 2697,Kia Seltos,4.4,12
DRV1932,Watika Soman,04164219156,MH18 KC 2100,Tata Nexon,4.5,18
DRV1933,Abdul Yohannan,7663637828,MH48 FF 8163,Toyota Innova,4.7,18
DRV1934,Akshay Dhar,9408200524,MH35 JJ 2374,Mahindra XUV700,3.7,6
DRV1935,Viraj Borra,+912700822291,MH5 IQ 3457,Maruti Ertiga,5.0,19
DRV1936,Meera Ramesh,8622144557,MH11 RQ 5197,Mahindra XUV700,4.0,2
DRV1937,Lavanya Tailor,09073239394,MH34 WJ 8616,Mahindra XUV700,4.9,9
DRV1938,Zansi Srinivasan,01697220853,MH41 AI 7168,Honda City,3.6,11
DRV1939,Umang Korpal,4655874291,MH30 ZE 8195,Mahindra XUV700,4.7,20
DRV1940,Yashasvi Natarajan,+919848188105,MH10 VV 0540,Hyundai Creta,4.9,12
DRV1941,Chasmum Kibe,01131082740,MH23 IL 5551,WagonR,5.0,10
DRV1942,Gunbir Om,+911067251502,MH26 AW 1201,Honda City,4.7,10
DRV1943,Charles Shroff,01361242100,MH23 DO 8947,Mahindra XUV700,5.0,18
DRV1944,Ekavir Sami,0446590782,MH50 CD 2012,Mahindra XUV700,3.7,15
DRV1945,Aishani Balan,5178991443,MH1 CE 3489,Hyundai i20,3.6,20
DRV1946,Imaran Suresh,01679952802,MH14 HW 4761,WagonR,3.7,9
DRV1947,Veer Bajaj,+912094398384,MH40 YW 2510,WagonR,3.8,19
DRV1948,Dev Cherian,9081370214,MH5 IC 7674,Swift Dzire,5.0,1
DRV1949,Devansh Chad,3485454535,MH43 JG 7010,Hyundai i20,5.0,2
DRV1950,Liam Sampath,5605126483,MH34 LG 8478,Tata Nexon,4.3,18
DRV1951,Lajita Tiwari,01588215713,MH28 JL 5437,Swift Dzire,4.4,15
DRV1952,Hemangini Mander,0167161888,MH17 QE 6941,Tata Nexon,4.8,5
DRV1953,Amaira Om,3624954430,MH49 DR 2801,Hyundai i20,3.6,7
DRV1954,Hredhaan Balan,2057653984,MH27 GF 4317,Honda City,4.8,14
DRV1955,Hiral Mittal,+919283263365,MH49 DC 2651,Hyundai Creta,4.1,20
DRV1956,Anirudh Dugar,+913084376856,MH15 DE 8537,Hyundai Creta,4.3,16
DRV1957,Nikita Bahl,+914730891021,MH24 IE 7152,Hyundai i20,4.9,14
DRV1958,Gagan Andra,4307697768,MH21 VU 0775,Kia Seltos,4.3,3
DRV1959,Oliver Chand,01912942742,MH4 RR 1018,Toyota Innova,4.4,20
DRV1960,Ishanvi Bedi,+916250631605,MH8 XF 7362,Swift Dzire,4.3,7
DRV1961,Warhi Kala,+919434968598,MH45 HC 1940,Toyota Innova,4.2,12
DRV1962,Wakeeta Dhingra,2454776057,MH27 RW 1285,WagonR,4.5,10
DRV1963,Chaitanya Kannan,04868905796,MH31 WQ 7889,Kia Seltos,3.7,13
DRV1964,Teerth Rai,9558341774,MH32 CH 0993,Swift Dzire,4.7,3
DRV1965,Ojas Bawa,2160948601,MH6 DO 3511,Hyundai Creta,3.8,14
DRV1966,Vamakshi Gola,00135201264,MH21 TN 0819,Hyundai i20,4.8,16
DRV1967,Ikbal Date,+917881905709,MH12 ZK 4710,WagonR,4.7,13
DRV1968,Sara Bala,+919207219030,MH38 YX 4175,Hyundai Creta,4.5,1
DRV1969,Zansi Korpal,+919022450546,MH1 KI 6048,Honda City,4.6,17
DRV1970,Om Sarma,07278787440,MH41 QF 7667,Mahindra XUV700,3.9,2
DRV1971,Nikita Sibal,0319542414,MH29 BD 0119,Hyundai i20,4.4,3
DRV1972,Abdul Choudhury,+911939007413,MH20 EF 8898,Hyundai i20,3.8,7
DRV1973,Andrew D’Alia,+913612751788,MH26 OZ 4116,Swift Dzire,4.6,7
DRV1974,Chaitaly Raja,+911323172538,MH25 BY 8944,Swift Dzire,4.6,8
DRV1975,Sathvik Koshy,08111181404,MH3 IL 7099,Hyundai i20,4.8,8
DRV1976,Dominic Dugal,03050003731,MH38 TH 7831,Tata Nexon,4.1,19
DRV1977,Bhavani Guha,01738556876,MH2 CA 1990,Maruti Ertiga,3.8,4
DRV1978,Triya Reddy,2198406356,MH34 HU 4387,Hyundai i20,3.7,19
DRV1979,Bhavna Swamy,+914680582053,MH44 FU 4132,Mahindra XUV700,5.0,7
DRV1980,Pavani Sanghvi,+913745587816,MH28 MK 9643,Hyundai i20,4.5,4
DRV1981,Urmi Parmar,+916108214413,MH23 VR 2943,WagonR,4.6,5
DRV1982,Ucchal Wadhwa,09477012880,MH8 MG 6085,Mahindra XUV700,4.3,6
DRV1983,Aarna Choudhary,1611103082,MH20 BU 3041,Swift Dzire,3.9,2
DRV1984,Idika D’Alia,8578433844,MH7 NF 3608,Maruti Ertiga,4.2,17
DRV1985,Ayushman Kapoor,+916298452433,MH30 JU 0571,Maruti Ertiga,3.7,8
DRV1986,Riya Bassi,2391902892,MH47 DJ 6447,Maruti Ertiga,4.1,11
DRV1987,Vivaan Swamy,+910710493136,MH9 RD 0796,Kia Seltos,3.6,14
DRV1988,Chasmum Kumar,6498323768,MH5 DT 7854,Tata Nexon,4.7,16
DRV1989,Ekavir Chopra,+919736489665,MH4 EU 2799,Kia Seltos,4.1,19
DRV1990,Madhavi Jain,+910759216566,MH28 RN 0514,Honda City,4.4,13
DRV1991,Ijaya Venkatesh,4450679332,MH31 EW 6774,Tata Nexon,4.5,13
DRV1992,Gopal Mangal,05319304000,MH19 XS 9531,Maruti Ertiga,3.6,7
DRV1993,Jhalak Bhagat,4451036591,MH8 WY 5493,Hyundai i20,4.9,11
DRV1994,Fariq Ahluwalia,+914655597392,MH4 AB 5799,Toyota Innova,4.0,8
DRV1995,Kashish More,08221976247,MH3 FA 4003,Hyundai i20,4.8,19
DRV1996,Osha Dewan,+919629608685,MH33 GA 1923,Honda City,4.4,16
DRV1997,Udyati Sule,+910107876577,MH45 BK 2575,Swift Dzire,3.7,5
DRV1998,Bahadurjit Bedi,7819677778,MH11 JX 6254,Swift Dzire,4.1,2
DRV1999,Zehaan Ray,02476763244,MH37 UK 0801,Honda City,5.0,15
DRV2000,Peter Rege,+911961259986,MH6 HL 9960,Kia Seltos,3.9,14
DRV2001,Sneha Sharma,03493464784,MH42 UE 7784,Toyota Innova,4.6,8
DRV2002,Tanvi Bhasin,3373388530,MH39 GX 7012,Tata Nexon,4.8,1
DRV2003,Eta Dhar,+913184979991,MH3 DU 5054,Hyundai Creta,4.2,14
DRV2004,Raagini Saha,05931621571,MH8 MC 3354,Honda City,3.8,20
DRV2005,Alka Bhavsar,1066683699,MH27 QZ 4333,Maruti Ertiga,4.0,14
DRV2006,Viraj Guha,5663911753,MH46 RA 9160,Honda City,4.3,4
DRV2007,Bahadurjit Chandra,+918901978387,MH46 KU 8829,Swift Dzire,4.9,16
DRV2008,Rudra Anand,+915800954796,MH39 MX 0644,Honda City,5.0,19
DRV2009,Chaitaly Sharma,1858926026,MH18 DO 9299,Hyundai i20,4.1,7
DRV2010,Pallavi Sama,+918934250307,MH31 XN 0361,Honda City,4.2,18
DRV2011,Gaurangi Minhas,7677280074,MH14 EU 0535,Tata Nexon,4.6,17
DRV2012,Ekta Singh,3389615861,MH47 WG 3189,Kia Seltos,3.6,14
DRV2013,Ijaya Karnik,1885306755,MH46 HW 4309,Maruti Ertiga,4.9,16
DRV2014,Janani Raju,7874591630,MH44 JR 2228,Maruti Ertiga,3.6,10
DRV2015,Waida Sura,+911726840141,MH40 QI 2279,WagonR,3.8,19
DRV2016,Yagnesh Mukhopadhyay,08132191433,MH46 JS 2639,Mahindra XUV700,4.7,2
DRV2017,Maanav Pillai,8757874520,MH11 MS 1019,Hyundai i20,3.9,20
DRV2018,Gavin Venkatesh,1251666539,MH7 LL 8812,Honda City,4.8,19
DRV2019,Yahvi Bhasin,+910598193899,MH43 LG 4679,Honda City,4.3,12
DRV2020,Nakul Sankar,+918207901307,MH36 OW 9377,Mahindra XUV700,4.6,5
DRV2021,Triya Bobal,+911586795811,MH6 FQ 8173,Hyundai Creta,4.6,6
DRV2022,Samaksh Chaudhry,0594214023,MH9 YG 7131,Tata Nexon,4.5,2
DRV2023,Januja Rao,+916904334548,MH28 FG 6914,Maruti Ertiga,4.2,12
DRV2024,Vrinda Prabhakar,+912615884050,MH50 ZO 8582,Swift Dzire,3.6,9
DRV2025,Tamanna Bawa,2531822536,MH16 CQ 5172,Honda City,4.2,18
DRV2026,Krish Thakkar,00545062097,MH19 BS 7522,Hyundai i20,4.6,9
DRV2027,Gunbir Arora,00581045591,MH27 AS 4009,WagonR,4.0,20
DRV2028,Omaja Date,+910999094749,MH10 DB 6903,Honda City,4.1,5
DRV2029,Ishanvi Lall,9954156187,MH49 LO 5168,Hyundai Creta,3.8,19
DRV2030,Xalak Patla,4362797940,MH26 QN 6804,WagonR,4.6,3
DRV2031,Jalsa Bumb,03054163384,MH7 YB 3079,WagonR,4.4,8
DRV2032,Vidhi Balan,5952733392,MH21 OR 1672,Hyundai i20,3.5,9
DRV2033,Ekanta Badami,01833224556,MH41 IA 8701,Hyundai i20,4.7,11
DRV2034,Falan Saxena,6336156767,MH21 PZ 5057,Honda City,4.1,17
DRV2035,Kalpit Sinha,3932211477,MH1 JM 3772,Maruti Ertiga,3.6,2
DRV2036,Ira Bansal,2231672743,MH38 HX 7690,Kia Seltos,4.0,3
DRV2037,Anamika Garg,03749459685,MH17 CF 4126,Toyota Innova,3.8,1
DRV2038,Yachana Kant,03507182495,MH6 OV 0552,Hyundai i20,4.1,18
DRV2039,Kritika Kohli,00083656724,MH19 ZD 7534,Hyundai i20,4.6,13
DRV2040,Forum Modi,1184087407,MH21 WC 3581,Kia Seltos,3.6,14
DRV2041,Rayaan Varkey,+913854971716,MH2 UC 5782,Hyundai Creta,4.6,20
DRV2042,Raksha Chhabra,2215996059,MH13 JC 3275,WagonR,3.6,19
DRV2043,Udyati Chada,+913541182807,MH10 SL 0603,WagonR,4.0,17
DRV2044,Ekani Chadha,08229625362,MH16 OI 4995,Maruti Ertiga,3.9,17
DRV2045,Yashoda Wali,03851346471,MH29 PQ 2185,Kia Seltos,3.8,5
DRV2046,Gopal Chad,01659199393,MH42 BC 0461,Maruti Ertiga,4.1,7
DRV2047,Laksh Khatri,+914256217932,MH23 RW 4674,Tata Nexon,3.9,10
DRV2048,Raghav Malhotra,07412093310,MH47 RC 5286,Toyota Innova,3.6,19
DRV2049,Sudiksha Buch,06278830419,MH23 PZ 6136,Mahindra XUV700,4.1,4
DRV2050,Indrajit Khatri,00281101845,MH32 DA 7096,WagonR,4.5,20
DRV2051,Nirja Keer,1345620184,MH5 ET 4147,WagonR,4.6,5
DRV2052,Ranveer Sekhon,3316033142,MH8 AJ 2281,Kia Seltos,4.7,2
DRV2053,Nitara Chander,2937388154,MH46 MF 6362,Hyundai Creta,3.5,12
DRV2054,Frederick Chadha,02271162197,MH16 GS 9436,Toyota Innova,3.9,14
DRV2055,Ojasvi Soni,+912512145750,MH27 TI 2899,Mahindra XUV700,4.6,2
DRV2056,Oviya Joshi,02343531946,MH47 QW 3008,WagonR,3.9,2
DRV2057,Amrita Mohanty,+915750499321,MH33 BJ 8546,Maruti Ertiga,4.1,16
DRV2058,Balendra Bath,+915039739236,MH2 YF 7746,Hyundai Creta,4.6,10
DRV2059,Faris Saha,7972457820,MH14 CJ 6997,Kia Seltos,3.6,20
DRV2060,Leena Pau,07697605307,MH39 NZ 0232,Hyundai i20,4.6,5
DRV2061,Gaurangi Boase,2847347768,MH19 AK 8647,Maruti Ertiga,3.8,4
DRV2062,Aishani Hari,09985369978,MH45 MO 7905,WagonR,4.6,18
DRV2063,Isaac Chaudry,+918461433854,MH20 FC 3626,WagonR,4.6,18
DRV2064,Ayushman Aggarwal,+916839865350,MH50 MC 1499,Swift Dzire,3.7,13
DRV2065,Ishaan Chacko,9563806381,MH3 DD 1374,Kia Seltos,3.9,4
DRV2066,Falan Sahota,9738609959,MH43 NK 0518,Tata Nexon,4.8,7
DRV2067,Bhavna Swamy,2892328823,MH11 AM 6288,WagonR,4.8,11
DRV2068,Kabir Hora,5037178356,MH43 KT 1947,Toyota Innova,4.4,15
DRV2069,Faras Arora,+913448498220,MH27 QZ 4333,Hyundai Creta,3.7,17
DRV2070,Kala Halder,9480516026,MH27 GM 9130,Hyundai i20,4.8,12
DRV2071,Krishna Bansal,+914528719610,MH49 KO 1403,Kia Seltos,3.8,14
DRV2072,Amruta Ghose,+914062471706,MH36 OW 9377,WagonR,4.8,1
DRV2073,Unnati Borra,+912586713216,MH4 CF 3166,Tata Nexon,4.0,6
DRV2074,Max Parikh,+917822664116,MH8 DP 1573,Hyundai Creta,3.5,9
DRV2075,Tristan Bhatia,3593969508,MH18 DF 4448,Maruti Ertiga,4.5,14
DRV2076,Pooja Soni,+917876692225,MH38 HN 6686,WagonR,4.3,9
DRV2077,Shivansh Bumb,+914870242718,MH18 TZ 0218,Tata Nexon,3.9,2
DRV2078,David Raman,6814454822,MH47 TY 7638,Hyundai i20,5.0,7
DRV2079,Akshay Brahmbhatt,06702247869,MH15 IC 3467,Mahindra XUV700,4.6,20
DRV2080,Sanya Mander,+910536454801,MH44 KP 6777,Swift Dzire,4.0,1
DRV2081,Bimala Prakash,0235315007,MH29 WA 3394,Maruti Ertiga,4.8,11
DRV2082,Qabil Prabhu,+917716528550,MH29 NA 1272,Hyundai i20,4.8,2
DRV2083,Chanchal Tandon,+910267688183,MH19 TP 7352,Swift Dzire,3.8,14
DRV2084,Ishwar Bir,+910215093731,MH21 XD 3324,Maruti Ertiga,4.6,18
DRV2085,Sudiksha Hayer,07936747726,MH49 BY 2391,Hyundai i20,4.7,4
DRV2086,Zayyan Behl,5548985843,MH35 PB 0983,Kia Seltos,4.1,10
DRV2087,Omya Sawhney,1480014152,MH50 OJ 9072,Kia Seltos,3.5,8
DRV2088,Jasmit Ranganathan,+918006905909,MH37 FB 4196,WagonR,4.0,12
DRV2089,Udyati Sen,07494074296,MH43 YH 9192,Swift Dzire,4.2,5
DRV2090,Jagrati Das,08596704540,MH25 XT 8707,Toyota Innova,4.1,9
DRV2091,Warinder Mukhopadhyay,01648963858,MH41 JQ 7031,Hyundai Creta,4.4,18
DRV2092,Radhika Sood,05265872173,MH15 SH 1537,Toyota Innova,3.5,9
DRV2093,Kalpit Mangal,03978263607,MH9 EQ 4796,Mahindra XUV700,3.8,12
DRV2094,Zilmil Shere,09293778130,MH22 IK 2510,Maruti Ertiga,3.7,1
DRV2095,Vrinda Venkataraman,+915576429765,MH23 EL 4447,Toyota Innova,4.3,5
DRV2096,Azad Sampath,5301820222,MH20 UH 9778,Tata Nexon,4.8,19
DRV2097,Sai Rajagopal,8241009036,MH26 LQ 9331,Kia Seltos,3.8,19
DRV2098,Ansh Raman,+912480488975,MH46 TY 4969,Honda City,3.9,1
DRV2099,Zinal Balasubramanian,+911560951358,MH40 FO 7036,Hyundai i20,4.7,5
DRV2100,Aishani Doshi,+915270668179,MH11 MX 1401,Kia Seltos,4.4,18
DRV2101,Forum Nagarajan,+916004051223,MH48 OI 4762,Hyundai Creta,4.7,2
DRV2102,Qadim Palla,0316688113,MH15 WG 5383,Maruti Ertiga,4.9,9
DRV2103,Kamala Bhasin,+918756793807,MH28 TZ 6349,Hyundai i20,3.5,15
DRV2104,Anusha Prabhu,08830803716,MH39 WP 8201,Maruti Ertiga,4.9,9
DRV2105,Aarav Ravi,06855895667,MH39 PL 8476,Hyundai Creta,3.6,6
DRV2106,Darsh Tak,+916890782393,MH50 PI 6774,Maruti Ertiga,3.9,4
DRV2107,Madhavi Choudhary,07059549025,MH50 MH 1114,Kia Seltos,4.3,2
DRV2108,Varenya Oak,9766581929,MH6 VD 9159,Swift Dzire,3.9,1
DRV2109,Faris Talwar,05319330033,MH29 VD 6692,Hyundai i20,4.6,15
DRV2110,Shivansh Patla,+911159966246,MH48 ZM 4826,Tata Nexon,4.7,3
DRV2111,Veer Reddy,00484243846,MH19 EP 8191,Maruti Ertiga,3.8,10
DRV2112,Christopher Ravi,5048298142,MH18 BI 8589,Honda City,4.7,19
DRV2113,Yashodhara Balan,00625655728,MH28 AP 7588,Hyundai Creta,3.7,5
DRV2114,Tanvi Kar,9468974965,MH45 GX 8847,Kia Seltos,4.6,11
DRV2115,Yadavi Mannan,+911391062406,MH21 ZE 5327,Toyota Innova,3.7,1
DRV2116,Kalpit Singhal,4184324412,MH2 XN 5835,Maruti Ertiga,4.7,11
DRV2117,Shaurya Kota,+911127453099,MH31 MG 0403,Honda City,4.2,12
DRV2118,Ayaan Khurana,09961214509,MH13 RZ 7725,WagonR,4.1,1
DRV2119,Wakeeta Mani,5164434465,MH28 EP 8449,Mahindra XUV700,4.0,16
DRV2120,Ridhi Korpal,+918068169339,MH12 IJ 2314,Kia Seltos,4.9,7
DRV2121,Jeet Ghose,06442572289,MH39 HE 1244,Tata Nexon,4.9,4
DRV2122,Ladli Shankar,+914772439126,MH25 BY 8944,Kia Seltos,3.6,6
DRV2123,Sara Raval,00121571332,MH26 FU 2772,Hyundai i20,4.8,11
DRV2124,Warjas Anne,+915234431951,MH34 BP 0721,Honda City,5.0,19
DRV2125,Upadhriti Sankaran,+916574967988,MH38 WP 2132,Mahindra XUV700,4.9,4
DRV2126,Wahab Rai,+912738082843,MH32 FQ 4130,Maruti Ertiga,4.9,17
DRV2127,Janani Pradhan,01615917590,MH42 MD 3449,Toyota Innova,4.8,17
DRV2128,Turvi Muni,7741628919,MH9 YH 7892,Toyota Innova,3.9,12
DRV2129,Aarna Ganguly,+910640257551,MH15 QQ 5276,Tata Nexon,4.2,1
DRV2130,Hritik Chand,04307967053,MH17 AH 4129,Hyundai i20,4.8,20
DRV2131,Chaaya Ben,06665588930,MH23 QE 5168,Mahindra XUV700,5.0,3
DRV2132,Lucky Sha,+915223398152,MH2 LG 4279,Mahindra XUV700,3.7,12
DRV2133,Osha Mahajan,8595550399,MH49 WH 8030,WagonR,4.6,2
DRV2134,Reva Pathak,1962187537,MH5 DI 0949,WagonR,3.7,1
DRV2135,Ubika Menon,07195562673,MH29 CB 1650,Toyota Innova,4.5,9
DRV2136,Tejas Dani,7514240268,MH48 RX 5697,Hyundai i20,4.0,14
DRV2137,Rushil Oak,5993943397,MH17 VG 6037,WagonR,4.7,17
DRV2138,Balveer Barad,5161564699,MH16 TA 8386,Kia Seltos,3.9,6
DRV2139,Praneel Tella,+915966989136,MH33 DC 5358,Honda City,3.6,18
DRV2140,Veer Bhattacharyya,02509770214,MH29 TU 1644,Maruti Ertiga,3.8,18
DRV2141,Ethan D’Alia,7265514052,MH3 ZK 9810,Swift Dzire,3.7,15
DRV2142,Jagvi Behl,00588195448,MH39 JD 9747,WagonR,4.3,5
DRV2143,Caleb Dua,07349111668,MH30 DM 7924,Swift Dzire,4.7,9
DRV2144,Yashasvi Bassi,2440889254,MH42 VI 5409,Maruti Ertiga,4.7,16
DRV2145,Ekavir Mand,04159188135,MH8 HA 9456,Mahindra XUV700,5.0,4
DRV2146,Nihal Dara,3936445479,MH38 NV 9865,Tata Nexon,3.9,9
DRV2147,David Oza,+910729912501,MH14 EV 1725,Honda City,4.6,19
DRV2148,Krisha Bail,00152189526,MH25 QK 1701,Kia Seltos,4.3,7
DRV2149,Meghana Sane,0483373521,MH28 YZ 3005,Toyota Innova,4.2,12
DRV2150,Wridesh Dhar,0792747741,MH7 CN 6551,Mahindra XUV700,4.3,1
DRV2151,Jonathan Hora,06190093380,MH1 XE 6406,Honda City,3.8,2
DRV2152,Januja Venkatesh,0387284080,MH18 NU 1097,Hyundai Creta,3.8,10
DRV2153,Kamala Roy,3834177619,MH3 TG 2753,Maruti Ertiga,3.5,3
DRV2154,Garima Narula,08110089373,MH19 GM 4159,Hyundai i20,4.2,15
DRV2155,Sarthak Cheema,+910071253197,MH28 OA 2816,Kia Seltos,3.6,4
DRV2156,Hemal Yadav,4870696632,MH39 SI 7249,Tata Nexon,3.6,1
DRV2157,Manbir Ray,+910735199247,MH7 YT 3044,Hyundai i20,3.7,3
DRV2158,Sneha Ray,9727736580,MH9 EC 0218,Kia Seltos,3.5,12
DRV2159,Krish Sodhi,3791698997,MH37 UM 6822,Hyundai Creta,4.1,4
DRV2160,Dhriti Saha,02448526266,MH9 KW 4374,Hyundai i20,4.5,3
DRV2161,Janya Lanka,+914369613480,MH30 ZX 1181,Hyundai i20,3.7,9
DRV2162,Michael Pai,4547266980,MH8 ZJ 6248,Hyundai i20,3.9,20
DRV2163,Ranveer Dass,+911036583173,MH12 RH 0948,WagonR,4.4,18
DRV2164,Vamakshi Karpe,+918620242521,MH20 XL 7486,Hyundai i20,4.3,2
DRV2165,Ojas Lad,04466413171,MH14 BH 6817,Hyundai i20,4.9,1
DRV2166,Wahab Vasa,0069484429,MH7 KB 6870,Tata Nexon,4.2,2
DRV2167,Wyatt Kar,1623528665,MH8 AY 8219,Hyundai Creta,4.1,7
DRV2168,Noah Manne,+917812235501,MH5 DI 0949,Honda City,4.9,6
DRV2169,Advika Dasgupta,02244485851,MH6 NQ 0380,Hyundai Creta,4.9,3
DRV2170,Bachittar Sekhon,6763371990,MH32 HE 2648,Toyota Innova,4.9,10
DRV2171,Qarin Bail,+913078899509,MH21 RZ 2662,Toyota Innova,4.9,20
DRV2172,Noah Sidhu,5228823931,MH37 ZV 9499,WagonR,4.9,19
DRV2173,Aishani Bhagat,+915005589851,MH35 NI 6321,WagonR,3.8,15
DRV2174,Balvan Sampath,+913437994353,MH48 CN 7463,Hyundai Creta,3.7,9
DRV2175,Maanas Mody,+916188423573,MH19 NF 9151,Kia Seltos,4.1,4
DRV2176,Henry Manne,0711423665,MH46 ZE 7333,Kia Seltos,4.6,7
DRV2177,Ekapad Tiwari,+919681682635,MH32 YY 7908,Hyundai Creta,4.6,20
DRV2178,Neha Shenoy,+917844837160,MH24 OF 7131,Toyota Innova,3.5,20
DRV2179,Advik Chanda,+910676332662,MH5 DC 6083,Hyundai Creta,4.1,15
DRV2180,Nilima Sarraf,7397257547,MH1 WV 0121,Toyota Innova,3.8,13
DRV2181,Chasmum Prashad,+910976676983,MH36 UV 6309,Kia Seltos,3.7,8
DRV2182,Zayyan Muni,0439293552,MH43 WR 6298,Maruti Ertiga,4.0,11
DRV2183,Upma Mistry,8784788115,MH17 DN 1617,Honda City,4.6,20
DRV2184,Udarsh Boase,+910333492423,MH16 OP 0745,WagonR,4.7,15
DRV2185,Guneet Das,+917755677935,MH35 SL 3294,Swift Dzire,4.9,13
DRV2186,Oeshi Gokhale,+917484441337,MH27 MY 2372,Honda City,3.7,10
DRV2187,Baljiwan Wagle,+914139911195,MH24 XO 8608,Mahindra XUV700,3.9,19
DRV2188,Darpan Raja,4450238735,MH9 VS 8723,Maruti Ertiga,4.1,9
DRV2189,Jacob Kar,8874980866,MH38 EZ 2619,Toyota Innova,5.0,5
DRV2190,Urmi Venkatesh,02341379079,MH10 XT 4286,Hyundai i20,3.8,17
DRV2191,Laksh Iyengar,8791594553,MH26 CC 8472,Hyundai i20,4.7,13
DRV2192,Hemal Goyal,05756891251,MH28 RB 3433,Kia Seltos,4.4,10
DRV2193,Yashodhara Jaggi,2088553461,MH22 DK 3447,Toyota Innova,4.7,16
DRV2194,Januja Prakash,03011732580,MH34 BQ 8181,Toyota Innova,4.2,2
DRV2195,Om Raghavan,+911506587231,MH24 XK 4239,Mahindra XUV700,4.7,10
DRV2196,Pranav Sami,6660974408,MH38 DJ 3329,Swift Dzire,5.0,13
DRV2197,Chakrika Majumdar,3953463133,MH16 WA 0663,Tata Nexon,3.9,2
DRV2198,Liam Sani,02783585863,MH33 TI 1236,WagonR,4.2,9
DRV2199,Bachittar Natarajan,+912993802179,MH44 NM 0483,WagonR,4.0,2
DRV2200,Yadavi Sandal,1575478356,MH47 ZT 4816,Hyundai Creta,3.9,11
DRV2201,Krisha Rajan,+910379214783,MH27 DC 2579,Hyundai Creta,4.7,9
DRV2202,Ranbir Sahni,+911044989279,MH11 HR 3108,Hyundai Creta,4.6,10
DRV2203,Samaksh Biswas,4385492859,MH47 CR 7915,Toyota Innova,4.1,18
DRV2204,Kala Chahal,08592917878,MH41 MW 1882,Honda City,4.6,15
DRV2205,Ekansh Chaudhari,6446212756,MH34 YQ 4515,Mahindra XUV700,4.2,20
DRV2206,Pushti Pandey,03650552163,MH32 QL 1769,Maruti Ertiga,4.9,18
DRV2207,Zinal Kala,+910534814758,MH15 AS 1099,WagonR,4.6,20
DRV2208,Jyoti Narang,2931183258,MH1 JC 9096,Toyota Innova,4.8,1
DRV2209,Qadim Subramanian,+912886570697,MH10 AI 7798,Swift Dzire,4.3,4
DRV2210,Chasmum Kumar,00152921513,MH44 QE 6471,Swift Dzire,4.4,20
DRV2211,Yachana Om,7152172726,MH13 JL 5035,Maruti Ertiga,4.8,1
DRV2212,Arin Jha,+914043602423,MH17 MG 3073,WagonR,3.6,19
DRV2213,Hardik Parikh,1376335267,MH37 MT 6093,Swift Dzire,3.6,7
DRV2214,Frederick Sarkar,05014759522,MH12 ZM 5662,Toyota Innova,4.8,1
DRV2215,Caleb Patla,+912984519494,MH44 MI 7162,Hyundai Creta,4.6,18
DRV2216,Ira Krishnamurthy,03501313706,MH19 LF 4516,Tata Nexon,3.6,5
DRV2217,Daksh Nagi,04666350438,MH40 NX 5720,Honda City,3.6,3
DRV2218,Sneha Bhandari,03970046451,MH2 DS 6452,Hyundai Creta,5.0,4
DRV2219,Kala Kant,1291777249,MH34 AQ 6708,Kia Seltos,4.6,17
DRV2220,Chaman Chaudry,05646285485,MH6 ZE 3892,WagonR,4.7,13
DRV2221,Anita Sarraf,02413562080,MH31 CS 7209,Tata Nexon,4.5,1
DRV2222,Yuvraj Barman,+917765601420,MH38 CY 5940,Honda City,3.9,2
DRV2223,Nikita Ramaswamy,08598450597,MH48 LA 7781,Mahindra XUV700,3.9,3
DRV2224,Lakshit Wali,02064911560,MH46 DE 4218,Hyundai i20,5.0,18
DRV2225,Bhavika Saraf,5963889958,MH28 EG 2091,Maruti Ertiga,4.3,13
DRV2226,Turvi Chandra,+912417429139,MH4 TS 0660,Mahindra XUV700,3.7,9
DRV2227,Urmi Balakrishnan,+916946648904,MH16 JT 6074,Hyundai i20,4.9,8
DRV2228,Ranbir Prabhakar,00929080003,MH30 AD 2559,WagonR,3.9,12
DRV2229,Noah Lala,9921465211,MH12 AD 5445,Hyundai Creta,3.5,7
DRV2230,Manan Chaudhry,+917419899034,MH41 KZ 9559,Toyota Innova,4.3,19
DRV2231,Yachana Deshpande,+915789043561,MH8 PU 9968,Mahindra XUV700,3.7,15
DRV2232,Chaitaly Narasimhan,5867194147,MH18 PM 4004,Tata Nexon,4.7,6
DRV2233,Wriddhish Srivastava,02154434839,MH42 TW 7956,Hyundai i20,4.8,14
DRV2234,Falak Lalla,09102154026,MH22 ZD 7286,Hyundai Creta,3.8,14
DRV2235,David Randhawa,+910020220432,MH31 CO 6770,Mahindra XUV700,4.9,5
DRV2236,Prisha Bhandari,8677038273,MH35 LV 9872,Honda City,4.6,19
DRV2237,Jairaj Mannan,5536694849,MH1 GY 9604,Hyundai Creta,5.0,9
DRV2238,Dalaja Pillay,+916219605296,MH38 ZF 3261,Kia Seltos,3.5,15
DRV2239,Raksha Chopra,08413315301,MH45 EZ 5504,Maruti Ertiga,4.4,18
DRV2240,Siddharth Verma,3507259068,MH18 XC 9423,Honda City,3.7,18
DRV2241,Baljiwan Sharma,06551171052,MH34 HK 7406,Swift Dzire,4.2,14
DRV2242,Omkaar Iyengar,8502660956,MH3 MN 1166,Kia Seltos,3.9,11
DRV2243,Nimrat Amble,01110358119,MH39 QE 1459,Toyota Innova,4.5,19
DRV2244,Vasana Munshi,06041538251,MH33 JO 6894,Hyundai i20,4.4,19
DRV2245,Anay Goda,07930370509,MH8 FY 5568,Honda City,3.9,20
DRV2246,Jacob Nayak,07038933973,MH50 ZV 2327,Kia Seltos,4.6,13
DRV2247,Jasmit Narayanan,+915713878205,MH27 MF 5248,Maruti Ertiga,3.9,10
DRV2248,Warhi Sangha,3111773442,MH6 XG 9006,WagonR,4.6,7
DRV2249,Panini Anne,+915086782624,MH33 QW 9475,Toyota Innova,3.8,11
DRV2250,Sudiksha Wali,1453205922,MH41 IJ 4600,Tata Nexon,4.2,15
DRV2251,Aachal Nagarajan,6008747086,MH34 TC 8142,Swift Dzire,4.8,1
DRV2252,Omaja Sabharwal,6821081912,MH26 UL 0479,Swift Dzire,4.6,19
DRV2253,Ryan Ram,+910255534685,MH9 JH 7785,Honda City,4.3,15
DRV2254,Omya Ahluwalia,+910122517856,MH3 IT 2295,Kia Seltos,4.8,16
DRV2255,Frado Malhotra,4779804437,MH31 GV 4270,Maruti Ertiga,4.8,7
DRV2256,Pushti Soni,+911134585382,MH37 RE 0805,Swift Dzire,4.7,5
DRV2257,Yash Mall,07949093379,MH46 UU 4684,Kia Seltos,3.7,7
DRV2258,Wridesh Date,08969375168,MH33 PR 2053,WagonR,4.5,17
DRV2259,Fiyaz Mukherjee,03763408731,MH41 HK 1549,WagonR,4.0,19
DRV2260,Harrison Sanghvi,+911940806284,MH27 SJ 2133,Hyundai i20,3.6,12
DRV2261,Triveni Wali,04709356559,MH22 ZD 7286,Mahindra XUV700,4.0,12
DRV2262,Umang Nori,00632481207,MH44 UK 3657,Kia Seltos,4.2,5
DRV2263,Unnati Khalsa,2904770213,MH16 EN 3463,Swift Dzire,3.8,16
DRV2264,David Rout,6074297721,MH49 AT 3857,Toyota Innova,4.0,18
DRV2265,David D’Alia,+918626513438,MH9 YB 3538,Toyota Innova,3.9,10
DRV2266,Janaki Sagar,0296109763,MH5 DZ 7764,Mahindra XUV700,4.1,6
DRV2267,Samarth Rama,+917012841560,MH19 SF 2392,Mahindra XUV700,3.6,14
DRV2268,Lipika Sandal,09679007582,MH6 IC 7929,Toyota Innova,4.4,8
DRV2269,Falan Jhaveri,1976056637,MH14 DX 6690,Tata Nexon,4.4,6
DRV2270,Ekapad Sem,+917171625137,MH10 MV 2991,Mahindra XUV700,4.5,16
DRV2271,Tejas Saxena,4987372801,MH46 PP 0263,Maruti Ertiga,4.8,14
DRV2272,Anya Mahal,+915217513553,MH9 SP 1519,Maruti Ertiga,4.5,3
DRV2273,Abha Date,05918723635,MH40 DK 4740,Kia Seltos,4.9,4
DRV2274,Mason Das,4762548375,MH46 NS 7252,WagonR,4.0,19
DRV2275,Ojas Setty,2431057150,MH3 AT 5278,Hyundai i20,4.0,7
DRV2276,Jagvi Solanki,03945268375,MH32 YQ 4983,Honda City,3.5,1
DRV2277,Arjun Kala,3037689096,MH41 IS 0431,Hyundai i20,4.7,13
DRV2278,Banjeet Pant,3414880274,MH43 TS 6154,Honda City,3.8,15
DRV2279,Xalak Upadhyay,9359102639,MH11 PO 5870,Honda City,4.2,2
DRV2280,Kavya Bath,1165261595,MH25 AO 8277,Toyota Innova,3.5,11
DRV2281,Balveer Sekhon,01190566549,MH27 NW 5448,Mahindra XUV700,3.6,4
DRV2282,Nikita Raman,+911580852808,MH26 WY 0541,Swift Dzire,3.8,16
DRV2283,Rajeshri Goda,6703710577,MH3 LR 5199,WagonR,5.0,16
DRV2284,Jatin Natarajan,+914422249686,MH4 GC 9286,Maruti Ertiga,3.9,10
DRV2285,Advika Wali,05892180468,MH31 IQ 9329,Kia Seltos,4.0,2
DRV2286,Aahana Lalla,09535179680,MH47 RX 1449,Mahindra XUV700,3.5,15
DRV2287,Varenya Vyas,5710533428,MH50 AJ 8072,Hyundai Creta,4.4,2
DRV2288,Meera Raja,02324164483,MH1 AX 5822,Tata Nexon,4.3,8
DRV2289,Henry Padmanabhan,08137235180,MH38 AN 5068,Maruti Ertiga,3.7,19
DRV2290,Anika Lall,4880412104,MH19 EP 8191,Toyota Innova,4.6,20
DRV2291,Zehaan Bakshi,+919621281684,MH39 ZJ 9514,Honda City,4.3,7
DRV2292,Nathaniel Menon,01093487175,MH37 BP 2963,Swift Dzire,4.8,3
DRV2293,Aradhana Sood,08355449416,MH14 HW 5351,Honda City,4.6,1
DRV2294,Vinaya Mammen,+911497514576,MH48 FY 8355,Maruti Ertiga,3.6,11
DRV2295,Triya Mitter,+912697416534,MH4 TT 8997,Honda City,4.6,12
DRV2296,Netra Wagle,+917864685455,MH29 QB 2191,Mahindra XUV700,3.7,8
DRV2297,Zehaan Keer,05327036259,MH16 FK 2266,Tata Nexon,4.7,10
DRV2298,Yagnesh Sarin,+918879217861,MH12 GH 5684,Kia Seltos,3.6,8
DRV2299,Chavvi Oak,07857828589,MH16 IJ 1551,Swift Dzire,4.7,14
DRV2300,Robert Bose,+918453419361,MH15 ZQ 3893,WagonR,4.7,19
DRV2301,Bhavya Mangal,08558739849,MH33 WN 9763,Hyundai Creta,3.9,10
DRV2302,Neha Dua,00797775906,MH5 FO 8377,Swift Dzire,3.5,18
DRV2303,Shravya Soman,6846151424,MH1 DY 2013,Kia Seltos,4.1,3
DRV2304,Christopher Prabhu,6971484683,MH32 EC 9368,Swift Dzire,3.9,6
DRV2305,Abeer Srinivas,+919453469012,MH1 TA 3241,Hyundai Creta,3.7,1
DRV2306,Harita Sachdev,+915601384075,MH50 RF 6508,Toyota Innova,4.9,17
DRV2307,Viraj Kala,0609644587,MH26 MR 0030,WagonR,3.8,7
DRV2308,Ekaja Sarma,+918322867476,MH19 GN 1911,WagonR,4.8,11
DRV2309,Raksha Rajagopalan,+910352373754,MH37 OV 5838,Hyundai Creta,4.9,20
DRV2310,Qasim Lanka,1689183390,MH30 XY 9643,Tata Nexon,3.6,15
DRV2311,Oni Bhardwaj,+916624792990,MH29 XW 2079,Hyundai Creta,3.9,14
DRV2312,Garima Mand,+915045649200,MH15 SY 4539,Kia Seltos,4.3,7
DRV2313,Benjamin Bora,05950875693,MH36 RR 6419,Mahindra XUV700,3.7,17
DRV2314,Tanveer Vyas,06948581482,MH13 CK 5950,Hyundai i20,4.2,12
DRV2315,Brinda Deshpande,3865746771,MH13 IJ 8687,Hyundai i20,4.8,11
DRV2316,Omisha Kale,07640997608,MH4 SJ 3942,Maruti Ertiga,4.1,11
DRV2317,Ekani Kata,+910978823318,MH30 OP 6597,Honda City,4.0,12
DRV2318,Rachita Panchal,+911430153910,MH28 AG 7492,WagonR,5.0,1
DRV2319,Anmol Trivedi,+913013461524,MH13 BH 7772,Hyundai Creta,4.5,4
DRV2320,Damyanti Mander,00632105937,MH27 UL 0484,Toyota Innova,4.5,10
DRV2321,Michael Divan,8073539057,MH39 NN 7529,Swift Dzire,4.2,2
DRV2322,Devansh Vaidya,05547276347,MH46 KO 9877,Hyundai i20,5.0,17
DRV2323,Qarin Bose,+919638870126,MH48 PU 4192,Mahindra XUV700,4.8,17
DRV2324,Kashvi Mohanty,7733278592,MH45 VE 5069,Kia Seltos,4.2,14
DRV2325,Sai Rege,7760633202,MH38 XP 0277,Maruti Ertiga,4.1,6
DRV2326,Abeer Sood,1868358783,MH3 NL 4228,WagonR,3.6,14
DRV2327,Guneet Virk,8937891343,MH46 ES 0830,Hyundai i20,4.9,7
DRV2328,Kavya Raval,03253756899,MH9 SH 0010,Swift Dzire,4.3,13
DRV2329,Vaishnavi Vaidya,00253845817,MH24 CR 1807,Kia Seltos,4.9,14
DRV2330,Yochana Lad,+915561576741,MH2 JD 8754,Swift Dzire,3.6,1
DRV2331,Ojasvi Biswas,5750500953,MH23 ZK 2732,Hyundai Creta,4.7,9
DRV2332,Madhav Patla,+913451072587,MH40 EV 0311,Mahindra XUV700,4.7,19
DRV2333,Zehaan Kashyap,9154724031,MH34 GI 9829,Swift Dzire,4.2,20
DRV2334,Kala Dani,08665952418,MH31 ZN 7741,Toyota Innova,3.6,18
DRV2335,Gautam Chowdhury,07747212089,MH11 JQ 1865,Maruti Ertiga,4.4,17
DRV2336,Ryan Dara,9652588753,MH18 RY 3602,Tata Nexon,4.1,19
DRV2337,Saksham Manda,07155806899,MH3 YJ 0818,Toyota Innova,4.4,4
DRV2338,Jonathan Borra,9840329807,MH6 JJ 9868,Honda City,4.5,10
DRV2339,Zayan Thakur,5148904498,MH33 MJ 7013,Swift Dzire,3.7,17
DRV2340,Radhika Johal,07058624474,MH22 EN 1879,Hyundai Creta,4.5,16
DRV2341,Jeevika Grewal,06076857011,MH6 JM 9210,Hyundai Creta,3.8,17
DRV2342,Xalak Narayan,07640907828,MH35 SY 5462,Honda City,4.8,10
DRV2343,Gaurika Tata,+911131037930,MH10 NG 5795,Hyundai i20,3.6,10
DRV2344,Harinakshi Chacko,0763428848,MH29 ES 3499,Hyundai i20,4.5,7
DRV2345,Chaitaly Om,+916228318851,MH43 MJ 4569,Swift Dzire,3.8,6
DRV2346,Rayaan Dewan,06109322306,MH3 HM 1888,Tata Nexon,3.7,16
DRV2347,Theodore Walia,08081554009,MH19 UM 8209,Tata Nexon,4.3,6
DRV2348,Brinda Gole,04462533150,MH9 FK 3627,Mahindra XUV700,3.6,13
DRV2349,Karan Pandya,+913120325063,MH26 OA 4813,Tata Nexon,4.4,2
DRV2350,Leela Mukherjee,+911622568327,MH7 PY 3266,Hyundai i20,4.3,13
DRV2351,Jhalak Dara,7246330057,MH5 WQ 2578,Kia Seltos,4.5,19
DRV2352,Alka Menon,6461318389,MH11 LM 9932,Kia Seltos,4.3,11
DRV2353,Udarsh Mander,5636163281,MH4 WA 5072,Kia Seltos,4.5,12
DRV2354,Maanav Hari,+914770253939,MH48 AH 0565,Tata Nexon,4.0,15
DRV2355,Bhavna Mandal,05223727544,MH1 HN 2750,Tata Nexon,4.3,17
DRV2356,Yasti Sule,+913957876597,MH28 JX 2750,Tata Nexon,4.4,5
DRV2357,Aayush Jain,8353189349,MH27 MA 2149,Kia Seltos,4.4,17
DRV2358,Mason Bal,8078055606,MH28 SE 2608,Maruti Ertiga,3.8,8
DRV2359,Warjas Barad,0970570357,MH11 ME 4747,Hyundai Creta,3.8,14
DRV2360,Harrison Ramaswamy,7053702129,MH11 NT 5711,Swift Dzire,4.9,17
DRV2361,Aryan Chakrabarti,09467808692,MH24 JZ 3937,Hyundai i20,3.6,19
DRV2362,Diya Karan,01378168006,MH2 ET 9435,Hyundai Creta,4.6,17
DRV2363,Lipika Raval,+912348509103,MH19 UK 0067,Swift Dzire,3.6,10
DRV2364,Damini Chaudhary,+915957111761,MH39 TS 7239,Kia Seltos,4.3,19
DRV2365,Samaksh Saha,5472497749,MH28 US 7778,Tata Nexon,4.3,20
DRV2366,Aishani D’Alia,03563087722,MH44 RC 7906,Maruti Ertiga,4.1,14
DRV2367,Udarsh Zachariah,00568815951,MH26 AC 5296,Hyundai i20,3.5,1
DRV2368,Janani Cherian,+915798468150,MH27 JB 5981,Maruti Ertiga,4.8,10
DRV2369,Advaith Bath,+911384999286,MH46 QN 2487,Tata Nexon,4.2,1
DRV2370,Ishanvi Sanghvi,07148212406,MH18 EB 1821,Mahindra XUV700,5.0,6
DRV2371,Kabir Arora,+913512885639,MH34 ZK 7945,Maruti Ertiga,4.8,1
DRV2372,Aadhya Banerjee,3428502513,MH2 ZP 0055,Hyundai i20,3.6,2
DRV2373,Xalak Oommen,06184578674,MH24 IO 4720,Honda City,3.6,8
DRV2374,Yash Ratti,1348645650,MH15 MW 7689,Maruti Ertiga,4.1,14
DRV2375,Chavvi Bhagat,+915444883366,MH2 XY 9135,Honda City,3.7,8
DRV2376,Oscar Sibal,2160144554,MH8 IU 6015,Maruti Ertiga,4.4,17
DRV2377,Diya Merchant,+911029600892,MH22 DU 7748,Honda City,4.0,5
DRV2378,Hemal Bora,03892517497,MH29 EC 1109,Tata Nexon,3.9,5
DRV2379,Dakshesh Vaidya,02723510923,MH46 PX 1656,Kia Seltos,4.6,12
DRV2380,Kai Chacko,1670473760,MH25 MM 6989,Honda City,4.3,10
DRV2381,Luke Khosla,07730169603,MH41 KJ 4007,Hyundai i20,4.6,11
DRV2382,Pahal Char,+910442761879,MH2 XY 9135,Mahindra XUV700,4.5,18
DRV2383,Madhavi Iyengar,9760019843,MH12 LX 9841,Hyundai Creta,3.8,8
DRV2384,Jonathan Oza,+911464409720,MH3 AS 8419,WagonR,4.4,9
DRV2385,Rishi Mishra,02177016555,MH30 ZB 6815,Maruti Ertiga,3.8,4
DRV2386,Kamya Bir,+915298149918,MH7 YB 6085,Tata Nexon,4.3,12
DRV2387,Alka Bora,3795283600,MH25 QC 6296,Tata Nexon,4.4,10
DRV2388,Caleb Chander,01010304304,MH17 FR 3997,Maruti Ertiga,4.0,8
DRV2389,Pushti Sastry,1819869551,MH11 KO 4887,Tata Nexon,4.5,16
DRV2390,Frado More,+912780173888,MH25 RV 4316,Honda City,4.5,8
DRV2391,Varsha Srinivasan,04749853104,MH50 NV 5817,Kia Seltos,4.8,20
DRV2392,Dominic Varghese,00613008412,MH27 XY 0935,Hyundai i20,3.8,7
DRV2393,Ekanta Goswami,+911415037616,MH9 BR 7440,Tata Nexon,4.2,7
DRV2394,Unnati Goda,+914768680356,MH30 YN 9231,Honda City,4.2,18
DRV2395,Bishakha Virk,02954248090,MH50 QH 7739,Maruti Ertiga,4.2,19
DRV2396,Dalaja Shroff,6002666409,MH30 WB 4391,Kia Seltos,4.4,14
DRV2397,Rohan Batta,+916860868953,MH11 ZL 3236,Hyundai Creta,4.8,20
DRV2398,Upadhriti Sinha,+917143644693,MH29 WM 5774,Toyota Innova,4.8,8
DRV2399,Urishilla Bose,+910167815765,MH31 GB 6672,Maruti Ertiga,4.8,9
DRV2400,Warjas Natt,07157300275,MH29 NY 2883,Swift Dzire,4.7,19
DRV2401,Matthew Kothari,9564642451,MH2 NU 3773,Kia Seltos,5.0,10
DRV2402,Chakrika Babu,8342229112,MH43 MF 4447,Kia Seltos,3.5,19
DRV2403,Manan Korpal,5808145075,MH5 DC 6083,Hyundai i20,4.2,3
DRV2404,Yashasvi Garde,09156160985,MH42 QK 7635,Hyundai i20,3.5,11
DRV2405,Nilima Virk,00968863053,MH49 DV 2200,Toyota Innova,3.5,19
DRV2406,Pavani Acharya,6396145849,MH42 DO 1808,Hyundai Creta,3.5,15
DRV2407,Advay Palla,04491815903,MH35 XR 6614,Tata Nexon,4.6,5
DRV2408,Charan Mammen,02336111036,MH23 GM 5589,Hyundai i20,4.1,15
DRV2409,Adweta Parsa,02208984138,MH23 DC 6504,Maruti Ertiga,4.2,1
DRV2410,Yoshita Korpal,00209373264,MH28 GT 9372,Tata Nexon,4.6,8
DRV2411,Tanay Kohli,+914302955840,MH11 SX 1052,Hyundai Creta,4.4,20
DRV2412,Vaishnavi Sem,04544082019,MH2 EW 0440,Kia Seltos,4.8,17
DRV2413,Simon Nigam,+918934924938,MH22 JJ 1878,Mahindra XUV700,4.1,19
DRV2414,Xalak Chaudry,05791292348,MH10 PU 9022,Kia Seltos,4.8,2
DRV2415,Tanish Warrior,8078970625,MH5 VF 3853,Swift Dzire,4.4,12
DRV2416,Yug Raja,9146890076,MH27 YL 3161,WagonR,4.1,6
DRV2417,Hamsini Malhotra,+917165625017,MH41 XL 3661,WagonR,4.9,8
DRV2418,Christopher Behl,3353305725,MH34 NI 4659,Hyundai Creta,4.2,16
DRV2419,Tanveer Kohli,+912177650402,MH13 CD 4978,Tata Nexon,3.7,10
DRV2420,Zayan Kale,+918751107446,MH38 WQ 2913,Toyota Innova,3.8,10
DRV2421,Ansh Dave,07659647567,MH13 NX 5077,Toyota Innova,3.8,17
DRV2422,Ishita Kapoor,0651139771,MH42 AF 4180,Kia Seltos,3.7,3
DRV2423,Manbir More,5589090281,MH46 IJ 1726,Tata Nexon,4.4,9
DRV2424,Jeet Rattan,2543156789,MH18 GU 9686,Hyundai Creta,3.7,10
DRV2425,Finn Kashyap,8277354129,MH3 DP 6374,Maruti Ertiga,3.9,15
DRV2426,Meghana Sarkar,03827420718,MH12 CV 6212,WagonR,4.7,2
DRV2427,Dipta Sathe,+918660680995,MH3 ES 7851,Honda City,3.7,1
DRV2428,Tanish Sawhney,+914521720533,MH48 PD 7824,Maruti Ertiga,5.0,11
DRV2429,Finn Krish,00208684937,MH48 LY 1849,Tata Nexon,3.8,18
DRV2430,Dalaja Sura,8543623509,MH50 ED 3295,Tata Nexon,3.7,13
DRV2431,Ayush Mohanty,9780928765,MH32 IR 2143,Toyota Innova,3.8,18
DRV2432,Bakhshi Aggarwal,+910216580767,MH1 WO 2100,WagonR,3.8,4
DRV2433,Brinda Shere,02930649123,MH14 EJ 0020,Hyundai i20,4.2,8
DRV2434,Aarna Sant,+911774774993,MH19 KL 2347,WagonR,3.5,19
DRV2435,Anya Sridhar,08669556670,MH18 HE 1085,WagonR,3.9,19
DRV2436,Nikita Bedi,04683558026,MH5 TB 8138,Tata Nexon,4.6,2
DRV2437,Advik Ramakrishnan,04693916668,MH36 XY 9959,Honda City,4.3,5
DRV2438,Liam Sankaran,+913617466372,MH16 LI 3127,WagonR,4.5,7
DRV2439,Frederick Halder,03708973699,MH40 CS 6045,Toyota Innova,4.4,13
DRV2440,Madhavi Hari,+915939223146,MH32 KR 4263,Maruti Ertiga,4.6,18
DRV2441,Indali Dora,+918339698860,MH36 PX 4967,Hyundai i20,4.3,5
DRV2442,Bhavya Chakraborty,08577291408,MH19 JX 7453,Hyundai i20,3.8,6
DRV2443,Ekapad Barman,+917056440766,MH12 VG 3995,WagonR,3.9,10
DRV2444,Jack Kari,+918244330512,MH33 BQ 7844,Toyota Innova,4.9,2
DRV2445,Anamika Tata,00179400671,MH30 WD 9199,Toyota Innova,4.1,16
DRV2446,Neha Chauhan,6595721466,MH36 CW 2765,Hyundai i20,4.0,5
DRV2447,Zarna Warrior,+916648116233,MH46 LC 0812,Toyota Innova,3.8,5
DRV2448,Vivaan Sarkar,+914153896505,MH46 JS 2639,WagonR,4.8,14
DRV2449,Caleb Radhakrishnan,+914286031604,MH46 BC 1445,Tata Nexon,4.4,3
DRV2450,Bhavna Mahajan,08278735846,MH44 JY 2290,Honda City,4.4,9
DRV2451,Warda Brar,05624841533,MH20 XR 8199,Honda City,4.6,15
DRV2452,Udyati Misra,06605427497,MH40 NX 6726,WagonR,4.1,20
DRV2453,Meera Bansal,3562725231,MH22 OY 2099,Hyundai i20,3.9,17
DRV2454,Advaith Kala,02847064454,MH18 HQ 2726,Hyundai Creta,3.6,2
DRV2455,Vamakshi Kannan,09641549888,MH43 GQ 6062,Honda City,4.3,10
DRV2456,Hemangini Dey,04745505268,MH29 BX 8979,Kia Seltos,4.2,18
DRV2457,Varsha Nayar,+918945440169,MH31 UU 1592,Maruti Ertiga,3.9,16
DRV2458,Raagini Dhar,06975934487,MH31 PG 9067,Hyundai i20,4.0,6
DRV2459,Hredhaan Mody,+919628581205,MH50 AL 4446,WagonR,3.6,12
DRV2460,Yoshita Bhatnagar,02847042523,MH20 FC 3626,Mahindra XUV700,4.7,2
DRV2461,Chanakya Narayan,9719487577,MH34 JX 0853,Hyundai Creta,4.3,8
DRV2462,Falak Dhaliwal,+913846755560,MH31 ZM 7687,Hyundai i20,4.0,11
DRV2463,Edhitha Sem,+917849900980,MH8 IS 7269,Kia Seltos,3.9,1
DRV2464,Jatin Dyal,06358799217,MH26 EW 0455,Honda City,4.0,17
DRV2465,George Dhar,+911864016925,MH14 HP 6492,Maruti Ertiga,4.1,17
DRV2466,Ira Issac,9113461363,MH3 MU 9970,Swift Dzire,3.6,2
DRV2467,Fitan Kapoor,0237766710,MH19 MO 3082,Honda City,4.0,17
DRV2468,Jatin Ramanathan,+918701327280,MH4 NO 3701,WagonR,4.0,18
DRV2469,Shivansh Mohan,2556576530,MH25 WG 8459,Hyundai i20,3.9,8
DRV2470,Faraj Arya,9311609460,MH13 AR 9598,Toyota Innova,3.9,11
DRV2471,Bakhshi Aggarwal,8798485048,MH3 MI 2881,Kia Seltos,4.4,15
DRV2472,Gaurangi Parsa,+916819916455,MH44 JZ 0337,Honda City,3.6,2
DRV2473,Irya Deol,09704141488,MH16 NA 2949,Kia Seltos,3.8,16
DRV2474,Qabil Singh,6888008044,MH9 AV 1327,Maruti Ertiga,4.9,15
DRV2475,Jason Bandi,7164941399,MH14 XB 1966,Hyundai i20,5.0,8
DRV2476,Chavvi Anand,+913235498833,MH28 ZA 1279,Maruti Ertiga,4.1,14
DRV2477,Sneha Sharaf,+911387018599,MH30 AI 8077,Swift Dzire,4.4,11
DRV2478,Alexander Sem,7611191936,MH16 II 6230,Kia Seltos,4.1,6
DRV2479,Urvashi Bajwa,+911899822825,MH24 UH 9081,Toyota Innova,3.9,1
DRV2480,Raagini Salvi,8980473181,MH26 JG 8869,Hyundai Creta,4.9,6
DRV2481,Lekha Narayan,5278545526,MH26 IF 1740,Toyota Innova,4.9,3
DRV2482,Ekaraj Randhawa,02266705143,MH9 ZO 6869,Honda City,4.8,13
DRV2483,Amrita Bhatia,+913606564879,MH8 LZ 6455,Tata Nexon,4.7,18
DRV2484,Barkha Patil,7403578056,MH24 BD 5045,Tata Nexon,3.7,20
DRV2485,Harsh Hans,+911143770367,MH2 EA 8882,WagonR,4.5,14
DRV2486,Warda Parekh,+915696859888,MH35 MT 6194,Toyota Innova,4.0,16
DRV2487,Vedika Guha,3082826877,MH25 EH 9499,Hyundai i20,4.0,8
DRV2488,Darsh Sarma,6848011432,MH35 GA 1010,Maruti Ertiga,4.0,5
DRV2489,Frado Kara,04109336857,MH35 TO 6361,Hyundai i20,4.6,18
DRV2490,Abha Madan,+918588518852,MH26 MG 1673,Mahindra XUV700,4.0,10
DRV2491,Udant Hans,+911696855653,MH8 DD 9484,Hyundai Creta,4.4,4
DRV2492,Jeremiah Grover,7214834259,MH10 FA 8743,Maruti Ertiga,3.8,8
DRV2493,Zashil Agarwal,05983277687,MH29 XL 6239,Hyundai i20,3.8,20
DRV2494,Bhavna Din,6151100088,MH6 QI 1223,WagonR,3.9,1
DRV2495,Dhriti Tiwari,1665711133,MH28 TU 0177,Hyundai Creta,4.4,13
DRV2496,Janya Chaudhary,02944765807,MH40 ZV 5842,Maruti Ertiga,4.8,7
DRV2497,Odika Khatri,+915753929965,MH40 UM 6242,Mahindra XUV700,4.4,2
DRV2498,Tamanna Nagarajan,+914298638197,MH13 RM 3818,Toyota Innova,4.0,11
DRV2499,Thomas Sarraf,4683874159,MH10 IN 2497,Kia Seltos,3.7,1
DRV2500,Aayush Mittal,8344588977,MH4 NV 2318,WagonR,4.0,19
DRV2501,Lucky Thaman,9816236710,MH16 IA 0255,WagonR,4.4,16
DRV2502,Advika Mammen,03582221195,MH18 CL 3908,WagonR,4.9,18
DRV2503,Sarthak Pandit,8824606246,MH40 GW 5188,Swift Dzire,4.8,6
DRV2504,Aayush Acharya,09602336781,MH49 RN 6233,Tata Nexon,4.8,7
DRV2505,Nandini Soman,2572118413,MH28 ZA 1279,Tata Nexon,4.4,4
DRV2506,Arjun Patel,08236598404,MH12 NU 2213,Hyundai Creta,4.8,5
DRV2507,Garima Ravel,09139878435,MH44 JC 6497,Toyota Innova,4.6,9
DRV2508,Indrajit Shan,02199428040,MH27 LU 6864,Honda City,4.6,17
DRV2509,Gunbir Dayal,+912615586413,MH47 XN 6439,Toyota Innova,4.6,20
DRV2510,Suhani Barman,+911536359343,MH30 WB 4391,Swift Dzire,3.6,14
DRV2511,Caleb Arya,02557247017,MH33 RN 2559,Mahindra XUV700,3.6,6
DRV2512,Kamala Nadig,6799276365,MH20 TI 7021,Honda City,3.8,4
DRV2513,Riya Setty,5162407570,MH8 MO 1628,Toyota Innova,4.9,8
DRV2514,Zarna Singhal,04472391985,MH41 EF 4903,Tata Nexon,3.9,19
DRV2515,Zashil Saha,1775723433,MH9 QN 6258,Toyota Innova,3.6,13
DRV2516,Yug Murty,3171971351,MH45 ZI 7253,Tata Nexon,3.8,13
DRV2517,Vedhika Din,00254449688,MH10 AA 5804,Hyundai Creta,3.6,11
DRV2518,Veda Dhar,01553426105,MH28 SS 7153,Honda City,4.6,8
DRV2519,Kai Jayaraman,6082514098,MH4 OD 5567,Kia Seltos,4.3,19
DRV2520,Devansh Maharaj,3807976510,MH44 SI 6446,Swift Dzire,4.4,18
DRV2521,Atharv Saini,00809775396,MH28 HX 2081,Swift Dzire,3.6,7
DRV2522,Reva Bakshi,00302322155,MH26 VZ 8450,Mahindra XUV700,4.8,15
DRV2523,Gaurang Babu,03980071355,MH3 NW 2570,Maruti Ertiga,3.7,1
DRV2524,Shivani Anne,04821297196,MH10 CO 6001,Maruti Ertiga,4.8,7
DRV2525,Gunbir Kuruvilla,4008475345,MH9 HW 5851,Kia Seltos,4.7,17
DRV2526,Forum Yadav,07316995396,MH39 BM 3375,Mahindra XUV700,4.4,18
DRV2527,Farhan Madan,09138946911,MH46 QL 0273,Toyota Innova,4.0,3
DRV2528,Devika Ravel,02316037309,MH38 OW 5837,Swift Dzire,4.2,1
DRV2529,Laksh Virk,04492542683,MH29 UT 2161,Tata Nexon,4.2,6
DRV2530,Jhalak Barman,+913139288981,MH33 UD 2978,Kia Seltos,4.8,16
DRV2531,Hritik Keer,+913428590210,MH50 JH 6997,Swift Dzire,3.9,1
DRV2532,Forum Gala,+915153567145,MH26 XL 1583,Kia Seltos,4.2,11
DRV2533,Chandani Pau,+913375185952,MH42 MD 3449,Honda City,4.0,18
DRV2534,Krishna Parekh,6308062991,MH25 AM 2203,Swift Dzire,4.1,17
DRV2535,Zilmil Shah,6826718698,MH20 NH 7980,Hyundai i20,4.4,1
DRV2536,Nisha Sastry,5245432413,MH2 AY 1700,Hyundai Creta,3.8,17
DRV2537,Rajata Murthy,+914948966198,MH18 QK 7170,Mahindra XUV700,4.3,12
DRV2538,Indrajit Bhakta,05422431606,MH35 IU 4489,Tata Nexon,4.7,5
DRV2539,Krishna Mital,03619315361,MH28 PG 2851,Hyundai Creta,4.3,5
DRV2540,Watika Kala,7149438448,MH48 AD 3241,Maruti Ertiga,4.5,14
DRV2541,Benjamin Bandi,9435957283,MH5 KP 5011,Toyota Innova,4.1,3
DRV2542,Mekhala Jayaraman,0620087005,MH19 QH 5578,Honda City,4.7,19
DRV2543,Yamini Padmanabhan,3040987013,MH16 HF 3614,Hyundai i20,3.9,4
DRV2544,Omaja Chad,02015831886,MH48 RH 1178,Kia Seltos,4.0,1
DRV2545,Omaja Bhargava,+910896336852,MH27 LK 5023,Mahindra XUV700,3.7,13
DRV2546,Warjas Dass,05347336558,MH26 QV 6384,WagonR,4.3,12
DRV2547,Gaurav Luthra,+913293481728,MH47 WH 7156,WagonR,3.8,12
DRV2548,Abhimanyu Nagy,8443696914,MH49 LH 9430,Toyota Innova,4.3,10
DRV2549,Brijesh Rama,05133201733,MH49 EV 9324,Toyota Innova,4.4,12
DRV2550,George Nadkarni,+910018500538,MH14 QJ 7781,Swift Dzire,3.9,5
DRV2551,Simon Kuruvilla,+913779722905,MH44 WG 6856,Mahindra XUV700,4.8,9
DRV2552,Urishilla Borde,2755592568,MH14 DX 6690,Mahindra XUV700,4.0,20
DRV2553,Tripti Choudhary,+915989219427,MH23 UT 4340,Hyundai i20,4.2,16
DRV2554,Nicholas Majumdar,07098675823,MH33 VH 6199,Tata Nexon,3.5,19
DRV2555,Zehaan Rai,01708573181,MH48 IF 9560,Kia Seltos,3.6,17
DRV2556,Jai Sama,06292157856,MH9 JU 8330,Hyundai Creta,4.3,18
DRV2557,Maya Bhat,+917362295629,MH15 PZ 6883,Hyundai Creta,4.5,8
DRV2558,Devika Bhatt,4720066237,MH12 ML 4052,Honda City,3.6,14
DRV2559,Hemang Mody,+914009898168,MH1 OC 7865,Toyota Innova,4.6,4
DRV2560,Farhan Chaudhuri,9190548995,MH30 UA 9931,WagonR,3.6,6
DRV2561,Raksha Parmar,01096850001,MH48 PE 3221,Mahindra XUV700,4.2,6
DRV2562,Qabil Mangat,+914245991016,MH21 SN 4959,Mahindra XUV700,3.8,11
DRV2563,Hemani Nair,4160041458,MH18 CL 3908,Maruti Ertiga,4.7,6
DRV2564,Charvi Choudhary,07460179787,MH48 SB 6724,Swift Dzire,3.9,18
DRV2565,Urvashi Venkatesh,6528340150,MH17 QG 9395,WagonR,4.1,8
DRV2566,Praneel Ahluwalia,3256459675,MH29 SB 8306,Honda City,4.2,12
DRV2567,Liam Lata,3133507005,MH33 SP 1232,Hyundai Creta,4.0,2
DRV2568,Wyatt Kala,5354246500,MH46 KG 3562,Toyota Innova,4.7,14
DRV2569,Farhan Tata,00127599830,MH20 QQ 4676,Swift Dzire,4.8,19
DRV2570,Hemal Verma,1291304989,MH34 UK 7377,WagonR,4.6,11
DRV2571,Aditya Dash,+911242704034,MH9 WB 5433,Hyundai Creta,4.2,2
DRV2572,Ranbir Vasa,02338042539,MH9 WN 4577,Maruti Ertiga,4.3,3
DRV2573,Upkaar Bansal,07887647271,MH16 NX 9421,Mahindra XUV700,3.6,18
DRV2574,Jyoti Edwin,06530616378,MH46 QW 9137,Maruti Ertiga,4.3,18
DRV2575,Jack Kari,+918501287985,MH16 DK 2071,Maruti Ertiga,4.8,20
DRV2576,Aarnav Arya,01972744110,MH14 SL 1184,Tata Nexon,3.8,4
DRV2577,Lakshit Kuruvilla,+917044577099,MH34 YQ 4515,Mahindra XUV700,4.2,1
DRV2578,Siddharth Sankaran,+917026017288,MH7 UG 9478,Tata Nexon,3.8,19
DRV2579,Mohammed Parekh,+917595900624,MH27 YM 0493,Mahindra XUV700,3.7,1
DRV2580,Amaira Khosla,7206373960,MH50 DK 0521,WagonR,4.4,2
DRV2581,Mitali Kurian,02957810785,MH19 TD 2497,Hyundai i20,3.7,17
DRV2582,Advay Apte,03953457240,MH9 QD 3111,Hyundai i20,3.7,1
DRV2583,Amaira Mukherjee,2251632535,MH36 OE 7961,Kia Seltos,4.9,16
DRV2584,Hemal Deshpande,6797989440,MH24 NL 8636,Hyundai Creta,4.6,4
DRV2585,Advaith Shere,+916276572770,MH38 KU 2441,Mahindra XUV700,4.8,16
DRV2586,Bhavani Tiwari,05286835530,MH25 CZ 5058,Toyota Innova,3.6,4
DRV2587,Urmi Nayar,5028424293,MH9 IF 5676,Swift Dzire,4.9,2
DRV2588,Anika Kalla,5532894787,MH4 VH 2591,Mahindra XUV700,3.9,5
DRV2589,Alexander Hans,6829073009,MH33 IV 4584,Hyundai Creta,3.8,3
DRV2590,Nathan Vora,5007285411,MH44 MR 1514,WagonR,4.8,15
DRV2591,Dominic Kala,+915079646614,MH38 RC 6921,Maruti Ertiga,3.7,18
DRV2592,Ekbal Bobal,02152640404,MH36 QH 2724,Hyundai i20,4.8,19
DRV2593,Bimala Dugal,05069052544,MH10 BZ 2773,WagonR,4.6,1
DRV2594,Hemal Shanker,02212022315,MH15 RT 0913,WagonR,4.4,5
DRV2595,Januja Chander,09848625777,MH27 KV 0119,Honda City,3.7,8
DRV2596,Daksha Dash,+916338256910,MH31 OI 0766,Hyundai i20,4.7,7
DRV2597,Jasmit Patla,02992621541,MH27 KW 3594,Hyundai Creta,3.8,16
DRV2598,Rohan Dutta,7242192319,MH10 VI 2236,Mahindra XUV700,4.4,1
DRV2599,Advika Borde,03708274508,MH20 WZ 7820,Kia Seltos,3.6,18
DRV2600,Chatresh Wali,2112357189,MH25 RP 4125,Maruti Ertiga,4.6,19
DRV2601,Dalbir Mishra,+914674855400,MH34 MO 9125,Hyundai i20,4.1,2
DRV2602,Tanish Chand,+910586838921,MH29 RZ 1101,WagonR,5.0,19
DRV2603,Adweta Magar,2173543536,MH3 CV 0838,Hyundai i20,4.7,17
DRV2604,Robert Dixit,+914160173238,MH22 GX 8386,WagonR,4.4,9
DRV2605,Odika Wason,07918603546,MH27 NV 3500,Hyundai i20,3.6,12
DRV2606,Veer Kashyap,04219572269,MH35 VZ 0246,WagonR,3.5,8
DRV2607,Waida More,+912591735156,MH31 YD 5453,Toyota Innova,4.9,11
DRV2608,Parth Gill,03799553264,MH35 LD 9932,Tata Nexon,3.7,8
DRV2609,Xiti Malhotra,00381167748,MH23 GH 0130,Toyota Innova,4.6,5
DRV2610,Agastya Sood,+916905369097,MH13 MN 7474,Tata Nexon,4.3,7
DRV2611,Eshana Shan,03038059451,MH34 UI 4678,Toyota Innova,4.5,13
DRV2612,Ishita Trivedi,+919766384383,MH7 XX 6405,Maruti Ertiga,4.0,16
DRV2613,Neelima Mandal,+915195400331,MH27 HN 5303,Honda City,4.1,4
DRV2614,Unnati Narain,5050317500,MH45 QS 2267,Swift Dzire,4.0,6
DRV2615,Lakshmi Hora,2215415983,MH40 GQ 8434,Maruti Ertiga,4.4,7
DRV2616,Ayaan Badami,6403655488,MH40 IR 8060,Hyundai Creta,4.5,15
DRV2617,Ganga Nagi,+915245665335,MH27 DH 2082,Hyundai Creta,3.8,6
DRV2618,Yashawini Rege,00068295084,MH6 MM 0796,Hyundai Creta,3.9,17
DRV2619,Adya Dave,08513910719,MH17 FH 2898,Hyundai i20,4.8,10
DRV2620,Urvi Trivedi,00138262708,MH7 BK 8858,Hyundai Creta,4.3,11
DRV2621,Vedhika Chatterjee,00856878328,MH10 ML 8018,Toyota Innova,3.6,5
DRV2622,Unnati Kurian,+914285857872,MH2 YD 5304,Swift Dzire,4.4,19
DRV2623,Edhitha Pingle,+913306339754,MH38 FS 5325,Hyundai Creta,3.6,19
DRV2624,Frederick Bahl,+919067436699,MH8 JP 9561,Mahindra XUV700,5.0,15
DRV2625,Krisha Maharaj,+912081574580,MH31 VN 2378,Swift Dzire,4.3,2
DRV2626,Gaurangi Parekh,+917058673597,MH49 TS 4580,Tata Nexon,3.6,2
DRV2627,Isaiah Nath,+915023116276,MH8 KP 1125,Swift Dzire,4.9,6
DRV2628,Warhi Dash,6000605695,MH20 EQ 6015,Mahindra XUV700,4.6,1
DRV2629,Ganga Kuruvilla,04547283042,MH48 QA 7636,Honda City,4.5,6
DRV2630,Kala Sanghvi,+912426184353,MH14 TD 1255,Honda City,4.5,15
DRV2631,Yagnesh Hora,9869754822,MH13 BD 7967,Honda City,3.7,18
DRV2632,Maanas Chaudhuri,+916844969090,MH40 QI 2279,Hyundai Creta,4.7,14
DRV2633,Edhitha Butala,06558033151,MH33 VK 7312,Hyundai Creta,4.1,19
DRV2634,Kavya Wadhwa,+915201111334,MH14 LQ 6612,Honda City,4.3,13
DRV2635,Lekha Pai,0978676159,MH18 WE 3974,Maruti Ertiga,3.9,5
DRV2636,Jagvi Panchal,4868582907,MH24 RR 5141,WagonR,3.6,6
DRV2637,Mugdha Rau,8877225727,MH39 VG 8478,Kia Seltos,3.7,16
DRV2638,Krishna Nagarajan,05813027291,MH31 QV 8322,Kia Seltos,4.2,7
DRV2639,Raghav Saraf,0030630054,MH47 ES 9796,Toyota Innova,3.5,20
DRV2640,Isaac Biswas,+917159562283,MH19 SF 2392,Swift Dzire,3.7,10
DRV2641,Nachiket Chanda,+916069144511,MH44 QQ 8638,Toyota Innova,4.6,8
DRV2642,Madhavi Chakraborty,+917915846083,MH45 HR 7520,Kia Seltos,4.4,2
DRV2643,Rachana Kale,1678981492,MH24 GZ 3243,Hyundai Creta,3.5,4
DRV2644,Dayita Nagy,+917406879174,MH22 IT 3844,Maruti Ertiga,4.1,10
DRV2645,Shaurya Bath,6324120469,MH42 IH 3231,Hyundai Creta,3.8,17
DRV2646,Dalaja Sarin,+911701489430,MH49 AV 1050,Swift Dzire,4.4,3
DRV2647,Viraj Balay,01415493629,MH7 NQ 9653,WagonR,3.5,7
DRV2648,Pushti Thaker,1900850878,MH31 BQ 4228,Kia Seltos,3.6,9
DRV2649,Aarush Chhabra,+911271438037,MH11 JX 6254,Swift Dzire,4.9,16
DRV2650,Ekapad Korpal,05847111843,MH32 ZB 5321,Honda City,3.5,5
DRV2651,Reyansh Konda,+916885067095,MH20 JY 5032,WagonR,4.0,10
DRV2652,Lakshmi Goswami,04327216230,MH4 EW 9518,Hyundai Creta,3.7,14
DRV2653,Balvan Srinivas,+911916127442,MH46 SE 0699,WagonR,3.6,11
DRV2654,Baghyawati Chaudry,7595888197,MH15 CM 5075,Hyundai i20,4.5,6
DRV2655,Vedika Murty,06543762784,MH16 BQ 7732,Tata Nexon,4.8,4
DRV2656,Yatan Ghosh,+917915116030,MH13 VC 7229,Maruti Ertiga,4.4,4
DRV2657,Triya Parmar,2959627537,MH50 YV 9615,Toyota Innova,3.7,13
DRV2658,Ladli Bala,06240196630,MH23 BU 8530,Maruti Ertiga,4.1,3
DRV2659,Max Rajagopal,+912579819205,MH21 OX 1159,Honda City,4.6,3
DRV2660,Lohit Issac,9890305388,MH30 PD 3421,Honda City,3.8,10
DRV2661,Lajita More,08109942837,MH4 YS 0661,Toyota Innova,3.7,19
DRV2662,Bahadurjit Vyas,+910260946166,MH21 EB 8808,Maruti Ertiga,4.7,4
DRV2663,Ekapad Chand,+910294449648,MH11 YU 7561,Hyundai Creta,4.6,19
DRV2664,Anvi Ramesh,6294460914,MH1 MU 4517,Hyundai i20,3.8,6
DRV2665,Panini Upadhyay,2553023665,MH38 SX 5185,Hyundai i20,4.7,8
DRV2666,Varsha Bora,0285679255,MH10 ZF 4773,Hyundai i20,3.7,15
DRV2667,Anya Srivastava,05930438483,MH35 HA 5475,Toyota Innova,4.6,4
DRV2668,Darpan Kale,00791076192,MH8 RA 8254,Honda City,3.9,15
DRV2669,Ethan Chakrabarti,07355121089,MH32 XW 6565,WagonR,4.6,7
DRV2670,Imaran Butala,+915665679919,MH17 EE 5170,Hyundai Creta,3.7,2
DRV2671,Qarin Vala,01842901280,MH4 VQ 7095,Honda City,4.9,20
DRV2672,Ikbal Magar,8537218171,MH6 DD 7615,Maruti Ertiga,5.0,3
DRV2673,Oviya Baria,7766402455,MH29 HY 8179,Honda City,3.8,15
DRV2674,Andrew Pai,4459460830,MH45 RR 6796,Maruti Ertiga,3.8,1
DRV2675,Isaiah Chad,03757016317,MH31 XU 0836,Tata Nexon,4.7,11
DRV2676,Adweta Anand,+912928245020,MH46 XP 2654,Toyota Innova,4.8,1
DRV2677,Ria Deo,+910307335499,MH28 HI 9623,Hyundai Creta,3.6,5
DRV2678,Nidhi Nazareth,04374474868,MH15 UI 5607,Honda City,4.6,14
DRV2679,Jeet Jayaraman,6079826967,MH23 YA 2875,Maruti Ertiga,4.9,6
DRV2680,Pahal Kar,2709921074,MH48 SI 8452,Toyota Innova,4.3,20
DRV2681,Krishna Brahmbhatt,+917720079247,MH14 PA 7434,Tata Nexon,3.5,12
DRV2682,Priya Wason,05250035121,MH36 KH 1495,Toyota Innova,4.7,9
DRV2683,Gaurav Gara,+914502610521,MH32 GI 9725,Honda City,4.1,14
DRV2684,Gauri Sandhu,8620869158,MH46 JS 2639,Toyota Innova,3.6,14
DRV2685,Neha Bhatti,+912575374925,MH14 QP 9262,Hyundai Creta,3.9,2
DRV2686,Benjamin Kata,09579078021,MH15 XV 6966,Hyundai Creta,4.8,3
DRV2687,Bhanumati Palan,+918707992068,MH43 KE 3715,Swift Dzire,4.7,7
DRV2688,Harish Kapadia,3479863874,MH6 VE 0116,Kia Seltos,4.9,16
DRV2689,Rayaan Vig,02430555593,MH46 WL 6308,Maruti Ertiga,4.7,9
DRV2690,Ishwar Gour,01692881299,MH40 EE 6185,Honda City,4.8,17
DRV2691,Kala Andra,6979184887,MH40 GO 9827,Hyundai Creta,3.7,9
DRV2692,Madhav Loyal,9153161522,MH33 LL 0083,Mahindra XUV700,3.7,9
DRV2693,Elijah Nigam,8406004237,MH35 GS 7195,Kia Seltos,5.0,1
DRV2694,Mohammed Sem,4469411142,MH42 RC 9764,Honda City,4.4,1
DRV2695,Aradhana Basak,+917244015547,MH48 MA 0696,Honda City,4.1,10
DRV2696,Advaith Sarkar,0079259936,MH18 AI 0041,Kia Seltos,3.7,1
DRV2697,Ojasvi Rana,7568658581,MH32 GI 6239,Kia Seltos,3.8,1
DRV2698,Gauri Mandal,+910646783221,MH27 WJ 0112,Maruti Ertiga,3.8,12
DRV2699,Janani Mukherjee,05063278188,MH34 MZ 1070,Honda City,5.0,16
DRV2700,Hemal Khurana,5152768443,MH11 FC 5140,Honda City,4.2,8
DRV2701,Onveer Gala,06583806411,MH4 EW 9518,Tata Nexon,3.6,8
DRV2702,Warhi Patla,4098581439,MH28 TU 0177,Maruti Ertiga,3.8,1
DRV2703,Chaitaly Cheema,2893127446,MH31 QV 8322,Kia Seltos,3.9,15
DRV2704,Chakradhar Mukhopadhyay,04867625071,MH3 NB 0587,WagonR,4.8,8
DRV2705,Gabriel Muni,01953474233,MH8 AW 1419,Swift Dzire,4.3,3
DRV2706,Hardik Gokhale,+914578775451,MH23 OF 1512,Mahindra XUV700,4.2,1
DRV2707,Rehaan Kumar,1332852156,MH36 GV 9896,Tata Nexon,4.0,8
DRV2708,Tanay Sule,3888790881,MH2 TC 2129,Honda City,4.2,20
DRV2709,Jhalak Dash,06213493770,MH16 BQ 9565,Hyundai i20,4.2,1
DRV2710,Saanvi Mander,+918151789900,MH40 IR 8060,Toyota Innova,3.6,12
DRV2711,Hemal Merchant,08458986917,MH5 GZ 0015,WagonR,4.3,10
DRV2712,Lucky Sant,00778507187,MH6 GH 1511,Tata Nexon,3.6,20
DRV2713,Owen Hayre,03603673463,MH5 BT 5277,Hyundai i20,4.0,14
DRV2714,Wishi Narasimhan,+910501125673,MH41 CK 3643,Toyota Innova,4.1,15
DRV2715,Onkar Nanda,2595106362,MH20 TY 1187,Hyundai i20,4.5,8
DRV2716,Nikita Thaman,5843304282,MH16 VU 1672,Hyundai i20,3.8,6
DRV2717,Darpan Rau,04235505329,MH39 CZ 5742,Mahindra XUV700,4.5,16
DRV2718,Indrajit Dhingra,00843979184,MH37 ID 8360,WagonR,3.8,15
DRV2719,Aashi Lad,2837062476,MH24 WT 3214,Hyundai Creta,3.6,12
DRV2720,Prisha Nayak,2336475156,MH26 GS 7831,Hyundai i20,4.6,20
DRV2721,Om Agate,+919592380000,MH21 YM 8412,Swift Dzire,4.3,12
DRV2722,Darpan Minhas,3681073444,MH23 RU 3817,Hyundai i20,4.7,6
DRV2723,Anusha Dutt,6837235238,MH48 BP 1723,Swift Dzire,4.1,10
DRV2724,Chasmum Balan,02142058446,MH48 NY 6157,Toyota Innova,4.2,18
DRV2725,Lakshit Mandal,07521528659,MH13 TM 1519,WagonR,3.9,3
DRV2726,Suhani Gala,+917426417554,MH34 QV 0500,WagonR,4.0,5
DRV2727,Jalsa Ghose,00037866232,MH8 KH 0298,Maruti Ertiga,4.9,5
DRV2728,Ati Kala,+918734866814,MH9 AR 4188,Toyota Innova,4.9,19
DRV2729,Ekanta Chaudry,07406835595,MH32 RV 3820,WagonR,4.9,10
DRV2730,Aadhya Panchal,00657499338,MH3 QC 4922,Tata Nexon,4.5,12
DRV2731,Udarsh Sane,09705447717,MH10 MA 4118,Swift Dzire,4.6,10
DRV2732,Divya Pandit,08007985296,MH22 VD 6369,Kia Seltos,4.5,19
DRV2733,Yashica Virk,+915132312374,MH23 AN 2674,Tata Nexon,4.7,14
DRV2734,Garima Kumer,+915758017965,MH32 YR 3361,Tata Nexon,4.7,18
DRV2735,Eshana Choudhary,+916847646064,MH2 TX 2468,Honda City,3.9,10
DRV2736,Varsha Dass,5132708709,MH17 GU 5478,Toyota Innova,4.6,19
DRV2737,Sanaya Dara,3166275909,MH43 OP 3854,Mahindra XUV700,4.8,13
DRV2738,Hamsini Rana,5262220333,MH48 RU 3885,Hyundai Creta,3.9,20
DRV2739,Bina Bhat,2566928727,MH31 ZD 1101,Swift Dzire,4.7,7
DRV2740,Charita Mody,6594454027,MH49 FQ 8696,Honda City,3.5,13
DRV2741,Manthan Pathak,+913406052168,MH46 VF 1318,Toyota Innova,4.8,13
DRV2742,Nirja Saran,+917399934243,MH10 CF 2468,Hyundai i20,3.7,6
DRV2743,Mitali Nadkarni,0598426438,MH36 NY 0215,Honda City,4.6,20
DRV2744,Sai Wadhwa,+915091862657,MH30 MI 1684,Toyota Innova,4.8,19
DRV2745,Rachana Chanda,03088173506,MH18 IC 7696,Swift Dzire,4.0,6
DRV2746,Chakrika Koshy,05083672847,MH25 VF 3858,Honda City,4.2,17
DRV2747,Sai Gupta,5915115615,MH4 WI 1217,Kia Seltos,3.8,14
DRV2748,Aryan Patel,+918130436718,MH49 OI 3043,Mahindra XUV700,4.6,11
DRV2749,Aahana Sandhu,+911960752753,MH31 SO 0478,Tata Nexon,4.7,15
DRV2750,Abeer Kulkarni,03718634469,MH2 XP 6295,Kia Seltos,4.7,5
DRV2751,Tanveer Sachar,9990546227,MH46 ZM 8131,Toyota Innova,3.8,12
DRV2752,Widisha Guha,03140387319,MH33 JO 5291,Hyundai i20,4.9,4
DRV2753,Ayush Prabhu,03763014938,MH13 WI 4103,Maruti Ertiga,3.8,8
DRV2754,Finn Bawa,1636136124,MH1 GM 1408,Swift Dzire,4.6,14
DRV2755,Wahab Sura,05310217872,MH17 YV 3358,Mahindra XUV700,4.1,20
DRV2756,Charvi Chadha,+911744175626,MH45 QN 7241,Hyundai i20,4.8,12
DRV2757,Diya Raghavan,+914368316576,MH13 MO 5713,Honda City,4.4,19
DRV2758,Vincent Nigam,+919054806405,MH44 OK 0257,Hyundai Creta,4.0,12
DRV2759,Isaiah Batra,0232435034,MH22 OR 6203,WagonR,4.7,10
DRV2760,Anmol Handa,+918519867317,MH38 WQ 1532,Hyundai Creta,4.5,13
DRV2761,Anika Bawa,+916399731232,MH20 SH 1113,Hyundai i20,4.5,20
DRV2762,Sanya Zacharia,+913102260734,MH16 LX 5416,Mahindra XUV700,3.6,16
DRV2763,Daksha Viswanathan,05697453097,MH31 HB 2587,Toyota Innova,4.1,18
DRV2764,Abdul Iyer,7027134424,MH9 EX 5323,Kia Seltos,3.7,10
DRV2765,Anthony Purohit,+910505887433,MH49 OQ 4689,Honda City,3.7,4
DRV2766,Ayush Ahluwalia,02951904064,MH37 QA 4986,Swift Dzire,3.6,7
DRV2767,Aishani Wadhwa,2196753287,MH50 OA 6998,Honda City,4.1,16
DRV2768,Sai Khanna,03793526142,MH28 OO 7087,Hyundai Creta,3.8,7
DRV2769,Samesh Kade,+918505049251,MH7 PJ 0616,Swift Dzire,4.9,3
DRV2770,Tara Bora,06811046348,MH48 VX 5683,WagonR,4.7,5
DRV2771,Elijah Gole,04986102940,MH32 GP 6572,Mahindra XUV700,4.3,15
DRV2772,Abdul Prabhu,8857715154,MH26 UC 6285,Maruti Ertiga,3.7,13
DRV2773,Jeevika Oza,+913498406068,MH40 CD 1131,Swift Dzire,4.5,6
DRV2774,Riya Natt,04521686353,MH44 LA 6709,Hyundai Creta,4.9,7
DRV2775,Aayush Shan,01643560006,MH50 KL 8898,Hyundai Creta,4.3,7
DRV2776,Sathvik Chacko,7514837121,MH26 FX 9936,Kia Seltos,4.7,18
DRV2777,Shivani Mitra,+911621377456,MH6 ZH 6772,Kia Seltos,3.6,16
DRV2778,Nakul Khare,+917056576298,MH27 LX 7247,Honda City,3.9,12
DRV2779,Rajata Bath,+912141254540,MH34 IF 6616,Honda City,4.6,9
DRV2780,Jeet Gokhale,+911178989248,MH5 PB 4632,WagonR,4.4,15
DRV2781,Charita Kara,+913291846896,MH38 NK 9580,Maruti Ertiga,4.8,18
DRV2782,Manthan Som,8183167652,MH28 SY 7239,Honda City,4.9,3
DRV2783,Unnati Ghosh,5351157710,MH13 CQ 9374,Hyundai i20,4.2,18
DRV2784,Omkaar Dani,+917884404478,MH44 GI 2091,Honda City,3.7,1
DRV2785,Abhiram Garde,+916570385116,MH40 QQ 9155,Kia Seltos,3.9,11
DRV2786,Nandini Agrawal,+911026098228,MH1 DO 2747,Kia Seltos,4.0,15
DRV2787,Ishita Dyal,+913757718762,MH45 WL 3550,Hyundai Creta,4.7,18
DRV2788,Damyanti Dar,+916065076172,MH26 MO 7086,Maruti Ertiga,4.6,19
DRV2789,Gopal Bala,5707845863,MH48 QA 7636,Toyota Innova,4.0,17
DRV2790,Sathvik Choudhury,7647977468,MH15 FM 2082,Mahindra XUV700,4.6,2
DRV2791,Hamsini Dasgupta,9637159876,MH29 OI 2425,Hyundai Creta,3.7,13
DRV2792,Onkar Hayer,9555984455,MH9 KM 0064,Tata Nexon,4.3,20
DRV2793,Harini Murty,08637091088,MH6 FK 5281,Hyundai Creta,4.3,9
DRV2794,Kiaan Bumb,06906526915,MH36 AE 1364,Honda City,3.6,11
DRV2795,Yutika Loke,00300895779,MH10 TJ 5651,Honda City,4.8,9
DRV2796,Barkha Sharaf,+913780709534,MH23 DP 9624,Mahindra XUV700,5.0,16
DRV2797,Sanaya Kumer,1132050560,MH15 KH 0842,Maruti Ertiga,4.5,4
DRV2798,Tripti Nath,09350310617,MH33 CR 8988,Hyundai Creta,4.1,1
DRV2799,Hritik Sawhney,08530060763,MH43 PI 7206,Honda City,3.5,11
DRV2800,Ronith Verma,08632872690,MH36 VE 2134,WagonR,3.7,15
DRV2801,Pooja Bobal,05085726697,MH9 YH 7892,Hyundai Creta,4.8,5
DRV2802,Samaksh Reddy,+911045786721,MH16 WE 5357,Swift Dzire,4.3,7
DRV2803,Anthony Jain,+916238030658,MH3 KW 6754,Toyota Innova,3.7,2
DRV2804,Netra Tara,+914617104294,MH22 ZG 8424,Swift Dzire,4.6,18
DRV2805,Rajata Raval,4648484290,MH45 BM 5129,Toyota Innova,4.0,16
DRV2806,Turvi Sura,2408611898,MH26 VG 7494,Kia Seltos,4.6,8
DRV2807,Anya Lad,+910428506244,MH37 DL 6408,Honda City,3.6,18
DRV2808,Timothy Banik,00092958219,MH1 SR 4320,Hyundai Creta,4.5,10
DRV2809,Anusha Walla,+918150266815,MH15 SJ 1797,Swift Dzire,3.8,19
DRV2810,Aahana Venkataraman,08544005009,MH50 IH 6887,Toyota Innova,3.9,6
DRV2811,Chandani Dugar,09071922774,MH20 PS 5723,Mahindra XUV700,4.8,10
DRV2812,Matthew Ravi,7063853125,MH16 HA 4175,Hyundai i20,3.8,6
DRV2813,Saksham Halder,08939220320,MH7 TE 4814,Mahindra XUV700,3.8,19
DRV2814,Leena Samra,06963693651,MH44 PV 3613,Tata Nexon,4.7,18
DRV2815,Hritik Bhasin,00540153816,MH38 ZK 6417,Toyota Innova,3.6,11
DRV2816,Ishaan Rai,4625777667,MH45 LH 5024,Maruti Ertiga,4.0,2
DRV2817,Wakeeta Parmar,0192311922,MH31 DD 0180,Hyundai Creta,4.0,1
DRV2818,Dominic Vasa,+916056734986,MH26 AM 6806,Maruti Ertiga,4.1,12
DRV2819,Tristan Chhabra,02260301416,MH23 LS 7487,Mahindra XUV700,4.9,17
DRV2820,Xavier Rau,2661121796,MH19 AE 6161,Mahindra XUV700,3.9,20
DRV2821,Chakradhar Bahri,7011047190,MH17 RQ 4679,WagonR,4.9,16
DRV2822,Aryan Ganesh,+915714682308,MH26 NB 2575,Honda City,4.1,8
DRV2823,Parth Nagi,+910156103961,MH50 DL 9682,Hyundai i20,4.1,12
DRV2824,Radha Loke,02697486373,MH35 RR 6305,Hyundai Creta,3.5,17
DRV2825,Baghyawati Kapoor,9543636774,MH6 YS 3160,Hyundai i20,4.2,10
DRV2826,Kai Rege,07297224677,MH21 YM 8412,Honda City,3.9,16
DRV2827,George Venkataraman,+917899015235,MH17 FR 3997,Hyundai i20,4.5,11
DRV2828,Yatin Dubey,7430564073,MH21 XT 6628,Hyundai i20,5.0,4
DRV2829,Kai Varma,+914134598453,MH33 NR 6896,Tata Nexon,4.7,14
DRV2830,Oeshi Dey,+912118331321,MH50 ZS 5836,Kia Seltos,4.8,12
DRV2831,Zashil Swamy,+912372032599,MH14 GJ 9860,Kia Seltos,4.8,7
DRV2832,Eshana Gupta,9695261864,MH9 DU 0904,Swift Dzire,4.5,4
DRV2833,Jack Mannan,1326378523,MH9 SP 1910,Hyundai i20,3.9,2
DRV2834,Madhavi Gill,3614913352,MH33 ZT 9252,Toyota Innova,4.9,6
DRV2835,Aradhana Pillay,03449461389,MH33 TW 0196,Maruti Ertiga,5.0,4
DRV2836,Champak Chokshi,1953137875,MH32 ZG 9098,Hyundai Creta,4.6,3
DRV2837,Nimrat Oommen,+913584595197,MH11 IE 8195,Swift Dzire,3.6,13
DRV2838,Ekapad Bose,+919700973364,MH28 SE 2608,Mahindra XUV700,4.7,15
DRV2839,Yuvraj Shere,8089001265,MH33 IE 0210,Swift Dzire,3.9,3
DRV2840,Gaurav Bhargava,01795173695,MH30 VS 4741,Toyota Innova,4.8,14
DRV2841,Girish Srinivasan,+917137801982,MH42 UQ 4475,Kia Seltos,4.7,11
DRV2842,Arunima Kannan,+919397135170,MH43 VX 9647,Swift Dzire,4.1,15
DRV2843,Manan Khatri,02810227071,MH48 DH 7062,Honda City,4.2,7
DRV2844,Champak Sha,04612541220,MH19 MD 5637,Swift Dzire,4.9,2
DRV2845,Sanya Dar,+918202223012,MH36 HY 3364,Hyundai i20,4.7,13
DRV2846,Jagdish Jayaraman,05663415918,MH3 UH 6112,Hyundai Creta,4.5,1
DRV2847,Anita Oak,+918386036367,MH26 MP 2763,Toyota Innova,5.0,14
DRV2848,Aadhya Keer,1833738621,MH6 GB 0561,WagonR,4.0,16
DRV2849,Wriddhish Madan,4437841440,MH16 MS 7457,Maruti Ertiga,4.7,16
DRV2850,Girindra Minhas,3337259506,MH50 RP 5264,Mahindra XUV700,4.7,19
DRV2851,Hemal Bhattacharyya,+913734627425,MH48 TP 5010,Tata Nexon,3.7,15
DRV2852,Abhimanyu Pingle,+914939207451,MH2 PO 7815,Kia Seltos,4.8,20
DRV2853,Kevin Prabhakar,+919929531575,MH23 DZ 0874,Swift Dzire,4.6,8
DRV2854,Yash Wable,5496061034,MH38 XK 6997,Mahindra XUV700,3.8,11
DRV2855,Michael Swamy,05284468899,MH23 YU 5339,Swift Dzire,4.4,19
DRV2856,Zashil Ray,+917553093308,MH34 OG 3987,Mahindra XUV700,4.6,4
DRV2857,Raghav Natt,08868295316,MH21 TX 1156,Mahindra XUV700,3.7,15
DRV2858,Aarav Mukhopadhyay,09979875823,MH3 AS 8419,Hyundai i20,4.7,19
DRV2859,Forum Vora,00147147292,MH20 UJ 1494,Mahindra XUV700,3.6,16
DRV2860,Krishna Gandhi,5489358883,MH17 MZ 6177,Hyundai Creta,4.3,12
DRV2861,Irya Mukherjee,+910115840395,MH28 WT 0334,Mahindra XUV700,3.8,3
DRV2862,Kai Sur,05230799413,MH17 FR 3997,Tata Nexon,4.7,17
DRV2863,Chandani Sawhney,9458259707,MH26 KA 1752,Tata Nexon,4.7,3
DRV2864,Abdul Loke,5910543540,MH44 ZJ 6163,WagonR,4.6,14
DRV2865,Nikita Khosla,01129753218,MH29 TB 9679,Tata Nexon,4.1,9
DRV2866,Advika Karan,7476447285,MH26 DJ 4422,Kia Seltos,4.3,20
DRV2867,Chameli Bali,05185583326,MH33 PV 6074,Honda City,4.7,16
DRV2868,Yashica Dave,+917373067219,MH45 MY 3593,Kia Seltos,3.6,4
DRV2869,Aayush Ganguly,+911742842640,MH23 DF 3581,Hyundai Creta,4.1,20
DRV2870,Warjas Deo,05820375737,MH12 RH 4607,Hyundai Creta,4.4,9
DRV2871,Anay Deo,0802064618,MH36 IR 3186,Kia Seltos,4.3,1
DRV2872,Lavanya Chaudry,00817152686,MH21 BU 7523,Kia Seltos,3.8,18
DRV2873,Upadhriti Soman,+911920544843,MH43 ME 9557,Kia Seltos,4.6,9
DRV2874,Aashi Sawhney,1457307481,MH13 PJ 0880,Mahindra XUV700,4.2,18
DRV2875,Ria Dass,07488336640,MH20 KJ 6761,WagonR,5.0,16
DRV2876,Manya Subramaniam,+910852479135,MH25 ZN 1605,Toyota Innova,4.8,1
DRV2877,Aachal Pai,7529159285,MH8 AU 8200,Maruti Ertiga,5.0,16
DRV2878,Vasudha Nair,6822279718,MH31 VG 1278,Toyota Innova,5.0,11
DRV2879,Eta Mand,4595159679,MH24 IO 4720,Maruti Ertiga,4.5,18
DRV2880,Rachit Doshi,3864582175,MH23 LT 0307,Hyundai i20,4.3,17
DRV2881,Ronith Sarma,7780352920,MH9 XR 0462,Tata Nexon,4.5,2
DRV2882,Nakul Badal,+915943927846,MH4 FN 2692,Tata Nexon,4.6,15
DRV2883,Unni Gaba,7959556270,MH6 PG 2464,Swift Dzire,4.8,17
DRV2884,Barkha Kalla,7521387769,MH30 ZY 9089,Kia Seltos,4.1,12
DRV2885,Omya Zacharia,+917245416245,MH4 KS 7622,Hyundai i20,4.8,20
DRV2886,Krishna Rajagopal,+912674507241,MH3 EA 0148,Hyundai i20,4.6,10
DRV2887,Lavanya Karpe,+916371664803,MH15 EV 8918,Honda City,4.4,5
DRV2888,Kabir Shere,+919896035983,MH11 ZT 2096,Maruti Ertiga,4.3,14
DRV2889,Kevin Kohli,+919627491202,MH46 QW 9137,Hyundai i20,4.1,9
DRV2890,Rudra Varma,+915251796112,MH36 VE 2134,WagonR,4.6,3
DRV2891,Andrew Bumb,07923894753,MH10 AP 8502,WagonR,3.9,7
DRV2892,Jyoti Dhar,+913467840377,MH18 UT 6773,Swift Dzire,3.7,14
DRV2893,Brijesh Savant,02637212434,MH39 TP 1477,Tata Nexon,4.1,4
DRV2894,Ira Nagy,+912339486048,MH7 PL 1402,Mahindra XUV700,3.6,2
DRV2895,Radhika Chacko,06656441648,MH16 XK 3790,Toyota Innova,3.5,4
DRV2896,Indrajit Pillai,01080989345,MH44 PR 1408,WagonR,4.3,18
DRV2897,Aahana Kothari,00307561738,MH7 LE 0817,Maruti Ertiga,4.2,13
DRV2898,Aarush Arora,+914794666118,MH4 CF 3166,Kia Seltos,4.8,18
DRV2899,Tara Karan,1893566763,MH5 GB 7875,WagonR,4.6,7
DRV2900,Vasudha Thaker,+916510134926,MH31 ZM 7687,Kia Seltos,4.8,18
DRV2901,Ladli Pillai,+914857482533,MH16 FY 7738,Hyundai Creta,3.6,3
DRV2902,Niharika Yogi,2996613367,MH46 XH 1697,WagonR,4.8,13
DRV2903,Yatan Bumb,04435963207,MH33 CA 4137,Swift Dzire,3.8,11
DRV2904,Jason Gour,03905287186,MH28 DC 3745,Toyota Innova,3.5,1
DRV2905,Mohini Parekh,09822915033,MH46 DJ 1382,WagonR,4.2,10
DRV2906,Fariq Bumb,05042446535,MH26 RT 4803,Honda City,3.7,19
DRV2907,Warhi Ramanathan,3034562223,MH9 OH 8448,Kia Seltos,4.7,8
DRV2908,Yug Saraf,5818101580,MH24 JO 9915,Swift Dzire,4.8,13
DRV2909,Chakrika Bandi,+917394217392,MH15 DE 8537,Honda City,4.9,11
DRV2910,Ishanvi Mahal,9618735227,MH38 BK 9616,Toyota Innova,4.6,18
DRV2911,Rajeshri Kala,+915392341010,MH25 WG 8459,Swift Dzire,4.2,6
DRV2912,Aradhana Bala,0190990340,MH19 TE 4631,Maruti Ertiga,4.5,13
DRV2913,Meera Gokhale,1004992469,MH16 LI 8016,WagonR,4.1,11
DRV2914,Mugdha Ramaswamy,+911753736460,MH8 XN 0252,Tata Nexon,4.2,1
DRV2915,Nandini Mannan,7029328971,MH6 OP 7909,Hyundai Creta,4.8,6
DRV2916,Jai Bal,03652289993,MH3 CQ 7846,Kia Seltos,4.3,2
DRV2917,Kala Sethi,08999526123,MH30 WD 9199,Tata Nexon,3.7,3
DRV2918,Yasti Kota,5630411735,MH6 ZE 3892,Maruti Ertiga,4.0,20
DRV2919,Rachit Savant,+916316308934,MH14 YD 9551,Swift Dzire,4.3,1
DRV2920,Naksh Tandon,9569151127,MH37 JR 1184,Toyota Innova,3.8,19
DRV2921,Bahadurjit Sood,+913732142026,MH25 ZC 1141,Hyundai i20,4.3,17
DRV2922,Frado Bora,+918534966202,MH2 GM 6472,Hyundai Creta,4.3,2
DRV2923,Rohan Chowdhury,+915130076743,MH49 HR 1465,Swift Dzire,3.9,8
DRV2924,Oscar Sood,+915302329545,MH13 FG 7400,Toyota Innova,4.7,2
DRV2925,Girindra Sathe,2472120029,MH16 MA 5416,Mahindra XUV700,4.3,18
DRV2926,Liam Bhat,6493929500,MH15 DW 0034,Hyundai Creta,4.7,17
DRV2927,Urvi Mohanty,+919028471366,MH24 IE 7152,Kia Seltos,4.5,17
DRV2928,Triveni Ramakrishnan,08196351617,MH21 BS 0969,Mahindra XUV700,4.3,11
DRV2929,Suhani Ram,+918696446969,MH27 ME 4916,Hyundai i20,4.7,17
DRV2930,Rajata Prabhu,+918916262269,MH1 PM 7713,Honda City,4.6,17
DRV2931,Zilmil Walla,7705467943,MH16 TW 5969,Maruti Ertiga,3.6,19
DRV2932,Aditya Shere,7986673476,MH26 KP 2405,Honda City,4.0,13
DRV2933,Kavya Sachdeva,9787793970,MH13 ZU 3526,Mahindra XUV700,3.7,2
DRV2934,Sai Baral,09714904128,MH6 VN 6406,Tata Nexon,5.0,18
DRV2935,Kamya Sule,+919744931554,MH36 IR 5041,Honda City,4.9,17
DRV2936,Harinakshi Narang,08064539850,MH46 SC 1587,Tata Nexon,3.9,7
DRV2937,Samesh Krishna,9759328608,MH25 KZ 8213,WagonR,4.9,7
DRV2938,Azaan Krishnamurthy,08285384939,MH19 CP 3199,Honda City,5.0,19
DRV2939,Harshil Banerjee,9092921613,MH3 IG 5688,Hyundai Creta,3.8,15
DRV2940,Hritik Guha,+916064981204,MH32 YL 9691,Kia Seltos,4.4,18
DRV2941,Orinder Dhar,8579828593,MH8 JU 8104,Hyundai i20,4.9,15
DRV2942,Chandani Hayer,7525628868,MH42 DC 7903,Honda City,4.9,9
DRV2943,Lekha Soman,+916333426333,MH32 PN 0988,Kia Seltos,3.8,15
DRV2944,Guneet Raja,00269462512,MH36 PU 6654,Toyota Innova,3.9,3
DRV2945,Gopal Batra,8022621087,MH43 OC 0776,Mahindra XUV700,4.8,13
DRV2946,Anusha Narayan,+918752187501,MH44 BJ 2923,WagonR,4.8,17
DRV2947,Finn Sabharwal,5612972230,MH25 NE 4138,Kia Seltos,4.3,14
DRV2948,Veer Kadakia,1831919216,MH30 RU 7775,Maruti Ertiga,4.1,4
DRV2949,Abhimanyu Kakar,+919278328375,MH18 DN 7892,Honda City,4.8,1
DRV2950,Quincy Joshi,+918885374033,MH17 RX 0574,Swift Dzire,4.4,18
DRV2951,Sathvik Kapoor,1669504571,MH2 KH 4448,Hyundai i20,4.6,6
DRV2952,Harish Garde,+914759451755,MH9 TR 4370,Swift Dzire,3.9,5
DRV2953,Anya Sarma,9597908624,MH3 MN 1166,Honda City,3.8,6
DRV2954,Mason Date,02225097327,MH28 ZA 0208,Toyota Innova,5.0,7
DRV2955,Damini Chand,+913851704010,MH42 JW 5906,Hyundai Creta,3.7,8
DRV2956,Patrick Buch,07568667551,MH2 DU 8067,Mahindra XUV700,4.1,2
DRV2957,Viraj Basak,07805559453,MH38 CA 5075,Kia Seltos,4.1,10
DRV2958,Chaitaly Varughese,0511045890,MH45 EG 1409,Mahindra XUV700,4.7,17
DRV2959,Shivansh Balasubramanian,1270366364,MH49 PI 2647,Hyundai i20,3.6,11
DRV2960,Garima Barad,2658330565,MH11 YU 7561,Honda City,3.8,8
DRV2961,Waida Thakkar,5958314313,MH4 CC 5765,Kia Seltos,3.6,19
DRV2962,Kamya Majumdar,7013573026,MH37 BJ 0183,Kia Seltos,4.8,20
DRV2963,Nikita Rai,3626901080,MH23 JC 8099,Tata Nexon,4.9,9
DRV2964,Hema Mane,+917064044031,MH16 PR 0551,Maruti Ertiga,3.9,15
DRV2965,Janya Bora,04940182694,MH18 LB 1068,Honda City,4.6,7
DRV2966,Vivaan Nadkarni,7983667165,MH22 SU 8589,Hyundai Creta,3.8,16
DRV2967,Nimrat Parmer,03270189596,MH47 QF 4338,Mahindra XUV700,4.5,4
DRV2968,Bhavya Samra,03882725447,MH46 DR 0901,WagonR,5.0,6
DRV2969,Mahika Chandra,9281128242,MH16 CQ 5172,Honda City,3.8,7
DRV2970,Harsh Rajan,+914421620552,MH35 GO 4211,Honda City,4.4,17
DRV2971,Vasatika Keer,05904451138,MH37 HH 7006,Hyundai i20,3.6,3
DRV2972,Dayita Dass,+912474044385,MH36 NJ 9446,Honda City,4.1,1
DRV2973,Omaja Chopra,+912066715375,MH15 PY 8056,Hyundai i20,3.6,18
DRV2974,Tristan Patil,0020640592,MH35 KC 0994,Mahindra XUV700,3.6,3
DRV2975,Kai Shukla,0406605576,MH25 PV 1518,Maruti Ertiga,3.9,13
DRV2976,Rajata Borde,1295440997,MH32 RO 1942,WagonR,4.7,18
DRV2977,Vrishti Sethi,04535803409,MH43 IQ 6318,Maruti Ertiga,4.0,17
DRV2978,Eiravati Bhasin,01403562341,MH7 QM 3747,Maruti Ertiga,4.8,17
DRV2979,Hitesh Sawhney,1770936084,MH43 VP 9179,Toyota Innova,4.9,17
DRV2980,Farhan Sarma,9079316071,MH38 LB 7863,Hyundai Creta,4.0,13
DRV2981,Lavanya Chakraborty,+916300645413,MH50 EO 4847,Swift Dzire,4.4,11
DRV2982,Parth Kaur,+911129000755,MH37 ZV 9499,Honda City,4.2,6
DRV2983,Aayush Tak,7887571006,MH38 EZ 6663,Honda City,4.2,6
DRV2984,Maanas Murty,+919755131060,MH44 IM 4484,WagonR,3.8,10
DRV2985,Vyanjana Garde,00872634422,MH9 HG 0148,Mahindra XUV700,3.5,8
DRV2986,Baljiwan Mani,09832935293,MH36 YV 5606,Honda City,4.6,12
DRV2987,Charita Oak,1024609830,MH14 OJ 7982,Mahindra XUV700,4.0,11
DRV2988,Wyatt Gole,09846574958,MH21 ZY 3887,Mahindra XUV700,4.7,11
DRV2989,Teerth Nagi,04290754758,MH15 GG 8917,Swift Dzire,4.6,6
DRV2990,Sanya Pall,09172868157,MH34 UZ 4227,WagonR,3.5,8
DRV2991,Krishna Choudhry,02802154054,MH27 GZ 9142,Swift Dzire,4.1,10
DRV2992,Yashoda Lad,+912215059349,MH16 DQ 9783,Toyota Innova,3.9,5
DRV2993,Radhika Zacharia,2003612196,MH12 ZY 0698,Hyundai i20,5.0,17
DRV2994,Hardik Sunder,5403891170,MH25 XP 1355,Swift Dzire,4.2,7
DRV2995,Tamanna Roy,00175935199,MH26 KA 1752,WagonR,4.3,14
DRV2996,Deepa Wali,+914066792727,MH48 SH 1132,Hyundai Creta,4.4,16
DRV2997,Mitali Sheth,3917849470,MH1 YQ 2797,Swift Dzire,4.9,18
DRV2998,Ranbir Dugal,7221270549,MH38 WX 8024,Maruti Ertiga,3.8,19
DRV2999,Orinder Varghese,+911785839366,MH48 PX 5797,Hyundai i20,3.9,19
DRV3000,Yachana Sarraf,08678570936,MH13 UW 8838,Mahindra XUV700,4.1,11
DRV3001,Nathaniel Shankar,2424863780,MH36 KT 5207,Hyundai Creta,4.8,12
DRV3002,Timothy Shere,07560641904,MH6 FR 2402,Honda City,4.0,1
DRV3003,Dayita Luthra,00035941550,MH28 TC 6552,Hyundai i20,3.8,4
DRV3004,Rajata Aggarwal,8849484940,MH21 IV 5176,Mahindra XUV700,4.6,20
DRV3005,Aarnav Bir,00603269765,MH32 ST 3112,Hyundai i20,4.4,20
DRV3006,Om Pandit,4926618176,MH9 ZN 7254,Mahindra XUV700,3.9,17
DRV3007,Ikbal Hans,0968801312,MH44 FK 6273,Mahindra XUV700,3.8,5
DRV3008,Chanchal Naidu,+918502747289,MH25 FD 8306,Hyundai i20,4.1,7
DRV3009,Ansh Borde,1546811277,MH49 TI 5735,WagonR,4.5,7
DRV3010,Vaishnavi Dasgupta,+917468536548,MH36 UE 4470,Maruti Ertiga,4.3,11
DRV3011,Chaaya Luthra,08413376925,MH22 BI 0269,Swift Dzire,4.1,5
DRV3012,Nitara Menon,+910049039841,MH1 OM 8284,WagonR,3.9,3
DRV3013,Yug Loke,00492333012,MH7 OO 7031,Swift Dzire,4.5,9
DRV3014,Zashil Dutt,7055955495,MH22 TD 9529,Tata Nexon,4.1,10
DRV3015,Charan Basak,+911325381992,MH46 ZE 7333,Maruti Ertiga,5.0,8
DRV3016,Dayita Sastry,6152662635,MH3 PT 8739,Maruti Ertiga,3.7,17
DRV3017,Kamya Ram,1858442793,MH32 DW 8509,Kia Seltos,4.7,1
DRV3018,Ria Sodhi,03780529547,MH2 GY 0633,Honda City,4.5,4
DRV3019,Charan Shroff,4120653153,MH23 SC 3316,Kia Seltos,3.8,20
DRV3020,Vasudha Sandhu,00971037758,MH8 IX 1055,Toyota Innova,3.8,14
DRV3021,Oliver Das,3120350287,MH26 KX 6360,Tata Nexon,4.9,5
DRV3022,Hemangini Mitter,05494982079,MH10 LN 0197,Hyundai i20,4.7,16
DRV3023,Yashvi Sani,02029895008,MH39 HD 2623,Maruti Ertiga,4.6,3
DRV3024,Hritik De,07240179585,MH46 KU 8829,Honda City,4.7,8
DRV3025,Deepa Ganesan,8848565468,MH49 SU 1497,WagonR,3.9,3
DRV3026,Turvi Kunda,5159170515,MH48 CG 1167,Hyundai Creta,4.0,15
DRV3027,Amrita Subramaniam,05606313089,MH29 TX 9830,Toyota Innova,4.3,14
DRV3028,Isaac Acharya,00416557231,MH43 WQ 3876,Toyota Innova,3.6,11
DRV3029,Akshay Majumdar,05956213854,MH9 GV 6304,Toyota Innova,4.8,19
DRV3030,Nilima Raj,+914813186950,MH42 QT 4025,Toyota Innova,4.6,6
DRV3031,Quincy Sandhu,04022841513,MH37 GN 6069,Tata Nexon,4.5,8
DRV3032,Girindra Manda,08995165246,MH50 ZB 8330,Tata Nexon,3.5,4
DRV3033,Warinder Setty,6414615421,MH32 PL 0179,Kia Seltos,4.5,14
DRV3034,Anya Cherian,01460550252,MH12 NK 0656,Mahindra XUV700,3.8,12
DRV3035,Yoshita Sachar,3264049277,MH40 UI 9296,WagonR,3.8,5
DRV3036,Bakhshi Vyas,6440066293,MH20 FQ 7859,Maruti Ertiga,3.6,4
DRV3037,Balendra Nagi,8039466310,MH30 VQ 4407,Maruti Ertiga,3.9,15
DRV3038,Fariq Bhat,6898112297,MH45 IB 7300,Hyundai Creta,4.0,5
DRV3039,Aadhya Gola,+913168805791,MH2 NU 3773,Hyundai Creta,4.4,18
DRV3040,Nathaniel Patla,08634144624,MH4 MT 1170,WagonR,4.7,12
DRV3041,Maanas Wable,+916943752776,MH39 JF 5873,Honda City,4.3,19
DRV3042,Madhavi Garde,9582548915,MH26 KP 2405,WagonR,4.1,2
DRV3043,Bimala Kalita,+910279490416,MH37 UW 5009,WagonR,4.1,11
DRV3044,Yamini Nagarajan,2001634737,MH31 QV 8322,Hyundai i20,3.5,14
DRV3045,Rehaan Hora,+915883405005,MH8 DP 1573,Tata Nexon,3.8,9
DRV3046,Mitali Lad,+915389019676,MH44 CP 4317,Kia Seltos,4.9,20
DRV3047,Anthony Jain,00603718218,MH24 XO 8608,Hyundai i20,4.0,16
DRV3048,Elijah Sridhar,+911001420179,MH39 ML 3290,Kia Seltos,3.7,19
DRV3049,Matthew Khare,4818967664,MH8 TT 6567,WagonR,4.1,12
DRV3050,Baghyawati Madan,00350269205,MH44 DO 8059,Tata Nexon,4.0,14
DRV3051,Bhavna Chana,+915308336036,MH19 KV 1929,Kia Seltos,4.9,18
DRV3052,Ishani Mittal,+910499276048,MH41 YW 6280,Toyota Innova,4.5,13
DRV3053,Anika Mukherjee,+911198875763,MH26 LV 6217,Honda City,4.9,9
DRV3054,Dalbir Suri,+915312706895,MH50 CZ 3477,Tata Nexon,4.9,2
DRV3055,Faraj Biswas,+912009466893,MH28 GT 9372,Hyundai i20,4.0,10
DRV3056,Ishani Johal,07231021954,MH21 JW 9737,Hyundai Creta,4.6,13
DRV3057,Ekaja Bali,+916677660484,MH30 ZS 9917,Mahindra XUV700,3.5,20
DRV3058,Tejas Dave,07699172225,MH30 AL 6749,Toyota Innova,4.8,5
DRV3059,Ekantika Sodhi,+915587497181,MH2 OQ 7923,Kia Seltos,4.3,6
DRV3060,Dalaja Raman,06279584891,MH4 EC 9306,Swift Dzire,4.2,5
DRV3061,Omisha Vasa,1098272928,MH17 FR 3997,WagonR,4.1,9
DRV3062,Vivaan Chaudhuri,+915625093559,MH9 WZ 8383,Tata Nexon,4.4,6
DRV3063,Qushi Bhattacharyya,08964090002,MH14 RR 6453,Maruti Ertiga,4.0,2
DRV3064,Ekantika Madan,08889960729,MH17 SP 9862,Hyundai i20,3.9,9
DRV3065,Harish Prashad,00773552895,MH38 ET 3260,Mahindra XUV700,4.1,17
DRV3066,Vaishnavi Kala,7277769262,MH10 VP 1458,Hyundai i20,4.3,9
DRV3067,Jason Pant,05312084921,MH16 FQ 1615,Honda City,4.1,16
DRV3068,Tristan Contractor,+914294105128,MH21 IT 1953,WagonR,4.4,14
DRV3069,Triya Dasgupta,00060307284,MH30 EK 5078,Hyundai Creta,3.5,18
DRV3070,Logan Nagi,00041713934,MH25 IR 4418,WagonR,4.8,19
DRV3071,Manan Murthy,+913658539116,MH32 CF 0193,WagonR,4.5,19
DRV3072,Hemang Manne,08879660485,MH32 WW 6215,Tata Nexon,4.8,5
DRV3073,Rajeshri Som,+915404410405,MH16 KN 4146,Mahindra XUV700,4.2,10
DRV3074,Nitesh Randhawa,08564352337,MH9 NN 0211,Tata Nexon,4.1,14
DRV3075,Jonathan Chandran,+916752943952,MH49 YY 0958,WagonR,4.6,18
DRV3076,Ganga Banerjee,7225920562,MH50 FX 5806,Mahindra XUV700,4.1,16
DRV3077,Zaitra Palan,03425066885,MH33 FY 6539,Hyundai Creta,4.0,1
DRV3078,Libni Sankaran,+914966488403,MH43 HM 2353,Honda City,4.6,18
DRV3079,Qasim Sarin,01279803400,MH8 QJ 5508,Swift Dzire,3.7,6
DRV3080,Varenya Gour,+917289178094,MH39 DQ 5904,Tata Nexon,4.9,16
DRV3081,Niharika Oza,+918819260779,MH28 FK 5688,Kia Seltos,4.7,5
DRV3082,Vasana Babu,1771933655,MH26 IM 8371,Swift Dzire,3.7,2
DRV3083,Chaaya Jhaveri,3728040012,MH43 VK 7717,Hyundai i20,3.7,3
DRV3084,Pranav Menon,8080494041,MH30 MI 1684,Kia Seltos,3.6,17
DRV3085,Maanav Boase,00049524706,MH48 XS 6791,Swift Dzire,4.2,9
DRV3086,Wakeeta Chand,01642907361,MH26 JU 7458,Hyundai Creta,4.3,1
DRV3087,Vritti Sagar,02090664502,MH18 HQ 1888,Mahindra XUV700,4.1,5
DRV3088,Omaja Purohit,5220103410,MH25 VU 9086,Toyota Innova,4.3,16
DRV3089,Reyansh Taneja,3766911990,MH27 VR 5081,Tata Nexon,4.8,6
DRV3090,Xavier Gandhi,02318525719,MH43 VL 9794,WagonR,4.3,6
DRV3091,Karan Dutt,00271100940,MH30 WO 8409,Hyundai Creta,4.4,6
DRV3092,Bahadurjit Baria,0475459901,MH33 VH 6199,Swift Dzire,3.6,19
DRV3093,Harita Borah,01812356795,MH46 WM 2941,Toyota Innova,4.6,16
DRV3094,Ekavir Apte,06228171589,MH35 EL 1965,Hyundai Creta,4.9,19
DRV3095,Raksha Chokshi,05178780591,MH24 UC 5959,Swift Dzire,4.1,20
DRV3096,Aadhya Kari,03648816154,MH42 FB 0921,Swift Dzire,4.8,17
DRV3097,Madhav Barad,+917217054678,MH31 CN 0015,Mahindra XUV700,4.7,7
DRV3098,Kabir Sanghvi,06338606927,MH4 ES 7698,Hyundai i20,4.1,4
DRV3099,Chaman Chad,07841512314,MH29 WA 3394,Mahindra XUV700,5.0,15
DRV3100,Urvashi Sodhi,08419855150,MH8 YS 7454,Kia Seltos,4.3,8
DRV3101,Radhika Krishna,0942305108,MH42 KC 7553,Toyota Innova,4.9,7
DRV3102,Ekani Chana,9426571570,MH34 LI 0407,Maruti Ertiga,4.8,20
DRV3103,Anvi Raj,+915699324536,MH37 NR 4733,Honda City,4.8,15
DRV3104,Vihaan Raval,+914449179262,MH8 MY 5175,Maruti Ertiga,4.5,11
DRV3105,Falguni Dasgupta,+910544118206,MH20 XL 7486,Kia Seltos,4.4,2
DRV3106,Lekha Gopal,0955247233,MH35 CF 1191,Tata Nexon,3.8,15
DRV3107,Jagdish Krishna,9470804653,MH16 NX 9421,Toyota Innova,4.0,9
DRV3108,Rajata Ratta,+919637719909,MH40 HI 1099,WagonR,4.3,11
DRV3109,Ati D’Alia,+912399471817,MH45 GO 2516,Tata Nexon,4.2,5
DRV3110,Meghana Bhattacharyya,6420199618,MH28 TN 4559,Hyundai Creta,4.3,16
DRV3111,Ikbal More,+912852383351,MH22 VR 5466,Hyundai Creta,4.8,20
DRV3112,Noah Pai,04586076318,MH26 XR 3231,Maruti Ertiga,3.9,20
DRV3113,Darpan Dash,+918567398615,MH10 VP 1458,WagonR,4.7,6
DRV3114,Aarini Dugar,06283832952,MH38 VT 4808,Maruti Ertiga,4.6,17
DRV3115,Libni Setty,02500495648,MH41 ZU 3492,Maruti Ertiga,4.6,5
DRV3116,Anirudh Kurian,+919992768985,MH30 JI 1531,Toyota Innova,4.5,20
DRV3117,Yash Chandran,+911666234428,MH25 TA 0644,Maruti Ertiga,3.6,2
DRV3118,Max Lad,+911005215031,MH32 SY 2865,Tata Nexon,4.6,7
DRV3119,Kashish Magar,+911649040837,MH8 UO 8120,Kia Seltos,4.1,2
DRV3120,Gunbir Vala,09706989637,MH1 PX 5723,Hyundai Creta,4.5,9
DRV3121,Yasti Buch,01205832767,MH50 EO 4847,Maruti Ertiga,4.4,7
DRV3122,Hema Prabhakar,04995078300,MH20 JG 7571,WagonR,4.7,13
DRV3123,Chatresh Rastogi,08187004726,MH23 TR 6346,Kia Seltos,3.8,5
DRV3124,Nimrat Rai,01047116771,MH41 JV 3834,Maruti Ertiga,4.6,6
DRV3125,Dipta Oak,3459446773,MH1 HI 1277,WagonR,4.4,14
DRV3126,Ira Wali,1386382888,MH30 DB 9226,Tata Nexon,3.6,2
DRV3127,Hemang Pai,+916318764028,MH40 WM 7043,Hyundai Creta,4.4,10
DRV3128,Jagvi Kar,3619285305,MH27 WK 0368,WagonR,4.4,12
DRV3129,Triveni Mand,00430496702,MH49 EJ 8077,Mahindra XUV700,4.9,16
DRV3130,Girindra Bir,03883165991,MH42 CX 4150,Mahindra XUV700,3.5,8
DRV3131,Tejas Bhat,08519392566,MH48 XR 6984,Kia Seltos,3.9,6
DRV3132,Barkha Pai,07729257535,MH22 PV 5421,Maruti Ertiga,4.1,15
DRV3133,Advika Chatterjee,09144262400,MH28 PU 0631,Swift Dzire,4.9,10
DRV3134,Upma Hari,+917558756529,MH17 FZ 5142,Hyundai i20,3.7,13
DRV3135,Azaan Sridhar,+910323352660,MH36 WN 9514,Swift Dzire,3.8,12
DRV3136,Abha Hans,+912450868431,MH1 JK 9867,Honda City,4.6,19
DRV3137,Arin Ghose,01089633428,MH37 DO 2349,Kia Seltos,3.6,4
DRV3138,Leena Oza,+912946300074,MH16 MW 9382,Hyundai Creta,4.1,11
DRV3139,Faqid Kar,4610994045,MH40 GQ 8434,Kia Seltos,4.5,20
DRV3140,Nakul Das,9973933747,MH27 LI 6562,Hyundai Creta,4.8,12
DRV3141,Chaman Kant,+918502688419,MH32 YB 8244,Swift Dzire,3.7,5
DRV3142,Nathan Varghese,08033578962,MH18 AU 8608,Honda City,4.1,18
DRV3143,Kamya Korpal,+910281309999,MH10 WD 9902,WagonR,3.8,12
DRV3144,Devansh Kapadia,4533127589,MH46 IJ 1726,Kia Seltos,4.0,17
DRV3145,Neelima Chada,+919111644770,MH50 PZ 6640,Mahindra XUV700,3.7,4
DRV3146,Ati Bala,03912579574,MH41 LJ 0513,Kia Seltos,4.8,9
DRV3147,Avi Raju,+919695942677,MH33 HG 2546,Mahindra XUV700,3.6,3
DRV3148,Hritik Gokhale,+917525869941,MH45 UU 0729,Toyota Innova,3.8,2
DRV3149,Teerth Koshy,0177795494,MH12 WZ 7867,Honda City,3.8,7
DRV3150,Varenya Raval,5551479311,MH5 SI 7201,Honda City,4.9,13
DRV3151,Pavani Bahri,1678294075,MH1 YD 9985,WagonR,4.6,13
DRV3152,Gunbir Dar,1446931164,MH8 WY 5493,Kia Seltos,4.5,5
DRV3153,Ekantika Suresh,+919017271071,MH4 SV 0088,Maruti Ertiga,3.5,3
DRV3154,Charvi Sarma,0518770302,MH43 NK 3453,Toyota Innova,4.1,9
DRV3155,Vamakshi Nagar,01075599291,MH27 WD 1595,WagonR,4.3,13
DRV3156,Dominic Mallick,+916009816322,MH7 QY 3211,Kia Seltos,4.3,4
DRV3157,Arya Murthy,2169022264,MH29 PF 4235,WagonR,4.7,5
DRV3158,Megha Pal,4754664417,MH20 XL 7486,Hyundai Creta,4.6,20
DRV3159,Alexander Sarin,+914905046685,MH27 KO 2162,WagonR,3.8,5
DRV3160,Wishi Barman,+916804331044,MH36 IR 5041,Tata Nexon,4.4,6
DRV3161,Osha Pant,08503130112,MH30 AD 2559,Honda City,4.7,14
DRV3162,Ishanvi Narayanan,+916749219721,MH21 HD 6479,Hyundai Creta,3.6,7
DRV3163,Tanvi Cherian,+910912266984,MH4 JU 1182,Hyundai Creta,4.8,18
DRV3164,Charita Mistry,+915112734892,MH29 LO 8051,Maruti Ertiga,4.7,13
DRV3165,Wazir Narain,5036701488,MH7 YV 4165,Mahindra XUV700,4.6,16
DRV3166,Falak Deshmukh,01463098561,MH9 XN 7113,Hyundai i20,3.9,9
DRV3167,Zehaan Thaker,04394884335,MH44 YS 4262,Toyota Innova,3.7,19
DRV3168,Lajita Handa,+911390293824,MH26 ZV 8371,Tata Nexon,4.0,15
DRV3169,Yahvi Ravel,03034484760,MH32 OM 6215,Toyota Innova,3.7,14
DRV3170,Vincent Sawhney,00007788943,MH49 SU 1497,Tata Nexon,4.4,13
DRV3171,Zilmil Jayaraman,9288351473,MH38 GV 3963,WagonR,4.3,11
DRV3172,Jagat Sampath,02416396140,MH32 HA 3142,Tata Nexon,4.2,1
DRV3173,Wishi Sachdeva,6412563480,MH15 EV 5632,Kia Seltos,4.1,4
DRV3174,Yuvraj Parsa,+919903036275,MH5 BV 7106,Hyundai Creta,3.6,6
DRV3175,Ranbir Apte,2943566465,MH49 WQ 8280,Hyundai i20,4.6,19
DRV3176,Luke Narula,6595566799,MH37 AC 7750,Honda City,4.0,10
DRV3177,Balendra Swamy,6080501226,MH13 ZZ 5225,Tata Nexon,4.9,4
DRV3178,Henry Patla,+911788548772,MH3 SP 4503,Honda City,4.6,10
DRV3179,Nidra Arya,+917592966362,MH43 HO 6300,Swift Dzire,4.0,10
DRV3180,Lakshmi Muni,05556287600,MH33 ZF 6675,Toyota Innova,4.2,3
DRV3181,Lucky Khosla,00494156102,MH1 DN 4307,Tata Nexon,3.8,11
DRV3182,Ayushman Bora,07874814803,MH16 IP 2874,Mahindra XUV700,4.0,4
DRV3183,Sudiksha Modi,00572732618,MH38 HX 8186,Kia Seltos,3.8,5
DRV3184,Praneel Bhavsar,+916851673693,MH44 FW 1888,Maruti Ertiga,3.6,12
DRV3185,Ekani Lanka,07319219518,MH45 LI 5205,Toyota Innova,4.4,4
DRV3186,Oviya Memon,8681888835,MH30 BB 4953,Hyundai Creta,3.6,10
DRV3187,Ayush Tandon,+913587082923,MH23 BW 8082,Swift Dzire,4.0,2
DRV3188,Rushil Datta,+915867414678,MH28 EM 6900,Toyota Innova,3.6,15
DRV3189,Chaitanya Pillai,09343856344,MH32 OH 0776,Hyundai Creta,4.0,15
DRV3190,Inaya Rajan,3874491060,MH46 NI 7919,Honda City,4.3,15
DRV3191,Gunbir Bala,05234913122,MH50 HV 4131,Hyundai Creta,4.1,11
DRV3192,Garima Toor,06521291989,MH48 QK 5185,Hyundai i20,4.1,4
DRV3193,Radhika Sachar,07220375816,MH7 WO 2427,Toyota Innova,4.4,19
DRV3194,Parth Kaur,+916385360112,MH5 GP 4307,Maruti Ertiga,4.1,4
DRV3195,Gagan Krishna,+913975198813,MH31 SW 7011,Swift Dzire,3.9,8
DRV3196,Janya Choudhary,1480968200,MH37 DO 4604,Mahindra XUV700,4.5,15
DRV3197,Gaurav Shah,9098089756,MH36 XY 9959,Maruti Ertiga,4.5,7
DRV3198,Shivani Sule,+916700785384,MH46 OT 7881,Hyundai Creta,4.1,15
DRV3199,Saksham Luthra,1042806233,MH14 OJ 7982,Kia Seltos,4.0,7
DRV3200,Jason Saraf,+918134736923,MH4 AL 7035,WagonR,3.6,13
DRV3201,Ishwar Raghavan,2922905142,MH11 KE 5452,Honda City,4.1,5
DRV3202,Kamala Rattan,09627785796,MH4 NR 4905,Tata Nexon,3.7,2
DRV3203,Vyanjana Dube,+915841596237,MH49 WQ 8280,Mahindra XUV700,4.1,10
DRV3204,Jackson Natarajan,+917418772093,MH41 ZU 3492,Mahindra XUV700,3.9,17
DRV3205,Aashi Nagy,+914610623366,MH33 ZB 4121,Hyundai Creta,4.0,16
DRV3206,Oliver Rajan,8083168432,MH4 JU 1182,Tata Nexon,3.7,4
DRV3207,Laksh Dewan,+917036769101,MH15 BZ 0306,Maruti Ertiga,4.4,20
DRV3208,Omisha Prabhu,+911574084766,MH6 LA 5264,Honda City,4.6,11
DRV3209,Ijaya Bhatia,06718301372,MH4 EB 7376,Hyundai i20,5.0,19
DRV3210,Aishani Deol,6687087986,MH20 HE 1257,Kia Seltos,4.7,13
DRV3211,Avi Kannan,04634802341,MH6 LU 5564,Hyundai Creta,3.9,20
DRV3212,Keya Prashad,09427252717,MH21 SC 5357,Kia Seltos,4.2,2
DRV3213,Krisha Kala,01068339744,MH27 FV 9070,Toyota Innova,3.6,2
DRV3214,Nakul Chhabra,+918903711028,MH22 IT 3844,Maruti Ertiga,4.2,20
DRV3215,Robert Issac,01268261118,MH28 OU 3871,Kia Seltos,4.8,18
DRV3216,Keya Chaudhari,08737466806,MH17 IW 6903,Toyota Innova,4.7,13
DRV3217,Amaira Apte,1552968408,MH28 II 5544,Hyundai i20,4.4,19
DRV3218,Avi Bahl,06618368729,MH50 CO 5396,Honda City,3.8,14
DRV3219,Urmi Raman,+915069338922,MH16 FZ 6818,Hyundai i20,4.7,8
DRV3220,Aarav Pau,+919190228982,MH17 HG 6696,Hyundai i20,4.9,11
DRV3221,Nisha Naik,1985063910,MH30 EY 1873,Honda City,3.8,17
DRV3222,Anthony Chandran,5545590088,MH44 QZ 3918,Kia Seltos,3.6,2
DRV3223,Devika Kothari,07085892478,MH5 TY 6753,Tata Nexon,3.9,16
DRV3224,Ridhi Dasgupta,5971878396,MH50 ME 9848,Tata Nexon,4.8,12
DRV3225,Zaid Mitter,04254500158,MH38 CL 4941,Hyundai i20,4.1,17
DRV3226,Pavani Kapadia,04518977868,MH12 XQ 3412,Swift Dzire,4.4,5
DRV3227,Tanvi Babu,+918640623260,MH4 VG 0721,Tata Nexon,4.4,19
DRV3228,Nathan Choudhury,9748513762,MH50 GW 2277,Swift Dzire,4.2,14
DRV3229,Naksh Naidu,+919148824183,MH37 LJ 9985,Maruti Ertiga,4.6,13
DRV3230,Bakhshi Vasa,06169190158,MH48 NQ 8548,Tata Nexon,3.7,9
DRV3231,Abdul Suresh,07916669134,MH17 ZN 5510,Mahindra XUV700,3.6,17
DRV3232,Eshana Trivedi,+913345569996,MH25 BB 1717,Maruti Ertiga,4.2,20
DRV3233,Joshua Varty,+912950813178,MH45 UU 0729,Kia Seltos,4.1,16
DRV3234,Caleb Radhakrishnan,01058229089,MH48 DD 0366,Mahindra XUV700,4.7,19
DRV3235,Daksh Nigam,+911276454201,MH23 MI 2852,Hyundai i20,4.2,6
DRV3236,Ishwar Karan,+911963394549,MH16 RA 9824,Hyundai i20,4.7,12
DRV3237,Kala Sem,+914709754539,MH40 MG 8281,Tata Nexon,3.8,14
DRV3238,Ikshita Natt,6374774422,MH47 KS 3575,Swift Dzire,4.2,5
DRV3239,Anusha Chaudhary,2711675945,MH44 AH 1240,Toyota Innova,3.9,8
DRV3240,Vedika Kaur,+916666806380,MH3 ID 6558,Hyundai Creta,3.7,12
DRV3241,Aryan Madan,+915643011596,MH26 DH 6971,Hyundai Creta,4.9,10
DRV3242,Daksh Deol,1814528915,MH45 EL 2399,Kia Seltos,4.6,13
DRV3243,Devansh Chokshi,+917027320343,MH27 SJ 2133,Swift Dzire,4.4,15
DRV3244,Pallavi Banik,09791873171,MH22 WC 5709,Tata Nexon,4.2,5
DRV3245,Yatin Sama,09466411110,MH6 OE 9782,Mahindra XUV700,4.6,15
DRV3246,Eiravati Mannan,07648663803,MH33 SO 0977,Kia Seltos,3.8,1
DRV3247,Charvi Master,08102147978,MH34 BF 8527,Kia Seltos,5.0,17
DRV3248,Advaith Sura,2480658591,MH4 VA 4742,Mahindra XUV700,4.8,20
DRV3249,Jairaj Dayal,04894975876,MH36 OY 4573,WagonR,3.8,13
DRV3250,Varsha Mallick,06142740227,MH40 RY 7795,Honda City,3.9,20
DRV3251,Yashodhara Tara,+910323616577,MH19 SN 3327,Tata Nexon,4.0,15
DRV3252,Isaac Das,6754022224,MH12 WZ 7867,Toyota Innova,4.9,11
DRV3253,Banjeet Warrior,08129347804,MH40 QQ 9155,Hyundai i20,4.0,12
DRV3254,Vanya Pathak,4965640514,MH49 RF 6813,WagonR,3.5,4
DRV3255,Qabil Shroff,+918680104247,MH30 OU 6836,Kia Seltos,4.3,18
DRV3256,Ishita Sastry,+919967397486,MH46 ZO 5056,WagonR,3.9,12
DRV3257,Azaan Solanki,7979177124,MH2 EZ 2807,WagonR,4.9,7
DRV3258,George Bansal,08785489163,MH25 TB 2830,Swift Dzire,4.3,13
DRV3259,Warinder Karan,+914072522652,MH30 JP 1008,Swift Dzire,3.6,20
DRV3260,Kala Kuruvilla,04565395232,MH3 KH 6731,Toyota Innova,4.2,10
DRV3261,Omisha Vasa,+911384353251,MH26 QS 4708,Hyundai i20,4.1,14
DRV3262,Krisha Datta,+918991187184,MH19 GN 1911,Hyundai i20,4.6,13
DRV3263,Wyatt Gokhale,+910115956198,MH50 OQ 4613,Hyundai i20,4.4,16
DRV3264,Gagan Bassi,+915585551301,MH44 RH 3929,Honda City,3.6,18
DRV3265,Baljiwan Kibe,04835124440,MH12 CX 0588,Honda City,3.8,11
DRV3266,Jack Sundaram,+911563246263,MH45 MT 7192,Mahindra XUV700,3.6,12
DRV3267,Harita Hayer,9649569826,MH18 VM 5284,Toyota Innova,3.8,13
DRV3268,Madhav Kurian,9761466352,MH43 LU 6061,Swift Dzire,4.7,4
DRV3269,Aradhana Varkey,3036138698,MH11 WH 4134,Hyundai i20,4.3,1
DRV3270,Krishna Sane,8892212387,MH6 LX 4920,Kia Seltos,4.6,15
DRV3271,Sathvik Hayre,01276020605,MH7 PJ 0616,Hyundai i20,4.8,20
DRV3272,Veda Puri,09460547437,MH35 QI 3698,Honda City,4.7,18
DRV3273,Aashi Golla,+912940258826,MH25 PN 9558,Hyundai i20,4.5,17
DRV3274,Warinder Rattan,1576635571,MH26 NC 5806,Hyundai Creta,3.9,1
DRV3275,Bhavya Karpe,6041759251,MH4 QL 2721,Honda City,4.1,19
DRV3276,Januja Dhar,07701490619,MH17 VI 7122,Maruti Ertiga,4.9,19
DRV3277,Widisha Seth,09710834256,MH10 FQ 6961,WagonR,4.8,14
DRV3278,Bimala Yohannan,00773674447,MH42 VL 1383,Honda City,4.7,20
DRV3279,Yamini Sarkar,9249183210,MH10 WB 1270,Hyundai i20,4.1,18
DRV3280,Yatan Nanda,3936378478,MH6 PE 2848,Swift Dzire,4.3,11
DRV3281,Agastya Vohra,05231346420,MH41 JC 0502,Maruti Ertiga,3.8,17
DRV3282,Eshana Gole,+915876717141,MH50 DL 9682,Honda City,4.8,15
DRV3283,Fiyaz Sarkar,06136123430,MH29 AX 9760,Toyota Innova,3.8,2
DRV3284,Ira Loyal,04575485232,MH7 IE 2007,Kia Seltos,4.7,15
DRV3285,Irya Patla,+913799200442,MH14 FQ 6468,Hyundai Creta,3.9,7
DRV3286,Jacob Joshi,+911616515440,MH30 IB 2324,Tata Nexon,5.0,5
DRV3287,Harsh Desai,07557425621,MH32 LD 7276,Swift Dzire,3.7,19
DRV3288,Oeshi Narayan,+916432091498,MH6 DL 2603,Honda City,3.5,10
DRV3289,Anjali Sampath,07606401668,MH22 VF 1186,Kia Seltos,4.9,4
DRV3290,Amara Sood,07639839400,MH48 VR 7059,Mahindra XUV700,3.8,11
DRV3291,Riya Dugar,+918401988870,MH22 DC 1964,WagonR,3.7,13
DRV3292,Jackson Deol,+912990070585,MH9 QG 2990,WagonR,3.5,13
DRV3293,Widisha Bhat,+912176645752,MH31 NR 9419,WagonR,4.7,14
DRV3294,Irya Pandya,09416590062,MH34 ZN 6325,Kia Seltos,3.9,18
DRV3295,Praneel Sampath,02505080401,MH42 ZE 0750,Honda City,4.7,4
DRV3296,Hamsini Sidhu,3580762732,MH21 WC 3581,Honda City,4.1,19
DRV3297,Qushi Dhaliwal,03624985994,MH23 MB 6467,Toyota Innova,4.1,4
DRV3298,Nisha Bhandari,+915848194234,MH7 XX 6405,Mahindra XUV700,3.7,5
DRV3299,Bimala Raval,2956439935,MH36 BH 6966,Hyundai i20,4.3,14
DRV3300,Michael Dewan,03004420801,MH1 HO 3636,Mahindra XUV700,4.7,19
DRV3301,Tamanna Mohanty,5691195472,MH1 DY 2013,WagonR,4.8,11
DRV3302,Eta Roy,+918596941060,MH5 RS 0351,WagonR,4.9,6
DRV3303,Ubika Kant,+913769561166,MH43 XP 0529,Hyundai i20,4.4,8
DRV3304,Idika Sarraf,06470820057,MH45 MT 7192,WagonR,4.2,16
DRV3305,Indira Bhatti,01273978039,MH5 PS 9327,Kia Seltos,3.9,13
DRV3306,Isha Khare,+910639487702,MH31 NH 1497,Toyota Innova,4.4,6
DRV3307,Falak Sampath,+911515316891,MH8 WX 2290,Toyota Innova,3.7,4
DRV3308,Samarth Choudhry,+911240816368,MH21 AK 4605,Toyota Innova,3.8,19
DRV3309,Praneel Setty,7482696717,MH34 VG 0212,Kia Seltos,4.6,13
DRV3310,Devansh Chakraborty,+914560155105,MH39 PD 9319,Kia Seltos,4.5,6
DRV3311,Nandini Ahluwalia,+914096453139,MH25 LB 2883,Mahindra XUV700,4.9,14
DRV3312,Peter Date,07936704020,MH13 VF 4529,Kia Seltos,4.6,12
DRV3313,Gopal Zacharia,01287487367,MH15 TY 6295,Toyota Innova,4.9,9
DRV3314,Janani Borde,2538086783,MH11 BW 8963,Maruti Ertiga,4.5,4
DRV3315,Jeevika Roy,0143728045,MH5 KP 5011,Hyundai i20,4.3,15
DRV3316,Ishaan Prashad,+912851163554,MH16 FH 7813,Maruti Ertiga,5.0,4
DRV3317,Inaya Gera,9998093626,MH3 PR 2018,Swift Dzire,4.1,7
DRV3318,Indali Datta,08959947751,MH13 UK 8339,Honda City,4.9,18
DRV3319,Christopher Mishra,+917315843121,MH22 JX 0879,Hyundai i20,4.8,3
DRV3320,Qabil Sha,5485862025,MH25 VR 7629,Mahindra XUV700,4.2,11
DRV3321,Bishakha Zacharia,1910233448,MH18 UJ 8461,Swift Dzire,4.4,20
DRV3322,Vidhi Nigam,7786863475,MH25 PK 7889,Tata Nexon,3.9,12
DRV3323,Parth Yogi,8084969399,MH1 IO 5303,Hyundai Creta,4.5,5
DRV3324,Lohit Bajwa,08790397093,MH13 SX 0890,Maruti Ertiga,4.2,13
DRV3325,Dominic Sabharwal,+917764500799,MH7 MP 6686,Hyundai Creta,4.5,15
DRV3326,Mekhala Dalal,09190280664,MH36 MB 6154,Swift Dzire,4.0,4
DRV3327,Peter Ramakrishnan,+916628025508,MH31 ZJ 3329,Toyota Innova,4.9,12
DRV3328,Yadavi Ratta,7319016095,MH30 OB 1723,WagonR,3.8,12
DRV3329,Amol Batta,+916863557842,MH47 QS 2649,Hyundai i20,3.5,18
DRV3330,Qabil Desai,+915346488621,MH37 XY 8634,Swift Dzire,3.9,6
DRV3331,Logan Rajagopal,+918250348894,MH45 QO 0746,Kia Seltos,4.6,13
DRV3332,Ayushman Sama,0926570141,MH46 PQ 0191,Mahindra XUV700,3.8,13
DRV3333,Gaurav Aggarwal,03058944056,MH26 LK 8228,Tata Nexon,4.1,19
DRV3334,Max Ratti,+913714126527,MH12 WB 0706,Swift Dzire,3.9,16
DRV3335,Krishna Srinivas,1063729864,MH26 VV 3079,Mahindra XUV700,4.7,18
DRV3336,Jagat Dube,+914669671406,MH9 YG 7131,Maruti Ertiga,4.0,14
DRV3337,Yashasvi Trivedi,1957585935,MH46 OJ 4017,Hyundai Creta,4.7,11
DRV3338,Joshua Tak,+911079382708,MH43 CX 7952,Kia Seltos,4.4,8
DRV3339,Laban Lad,09985526944,MH27 OC 3782,WagonR,4.3,8
DRV3340,Faras Chauhan,04142868769,MH50 HV 4131,Honda City,3.5,15
DRV3341,Triya Kala,2031807259,MH37 SO 5730,Hyundai Creta,3.9,3
DRV3342,Ryan Kunda,6959378146,MH13 LP 2475,Honda City,4.2,16
DRV3343,Logan Grover,3717021917,MH8 RX 3414,Swift Dzire,4.0,9
DRV3344,Jairaj Patel,+914072323056,MH40 GO 3681,Mahindra XUV700,3.9,11
DRV3345,Quincy Ahuja,+917758021309,MH23 DF 3581,Mahindra XUV700,3.9,18
DRV3346,Sanaya Lad,7128676221,MH48 UF 8155,Hyundai i20,4.9,2
DRV3347,Anjali Bhatia,02366817969,MH13 UW 8838,Toyota Innova,3.5,19
DRV3348,Ishita Dhillon,+917325777280,MH16 KN 4146,Maruti Ertiga,3.5,19
DRV3349,Triveni Lad,+914929474032,MH39 HT 1114,Hyundai i20,4.1,6
DRV3350,Onkar Sinha,6506881347,MH39 FU 8076,Hyundai i20,4.7,6
DRV3351,Yadavi Sarma,+919372311369,MH9 HT 3241,Mahindra XUV700,4.3,5
DRV3352,Zashil Sarraf,+918926204651,MH35 WS 8780,Hyundai Creta,5.0,2
DRV3353,Gaurika Seshadri,02079507314,MH19 WD 8601,Swift Dzire,3.8,15
DRV3354,Oviya Karnik,01553075391,MH17 YW 7796,Toyota Innova,4.3,8
DRV3355,Zilmil Narayan,+917126018865,MH46 DU 8501,Hyundai i20,4.1,7
DRV3356,Praneel Muni,2167835204,MH35 NT 8019,Hyundai i20,3.5,9
DRV3357,Upkaar Nigam,2724299562,MH15 NZ 8950,Swift Dzire,4.9,16
DRV3358,Lajita Divan,9836358799,MH42 XH 0095,Honda City,4.8,15
DRV3359,Arunima Rattan,9259039596,MH47 MF 2426,Toyota Innova,4.9,9
DRV3360,Idika Varkey,+915316431058,MH38 ZK 6417,WagonR,4.8,18
DRV3361,Timothy Kamdar,9312939271,MH28 LA 4887,Swift Dzire,4.5,7
DRV3362,Samaksh Hayre,9558335746,MH32 XF 3568,Toyota Innova,4.7,11
DRV3363,Abha Sarma,2041089523,MH15 QY 5585,Kia Seltos,5.0,9
DRV3364,Diya Venkatesh,+916668014249,MH31 SA 6880,Swift Dzire,3.9,13
DRV3365,Jagdish Rege,04883971365,MH17 BK 0992,Honda City,4.3,7
DRV3366,Yatin Chopra,07024641596,MH20 EP 9789,Honda City,4.5,8
DRV3367,Aahana Acharya,+916563059942,MH38 TX 4869,Swift Dzire,4.1,13
DRV3368,Anika Mann,5858291345,MH26 DD 7363,Tata Nexon,3.9,5
DRV3369,Aashi Kala,03698060829,MH50 CD 2012,Tata Nexon,5.0,16
DRV3370,Upadhriti Bedi,2539377316,MH9 OH 8448,Hyundai Creta,4.7,1
DRV3371,Hamsini Setty,6309931456,MH4 TT 8997,WagonR,4.2,15
DRV3372,Vasana Viswanathan,03319643482,MH49 TP 2543,Hyundai Creta,4.0,20
DRV3373,Vinaya Lad,3035391434,MH12 RH 4607,Honda City,4.3,16
DRV3374,Saumya Bhardwaj,05846731817,MH45 RS 3906,Hyundai Creta,3.7,7
DRV3375,Joshua Bali,8660338833,MH13 AA 8338,Mahindra XUV700,5.0,10
DRV3376,Dalbir Salvi,2384670477,MH19 CK 9552,Honda City,4.7,17
DRV3377,Chaitanya Warrior,07964290531,MH6 OF 1914,Maruti Ertiga,4.5,8
DRV3378,Nathan Lal,9035617698,MH34 LP 1537,Hyundai i20,3.6,8
DRV3379,Thomas Devan,5335357546,MH46 FG 2398,WagonR,4.6,11
DRV3380,Umang Ramaswamy,02496205084,MH28 BC 1587,Mahindra XUV700,3.8,12
DRV3381,Oviya Edwin,5773928300,MH48 ZD 1917,Swift Dzire,4.8,2
DRV3382,Anika Krishnamurthy,+914794210049,MH3 NF 9124,Hyundai Creta,3.8,1
DRV3383,Ekantika Deshpande,8766278421,MH40 FO 7036,Hyundai i20,4.0,16
DRV3384,Saksham Borde,06195916015,MH25 RS 8626,WagonR,4.9,2
DRV3385,Faqid Virk,+914535136245,MH35 XZ 8479,Hyundai i20,3.8,3
DRV3386,Umang Thaman,5450050014,MH28 PC 9821,Hyundai i20,4.6,19
DRV3387,Ayaan Bir,6606301727,MH44 FE 6461,Hyundai Creta,3.5,2
DRV3388,Logan Bakshi,00600456075,MH17 RF 0964,WagonR,4.1,1
DRV3389,Yashasvi Nath,4214685675,MH8 LJ 6173,Toyota Innova,3.8,10
DRV3390,Aditya Cheema,04373959840,MH23 IL 5551,WagonR,3.6,12
DRV3391,Anjali Agarwal,3139399444,MH7 VR 5810,Swift Dzire,3.7,4
DRV3392,Nirja Gade,08812429638,MH2 CM 1082,Hyundai i20,4.6,8
DRV3393,Yashasvi Mody,+914825653483,MH2 BG 4108,Swift Dzire,3.7,20
DRV3394,Saanvi Chopra,+912268025966,MH8 CR 7915,WagonR,5.0,3
DRV3395,Riya Barad,9845341487,MH28 GN 8804,WagonR,3.7,1
DRV3396,Wazir Jhaveri,1923742166,MH2 KH 4448,Maruti Ertiga,3.7,7
DRV3397,Benjamin Sahni,7907101553,MH47 DQ 0649,Mahindra XUV700,4.6,13
DRV3398,Rachit Dass,+912196991930,MH16 NX 9421,Tata Nexon,3.7,17
DRV3399,Sai Kala,+919014446337,MH46 ZM 8131,Hyundai i20,3.5,18
DRV3400,Irya Kurian,+917800671264,MH8 GW 3332,WagonR,3.6,6
DRV3401,Faraj Agrawal,+912305541578,MH48 IY 2859,Maruti Ertiga,4.8,16
DRV3402,Lajita Pradhan,8882314658,MH1 UW 8779,Swift Dzire,5.0,13
DRV3403,Chakradhar Sachdev,07239541939,MH23 GX 0676,Mahindra XUV700,3.7,13
DRV3404,Oni Swaminathan,+915121911170,MH48 WH 0246,Kia Seltos,3.6,3
DRV3405,Nihal Bhargava,00172389367,MH34 MP 9596,Hyundai Creta,3.8,16
DRV3406,Chandran D’Alia,06833121905,MH48 AX 0434,Hyundai i20,3.6,11
DRV3407,Kevin Kannan,+912272069187,MH4 NY 9066,Toyota Innova,4.5,14
DRV3408,Daksha Shenoy,8874360510,MH27 KW 6122,Hyundai i20,4.8,20
DRV3409,Vedant Narayanan,+910856493990,MH1 KU 9694,Mahindra XUV700,4.0,10
DRV3410,Kamya Pillay,9965648874,MH39 TX 8422,Hyundai i20,4.8,12
DRV3411,Darika Varty,+912729357313,MH6 QS 4623,Kia Seltos,4.6,1
DRV3412,Diya Thakkar,04342457924,MH39 EJ 0551,Honda City,3.7,17
DRV3413,Ekansh Kaul,+912821655857,MH36 JL 5525,Toyota Innova,4.7,4
DRV3414,Leena Raju,+917978791661,MH6 LJ 4498,Hyundai i20,4.4,4
DRV3415,Ishani Rattan,03797131998,MH18 RY 3602,Kia Seltos,4.6,1
DRV3416,Harinakshi Gill,+919608714879,MH18 WB 8950,Maruti Ertiga,4.5,8
DRV3417,Gaurangi Dayal,05187792241,MH5 RL 8994,Maruti Ertiga,4.2,9
DRV3418,Aashi Bhatia,+918516287793,MH11 KG 3973,Hyundai i20,3.6,5
DRV3419,Hemang Mander,2282033811,MH4 AC 8876,Hyundai i20,3.6,6
DRV3420,Chanchal Prakash,05416466193,MH13 GE 3466,Tata Nexon,4.2,19
DRV3421,Kamala Bahri,5037763577,MH5 KD 1485,Swift Dzire,5.0,14
DRV3422,Sudiksha Barad,2595016349,MH6 YW 3057,Maruti Ertiga,4.9,15
DRV3423,Aadi Boase,+913760273272,MH21 DY 1080,Toyota Innova,3.5,9
DRV3424,Tristan Ahluwalia,+910880591894,MH6 GE 0994,Maruti Ertiga,3.7,16
DRV3425,Ati Mander,03231126511,MH46 AV 0646,Swift Dzire,3.8,9
DRV3426,Jhalak Shankar,6203158646,MH10 KA 5630,Hyundai Creta,4.5,7
DRV3427,Kabir Palan,04870933154,MH9 CJ 6096,Kia Seltos,3.8,14
DRV3428,Harita Krishnan,00326103769,MH28 HV 3131,Kia Seltos,3.7,15
DRV3429,Zarna Tank,+916830416506,MH18 FL 8495,Hyundai i20,4.9,20
DRV3430,Zilmil Sastry,4776081003,MH31 PK 8163,Honda City,4.5,15
DRV3431,Matthew Parekh,3404517035,MH6 DO 3511,Maruti Ertiga,4.8,6
DRV3432,Samar Dhar,+913037848321,MH49 SN 0157,Honda City,3.9,7
DRV3433,Charan Mangat,+912948994620,MH16 OI 5934,Kia Seltos,4.4,5
DRV3434,Jatin Chauhan,06913246551,MH22 FL 6687,Honda City,4.7,17
DRV3435,Reyansh Chaudhuri,00041450108,MH34 OG 3987,Mahindra XUV700,5.0,13
DRV3436,Hemang Karan,+917501351881,MH23 OH 3431,Hyundai i20,3.7,11
DRV3437,Gunbir Brahmbhatt,5044191867,MH27 PJ 2592,WagonR,4.7,11
DRV3438,Abhiram Murty,08818122571,MH19 AY 8117,Mahindra XUV700,4.6,2
DRV3439,Charles Raj,2948243490,MH46 EM 1469,Hyundai i20,4.0,11
DRV3440,Arunima Amble,01881387644,MH15 YE 4335,Tata Nexon,4.2,11
DRV3441,Ria Sachdeva,+913438730927,MH1 JC 9096,Kia Seltos,4.1,8
DRV3442,Vritti Savant,+918552732840,MH16 GS 9436,Mahindra XUV700,4.5,11
DRV3443,Panini Chandran,+919184504327,MH19 PF 1276,Swift Dzire,3.5,5
DRV3444,Isaac Chaudhary,+918175574271,MH36 LR 6450,Maruti Ertiga,3.8,19
DRV3445,Inaya Datta,2896432094,MH27 HQ 5420,Maruti Ertiga,3.5,9
DRV3446,Tanish Kade,06932350261,MH1 GQ 6129,Hyundai Creta,4.0,14
DRV3447,Baljiwan Raghavan,+911459921687,MH20 NX 6036,Maruti Ertiga,5.0,7
DRV3448,Mekhala Konda,08564294174,MH9 DS 3490,Hyundai Creta,3.7,6
DRV3449,Meera Palla,09765660399,MH43 MJ 2859,Mahindra XUV700,4.1,1
DRV3450,Chatura Morar,+912717040200,MH7 CZ 2625,Hyundai i20,4.9,19
DRV3451,Arin Oza,01557108046,MH13 ZG 8319,Mahindra XUV700,4.3,3
DRV3452,Ryan Munshi,+911470505770,MH10 LP 5557,Honda City,3.8,11
DRV3453,Krishna Bhargava,0924472590,MH2 VM 4595,Hyundai Creta,4.0,10
DRV3454,Eshana Bhasin,00510789214,MH36 MB 8301,WagonR,3.8,20
DRV3455,Daksha Date,+911708706964,MH29 WR 1365,Toyota Innova,4.3,4
DRV3456,Oviya Bali,09993974661,MH41 CH 2147,Mahindra XUV700,4.5,7
DRV3457,Guneet Mann,2101337012,MH3 SH 1157,Toyota Innova,4.9,12
DRV3458,Girik Radhakrishnan,06504299320,MH44 LN 7272,Honda City,4.0,1
DRV3459,Akshay Mangal,+911022799370,MH50 XZ 0758,Kia Seltos,3.6,20
DRV3460,Fitan Bhattacharyya,+919865729429,MH19 HK 3702,WagonR,4.2,19
DRV3461,Gaurangi Chahal,+910461284752,MH35 CF 1191,Tata Nexon,4.1,8
DRV3462,Madhav Nori,3297515282,MH30 KX 4896,Swift Dzire,4.7,5
DRV3463,Manya Pal,+919032774508,MH21 TN 7875,Swift Dzire,5.0,1
DRV3464,Andrew Seshadri,+914962402231,MH8 GL 7652,Hyundai i20,4.4,1
DRV3465,Pahal Iyengar,01609616515,MH20 VW 9364,Maruti Ertiga,4.5,19
DRV3466,Rajata Mand,7377366825,MH22 EA 6179,Hyundai i20,3.7,11
DRV3467,Advik Ahluwalia,06111384269,MH42 UM 1541,Hyundai i20,4.4,14
DRV3468,Azad Kumar,+912638741643,MH49 DI 2788,Maruti Ertiga,4.5,14
DRV3469,Kalpit Chowdhury,+910138845117,MH19 LG 1668,Hyundai Creta,5.0,8
DRV3470,Fiyaz Grewal,3785380479,MH2 GP 3252,Hyundai i20,4.1,20
DRV3471,Upasna Nori,+918276691631,MH38 RK 4618,Mahindra XUV700,4.6,19
DRV3472,Nicholas Loyal,3537060442,MH28 VI 3425,Hyundai Creta,4.0,2
DRV3473,Advaith Baria,01708338443,MH29 FQ 5815,Mahindra XUV700,4.8,7
DRV3474,Leena Sood,+912380379207,MH13 HV 9090,Honda City,4.8,13
DRV3475,Anika Wadhwa,+910448285906,MH27 VU 7945,Honda City,4.0,19
DRV3476,Yashvi Sule,+912290392431,MH19 GR 6987,WagonR,4.7,13
DRV3477,Devika Mukherjee,02166905148,MH50 YX 0067,WagonR,4.2,10
DRV3478,Nathan Majumdar,+913514001073,MH42 YJ 6220,Tata Nexon,4.2,18
DRV3479,Gagan Singh,5586928079,MH40 ZS 9664,Mahindra XUV700,3.5,13
DRV3480,Chandresh Lanka,06016318668,MH21 DY 1080,Swift Dzire,4.9,6
DRV3481,Charles Gaba,8332907640,MH11 GH 8736,Hyundai Creta,3.8,2
DRV3482,Yachana Koshy,+914766985697,MH49 IL 3330,Tata Nexon,4.8,4
DRV3483,Ishani Rajagopalan,8033926790,MH21 XP 3236,Hyundai i20,4.7,18
DRV3484,Ucchal Bal,+911987943266,MH43 MQ 0845,Honda City,3.9,18
DRV3485,Siya Sehgal,03572340941,MH48 QI 2684,Hyundai Creta,3.8,11
DRV3486,Upasna Brahmbhatt,07163058593,MH26 LN 6049,Hyundai i20,4.5,16
DRV3487,Chatresh Kari,8269648123,MH2 AY 1700,WagonR,3.6,7
DRV3488,Jonathan Uppal,1532952649,MH18 GU 8937,Swift Dzire,4.3,11
DRV3489,Manya Chakrabarti,+919203633869,MH20 TX 9794,Tata Nexon,4.0,19
DRV3490,Yashvi Ganesan,9121402725,MH49 IR 6215,Mahindra XUV700,4.1,6
DRV3491,Anvi Kala,9879915175,MH35 ZL 9869,Tata Nexon,4.7,15
DRV3492,Jasmit Borah,01067578453,MH39 IE 0726,Swift Dzire,4.6,1
DRV3493,Aashi Babu,08458884324,MH21 IV 3125,Honda City,4.4,11
DRV3494,Sai Amble,7883026653,MH40 LG 2879,Honda City,4.9,10
DRV3495,Ayaan Sarin,+917224211899,MH49 EH 8968,Maruti Ertiga,4.7,9
DRV3496,Harita Ganesh,1138189271,MH40 CT 2121,Mahindra XUV700,4.1,16
DRV3497,Chatresh Sarma,01973773169,MH42 TE 4610,Hyundai i20,3.7,2
DRV3498,Simon Nagar,+913530227569,MH43 ME 9362,Honda City,4.3,3
DRV3499,Arya Mammen,+916555028250,MH41 WU 9614,Kia Seltos,4.3,14
DRV3500,Sudiksha Sridhar,03593843244,MH4 OO 8676,Kia Seltos,3.7,8
DRV3501,Nilima Sridhar,04022312626,MH20 PS 5222,Swift Dzire,3.7,2
DRV3502,Vedika Taneja,08578473776,MH9 WE 6438,Hyundai Creta,4.5,7
DRV3503,Ria Kalla,+913637277773,MH7 QM 9178,Swift Dzire,4.8,5
DRV3504,Logan Nadkarni,+919502832222,MH24 QY 5952,Kia Seltos,3.7,17
DRV3505,Chameli Keer,03551473171,MH9 SH 0382,Maruti Ertiga,4.0,12
DRV3506,Vasatika Bandi,08598248398,MH48 OC 5408,Mahindra XUV700,4.6,13
DRV3507,Lucky Goda,2235833164,MH15 TD 0991,Hyundai Creta,4.7,10
DRV3508,Nikita Chauhan,+918699337559,MH16 IQ 0644,WagonR,3.8,8
DRV3509,Xavier Panchal,02647013342,MH31 IQ 9329,Toyota Innova,4.6,17
DRV3510,Vaishnavi D’Alia,02515951544,MH14 LE 2155,WagonR,4.2,20
DRV3511,Yashica Panchal,02772887437,MH7 UH 5077,Swift Dzire,3.7,19
DRV3512,Harshil Parikh,09332921527,MH30 AT 6532,Swift Dzire,3.8,9
DRV3513,Aryan Khosla,01522804820,MH46 OZ 3100,Mahindra XUV700,5.0,6
DRV3514,Farhan Nadig,0641504980,MH32 HV 7642,Maruti Ertiga,4.3,2
DRV3515,Chandani Sheth,1297322152,MH23 LH 7467,Mahindra XUV700,4.1,19
DRV3516,Widisha Oak,01301925830,MH29 DM 3630,Hyundai Creta,4.4,17
DRV3517,Oviya Mukhopadhyay,8005791741,MH15 VP 6367,Mahindra XUV700,3.6,14
DRV3518,Timothy Datta,8755228788,MH45 WY 8076,Honda City,4.3,13
DRV3519,Bhanumati More,6866422959,MH21 QP 3276,Maruti Ertiga,4.9,10
DRV3520,Panini Iyer,+912685217008,MH16 LE 8236,Hyundai i20,3.8,7
DRV3521,Ekavir Gandhi,+912371753181,MH36 GJ 2328,Toyota Innova,4.4,19
DRV3522,Bakhshi Toor,06754852097,MH23 AQ 6671,Tata Nexon,4.1,11
DRV3523,Isaac Panchal,09126167284,MH15 XH 3579,Swift Dzire,4.1,13
DRV3524,Faraj Ahuja,5991628747,MH27 KQ 2084,Kia Seltos,3.6,15
DRV3525,Isaac Rama,+912410974366,MH43 SR 2578,Honda City,4.3,16
DRV3526,Matthew Nagi,+912966071043,MH40 VP 6544,Kia Seltos,4.0,5
DRV3527,Banjeet Dewan,07645170031,MH8 DH 9443,Maruti Ertiga,4.6,20
DRV3528,Abdul Dewan,05213501306,MH5 EA 6987,Hyundai Creta,3.5,18
DRV3529,Vedant Sahni,00361285455,MH39 WB 5513,Hyundai i20,3.7,16
DRV3530,Tarak Dutt,00247788721,MH30 WP 6873,Mahindra XUV700,3.9,12
DRV3531,Henry Badal,08477312326,MH34 NG 2663,Honda City,4.5,13
DRV3532,Michael Mannan,+911373606589,MH23 QX 9004,Hyundai i20,5.0,16
DRV3533,Rudra Lad,00855813831,MH39 DH 3899,Honda City,3.7,2
DRV3534,Frado Baria,7344519524,MH26 NT 7933,Mahindra XUV700,4.4,3
DRV3535,Jackson Cherian,1625954902,MH5 KP 5011,Tata Nexon,3.8,20
DRV3536,Yahvi Brar,+918122654512,MH33 VH 6199,WagonR,4.7,3
DRV3537,Garima Raman,+914347268126,MH35 CA 4692,Honda City,4.0,14
DRV3538,Oliver Barad,06971703481,MH39 LS 9894,Swift Dzire,4.9,6
DRV3539,Harshil Manda,07054898288,MH8 PV 9821,Maruti Ertiga,4.0,4
DRV3540,Jeet Chaudhry,07794707952,MH35 VV 7061,Kia Seltos,4.2,15
DRV3541,Lipika Reddy,08715527500,MH47 MN 5884,Maruti Ertiga,3.9,3
DRV3542,George Misra,6481384417,MH17 KJ 0077,Tata Nexon,4.5,9
DRV3543,Zayan Mander,1256089442,MH44 OI 1607,Hyundai Creta,3.9,20
DRV3544,Lila Kaul,3686054571,MH48 XR 6984,WagonR,3.7,15
DRV3545,Logan Lal,+914639146800,MH13 HH 2904,Swift Dzire,4.1,17
DRV3546,Jackson Panchal,01302104909,MH28 II 5544,WagonR,4.2,19
DRV3547,Aishani Varghese,08048843328,MH22 CC 9059,Mahindra XUV700,4.0,15
DRV3548,Jonathan Mohanty,8961936065,MH26 FO 0832,Swift Dzire,4.4,13
DRV3549,Bachittar Kara,08071112261,MH49 KZ 3016,Mahindra XUV700,4.6,19
DRV3550,Janya Batra,+913916247441,MH5 LH 8196,Mahindra XUV700,3.6,17
DRV3551,Chandani Chakrabarti,+918298146249,MH46 FA 8354,Swift Dzire,4.4,17
DRV3552,Vihaan Kapoor,07741769092,MH42 JG 8206,Swift Dzire,4.9,4
DRV3553,Vamakshi Sen,1558732706,MH2 YF 7746,Swift Dzire,3.9,1
DRV3554,Tanvi Mandal,00812854486,MH47 SQ 7643,Tata Nexon,3.8,3
DRV3555,Jason Dayal,+919890623389,MH4 BL 6833,Tata Nexon,3.8,5
DRV3556,Michael Mallick,1687847566,MH43 JZ 6038,WagonR,4.6,3
DRV3557,Udarsh Comar,7471211737,MH19 UZ 3979,Maruti Ertiga,4.4,15
DRV3558,Pooja Sood,08193068453,MH32 VM 1237,Honda City,4.1,5
DRV3559,Indrajit Khosla,+918432678686,MH49 ZX 2048,Hyundai Creta,3.9,20
DRV3560,Manan Narasimhan,01076010460,MH22 IF 3203,Hyundai Creta,3.6,5
DRV3561,Bakhshi Sangha,+912500778670,MH28 II 5208,WagonR,4.5,16
DRV3562,Vihaan Murthy,0912426015,MH42 OZ 9469,Tata Nexon,4.6,12
DRV3563,Tamanna Swamy,08120844211,MH49 FR 9501,Toyota Innova,4.7,2
DRV3564,Ryan Chaudry,8723975287,MH50 SC 5895,Maruti Ertiga,3.9,3
DRV3565,Ikshita Sen,+918074093777,MH40 CD 1131,Toyota Innova,4.9,12
DRV3566,Diya Andra,8441121124,MH29 GI 9640,Maruti Ertiga,4.1,15
DRV3567,Anya Wadhwa,1380707328,MH50 OQ 4613,Swift Dzire,3.6,17
DRV3568,Aryan Joshi,+912403830479,MH10 NG 5795,Hyundai Creta,4.7,1
DRV3569,Kala Vala,+917984044675,MH8 HW 9070,WagonR,4.0,10
DRV3570,Sarthak Parikh,+918826644383,MH31 OZ 5698,Toyota Innova,3.6,11
DRV3571,Chasmum Sidhu,4973271047,MH25 YI 0922,Tata Nexon,4.9,15
DRV3572,David Sandhu,1513780304,MH28 TR 6710,Toyota Innova,5.0,9
DRV3573,Upasna Memon,2262263812,MH21 IT 6928,Kia Seltos,4.6,1
DRV3574,Kala Panchal,+915867316829,MH25 TJ 7257,Maruti Ertiga,4.2,14
DRV3575,Gaurangi Parikh,6384108721,MH8 WW 6421,Toyota Innova,4.7,14
DRV3576,Eesha Chand,07729505913,MH44 PM 9283,Hyundai Creta,4.4,20
DRV3577,Vasatika Korpal,+910182921096,MH18 JG 0233,Kia Seltos,4.4,14
DRV3578,Bhanumati Krish,00977865237,MH8 OK 3842,Swift Dzire,4.2,20
DRV3579,Eta Choudhary,04329675094,MH37 NF 7312,Hyundai Creta,4.7,9
DRV3580,Chaaya Das,02349927555,MH12 FW 7489,Mahindra XUV700,4.0,13
DRV3581,Noah Bahri,0609759050,MH9 CI 9964,Honda City,3.8,2
DRV3582,Sara Morar,04849535361,MH16 BV 9161,Toyota Innova,4.3,7
DRV3583,Ekansh Mohan,09220422394,MH46 BB 0553,Toyota Innova,3.6,9
DRV3584,Inaya Deo,0685158963,MH39 SR 6136,Tata Nexon,4.4,19
DRV3585,Ekiya Wagle,01109425563,MH38 YX 4175,Kia Seltos,3.7,18
DRV3586,Vansha Dugal,01791394070,MH47 LR 0532,Hyundai Creta,4.5,2
DRV3587,Jatin Thakkar,+915322080534,MH14 JF 4972,Kia Seltos,4.7,15
DRV3588,Balveer Rana,00053780701,MH16 IQ 0644,Kia Seltos,3.9,5
DRV3589,Yashvi Lala,00539564491,MH29 GL 6537,Tata Nexon,4.2,5
DRV3590,Dakshesh Arora,5346526609,MH8 YM 1311,Mahindra XUV700,3.6,15
DRV3591,Faraj Mann,6166253107,MH32 RU 4293,Swift Dzire,4.8,9
DRV3592,Kashvi Bains,1654459113,MH17 FJ 0603,Tata Nexon,4.0,3
DRV3593,Abdul Pandya,09895762665,MH40 SU 9190,Maruti Ertiga,4.0,5
DRV3594,Qadim Swamy,04543008029,MH5 WR 8142,Kia Seltos,4.7,16
DRV3595,Varenya Nadig,08844349568,MH37 RY 5249,Toyota Innova,4.0,19
DRV3596,Sara Hegde,+915698149846,MH17 IZ 5729,Hyundai Creta,4.4,3
DRV3597,Jairaj Mukhopadhyay,+916890775477,MH40 EM 2811,Tata Nexon,4.6,2
DRV3598,Bhavika Jani,07741573126,MH23 JX 7914,Maruti Ertiga,3.7,20
DRV3599,Niharika Chacko,00986024598,MH21 AU 5869,WagonR,4.3,10
DRV3600,Tripti Kulkarni,08722110539,MH41 VK 3270,Hyundai i20,4.4,17
DRV3601,Samarth Korpal,+913538947105,MH49 CF 2878,Kia Seltos,4.6,18
DRV3602,Owen Bath,+913586344296,MH19 ZP 5224,Hyundai Creta,4.5,5
DRV3603,Naksh Bawa,01733146286,MH3 XT 8015,Honda City,3.9,18
DRV3604,Jeremiah Roy,03750587112,MH18 WX 3440,Tata Nexon,3.6,12
DRV3605,Baljiwan Mand,03393453939,MH21 CS 1546,Tata Nexon,4.0,8
DRV3606,Forum Bir,4279265587,MH38 ES 2988,Toyota Innova,4.9,16
DRV3607,Fiyaz Nayar,+917429919523,MH27 VA 6780,Mahindra XUV700,4.0,5
DRV3608,Agastya Kala,+917018009421,MH39 DP 3920,Hyundai i20,3.6,18
DRV3609,Charan Kapoor,02862974459,MH19 SH 3386,Toyota Innova,4.2,6
DRV3610,Sudiksha Mann,01238909126,MH1 JK 9867,Hyundai Creta,3.7,9
DRV3611,Jagat Maharaj,04966434765,MH41 SJ 2505,Hyundai Creta,3.9,2
DRV3612,Tanvi Bhandari,2396350681,MH18 QN 9929,Swift Dzire,4.6,6
DRV3613,Unnati Acharya,3971955936,MH23 OH 3431,Mahindra XUV700,3.6,3
DRV3614,Wazir Prabhu,1617416194,MH25 AQ 4655,WagonR,4.9,14
DRV3615,Ekalinga Seshadri,+914009560763,MH5 AD 2537,WagonR,4.8,13
DRV3616,Aradhana Tak,9209070784,MH28 LJ 3099,WagonR,4.0,6
DRV3617,Jai Bhakta,03962379982,MH40 EN 8178,Toyota Innova,3.6,11
DRV3618,Qadim Thakkar,7148809984,MH4 BA 1160,Hyundai i20,4.9,17
DRV3619,Aahana Chatterjee,05072038823,MH13 OS 7375,Toyota Innova,4.2,4
DRV3620,Baljiwan Walla,02101880035,MH50 ZS 5836,Tata Nexon,4.7,10
DRV3621,Edhitha Saraf,6482896270,MH43 JG 7010,Maruti Ertiga,3.5,7
DRV3622,Vanya Mittal,4279912490,MH47 SX 4362,Honda City,5.0,16
DRV3623,Tanveer Varughese,+914508888433,MH20 WH 3128,Kia Seltos,4.0,7
DRV3624,Alexander Shanker,8859582581,MH7 FU 5462,Hyundai i20,4.6,16
DRV3625,Yadavi Kapur,06784911859,MH32 YR 3361,Toyota Innova,3.8,12
DRV3626,Zehaan Kata,3709435304,MH30 QT 1152,Swift Dzire,3.5,2
DRV3627,Wishi Kulkarni,01757469437,MH18 PO 0579,Toyota Innova,4.6,12
DRV3628,Lopa Som,03753570478,MH17 FH 9328,Hyundai i20,3.7,7
DRV3629,Ranveer Nath,+913280397823,MH34 DW 8262,Toyota Innova,4.8,5
DRV3630,Maanas Ahluwalia,02951573181,MH44 FD 1287,Tata Nexon,3.8,14
DRV3631,Anvi Barad,0556418349,MH26 IM 8371,Maruti Ertiga,4.2,18
DRV3632,Neel Garde,+919577274332,MH8 QQ 7820,Hyundai i20,3.9,16
DRV3633,Omisha Sarna,08698629450,MH5 KX 9644,Mahindra XUV700,3.8,8
DRV3634,Aarav Vig,1843342300,MH13 WX 1250,WagonR,3.6,5
DRV3635,Anusha Krishnamurthy,5868098472,MH25 HI 2065,Swift Dzire,4.0,20
DRV3636,Janani Thaman,+911856602074,MH2 DU 5322,Hyundai i20,3.8,10
DRV3637,Dev Kannan,0693061778,MH42 VZ 3265,Swift Dzire,4.0,15
DRV3638,Bhanumati Merchant,+911061751955,MH17 KJ 0077,Toyota Innova,3.8,19
DRV3639,Qarin Comar,08318787680,MH39 JF 5873,Kia Seltos,4.8,17
DRV3640,Tristan Shanker,+918899205832,MH7 PW 0903,Honda City,4.8,16
DRV3641,Janya Dhar,00708288401,MH11 KO 4887,Swift Dzire,4.7,9
DRV3642,Ekalinga Gara,+914134851065,MH6 DO 3511,Honda City,3.9,2
DRV3643,Pratyush Wali,07997447385,MH49 IC 8131,Maruti Ertiga,4.4,17
DRV3644,Gauri Krishnamurthy,4633194076,MH10 GQ 8403,Hyundai Creta,4.3,14
DRV3645,Victor Khurana,+919646207912,MH3 DF 3293,Hyundai Creta,4.0,5
DRV3646,Fiyaz Dara,+919568351371,MH45 MQ 2196,Kia Seltos,5.0,13
DRV3647,Anika Vyas,8529750085,MH3 ND 0836,Tata Nexon,3.9,18
DRV3648,Nitesh Dhaliwal,+914808278081,MH43 KW 3343,WagonR,4.3,10
DRV3649,Rudra Cherian,+913569358751,MH27 EO 9031,Hyundai Creta,4.6,1
DRV3650,Unni Rau,+912855128520,MH1 JC 9361,WagonR,3.9,12
DRV3651,Frado Radhakrishnan,+910327087510,MH45 EZ 5504,Tata Nexon,3.5,9
DRV3652,Abhimanyu Zachariah,5741889262,MH20 ZN 4986,Mahindra XUV700,3.8,17
DRV3653,Veda Palla,7388488647,MH41 NP 7276,Maruti Ertiga,4.2,10
DRV3654,Udant Khosla,6021740873,MH3 QB 0065,Honda City,4.0,16
DRV3655,Benjamin Dayal,06018785432,MH8 BR 6618,Swift Dzire,4.4,16
DRV3656,Yamini Sarraf,+919477055196,MH16 MU 7056,Mahindra XUV700,5.0,2
DRV3657,Dev Varty,9085110406,MH5 AJ 2897,Kia Seltos,4.5,7
DRV3658,Osha Karnik,0728237432,MH10 OU 0222,Honda City,4.1,18
DRV3659,Eshana Raj,4510081941,MH40 TL 8144,Toyota Innova,3.7,19
DRV3660,Kamala Nadig,9712045430,MH3 MV 8371,Hyundai i20,4.8,8
DRV3661,Orinder Bhatti,+915978468743,MH35 VU 7607,Honda City,4.6,8
DRV3662,Aryan Manda,06564961304,MH36 JS 0155,Maruti Ertiga,4.8,1
DRV3663,Mitesh Lal,6879570642,MH33 VH 6199,Swift Dzire,3.6,12
DRV3664,Nidra Lata,01545957413,MH46 BX 4052,Mahindra XUV700,4.8,10
DRV3665,Jagvi Kala,05603115172,MH15 MM 6953,Toyota Innova,4.2,1
DRV3666,Daksha Nadig,9094100600,MH2 ZI 4398,Kia Seltos,3.8,19
DRV3667,Tanish Dhar,+911386002393,MH20 FC 9291,Hyundai Creta,4.9,18
DRV3668,Yashodhara Modi,4328823314,MH10 SM 8807,Swift Dzire,3.6,19
DRV3669,Netra Deshpande,6057565862,MH4 HX 8683,Maruti Ertiga,4.8,15
DRV3670,Gaurangi Bobal,03734981570,MH31 DQ 4751,Tata Nexon,4.0,9
DRV3671,Girik Nagi,0519279333,MH46 OJ 3784,Hyundai Creta,4.4,10
DRV3672,Aradhana Dhaliwal,1808130272,MH38 FA 3081,Hyundai Creta,3.7,11
DRV3673,Ishita Joshi,1574771540,MH36 ZW 8022,Hyundai i20,4.2,11
DRV3674,Aarna Raval,+913778169278,MH4 VA 4742,Hyundai Creta,4.8,7
DRV3675,Vrinda Goel,1285661776,MH44 MI 4716,Hyundai i20,4.9,17
DRV3676,Gabriel Jayaraman,04708891704,MH31 TA 2338,Swift Dzire,5.0,12
DRV3677,Arunima Bava,00429602439,MH1 YF 0815,Swift Dzire,4.7,11
DRV3678,Liam Mohanty,+919767725481,MH29 TL 4515,Mahindra XUV700,4.6,2
DRV3679,Dhriti Pandit,+918692447819,MH40 NK 4812,Hyundai i20,4.5,7
DRV3680,Varsha Edwin,1121586193,MH45 HF 5261,Hyundai Creta,4.4,5
DRV3681,Rushil Narayan,+914268877214,MH31 NR 9419,Toyota Innova,4.0,12
DRV3682,Hema Samra,04736187036,MH23 JI 5691,Kia Seltos,4.1,15
DRV3683,Janaki Sunder,9067496274,MH45 WY 8076,Mahindra XUV700,3.9,16
DRV3684,Ekantika Arora,+918469881737,MH25 GY 9166,Kia Seltos,3.8,19
DRV3685,Aarini Barman,+910561088477,MH3 NC 7840,Mahindra XUV700,4.3,18
DRV3686,Upadhriti Das,+913709248305,MH3 MI 9429,Honda City,3.8,19
DRV3687,Nitara Deep,03622030130,MH9 ED 8867,Swift Dzire,4.2,7
DRV3688,Omisha Sahota,7001080886,MH40 CX 2494,Honda City,4.4,1
DRV3689,Pahal Bhatti,07789422025,MH31 VN 2378,WagonR,4.7,1
DRV3690,Eta Kurian,9447221227,MH6 CE 6882,Swift Dzire,4.7,4
DRV3691,Avi Samra,+910712296908,MH10 TV 2315,Mahindra XUV700,4.8,14
DRV3692,Yahvi Parsa,06056716702,MH50 LQ 0865,Hyundai Creta,4.2,20
DRV3693,Ganga Vala,5167046668,MH49 PH 2430,Kia Seltos,3.9,4
DRV3694,Balveer Saini,+913564296949,MH30 HQ 0830,Toyota Innova,4.4,18
DRV3695,Unnati Bhattacharyya,02168685363,MH27 YB 4591,Maruti Ertiga,4.9,14
DRV3696,Jagvi Deshmukh,4689814231,MH38 WS 4893,Hyundai Creta,3.9,17
DRV3697,Vasatika Narasimhan,+912806400697,MH6 JM 9210,Honda City,5.0,5
DRV3698,Radhika Narayanan,+917625684683,MH7 RY 9834,Honda City,4.6,6
DRV3699,Chakrika Choudhry,8744231478,MH32 EX 0253,Tata Nexon,4.5,13
DRV3700,Lajita Thakur,7510382078,MH46 GK 9622,Hyundai Creta,4.1,11
DRV3701,Aradhana Nagi,+914841734831,MH23 YY 9671,Maruti Ertiga,4.1,2
DRV3702,Robert Bahl,+919393630614,MH16 AD 1598,WagonR,4.7,2
DRV3703,Abeer Bail,8549789179,MH16 OL 0208,Mahindra XUV700,3.6,17
DRV3704,Falak Ranganathan,+911454337203,MH32 QD 5224,Hyundai Creta,4.7,4
DRV3705,Qabil Murthy,09586436435,MH50 RE 8095,Tata Nexon,4.9,4
DRV3706,Anita Sant,04045729815,MH5 TW 2009,Kia Seltos,4.1,20
DRV3707,Aradhana Sarma,8747981083,MH19 SG 2737,Maruti Ertiga,4.8,16
DRV3708,Zaitra Mital,4072972412,MH2 YH 6578,Hyundai Creta,4.8,13
DRV3709,Upasna Munshi,4067569834,MH50 UA 5967,Toyota Innova,3.6,14
DRV3710,Nilima Srinivasan,+918325923159,MH23 ML 8495,Kia Seltos,4.9,13
DRV3711,Saksham Pillay,9776785835,MH50 TC 5598,Mahindra XUV700,3.6,6
DRV3712,Nikita Shah,05827281975,MH3 DR 1319,Tata Nexon,4.8,12
DRV3713,Robert Dewan,06521267906,MH11 QY 9740,Mahindra XUV700,4.9,1
DRV3714,Dhruv Kakar,7903332194,MH26 AP 4549,Toyota Innova,3.9,8
DRV3715,Dhruv Rajan,3929170885,MH17 AA 3299,Tata Nexon,4.2,10
DRV3716,Varenya Bhatia,7300032598,MH38 JB 1415,Mahindra XUV700,4.1,20
DRV3717,Bhanumati Arya,04139622149,MH29 YE 6386,Hyundai Creta,4.5,3
DRV3718,Nilima Menon,+918148683888,MH26 PS 5974,Swift Dzire,3.7,13
DRV3719,Damini Nadkarni,09718195875,MH45 AI 2796,Tata Nexon,4.5,15
DRV3720,Elijah Chad,+911229380431,MH24 LJ 2967,Toyota Innova,4.7,11
DRV3721,Netra Soni,4466837678,MH42 KH 0389,Swift Dzire,4.8,6
DRV3722,Avi Gaba,09937572704,MH43 VR 7910,Maruti Ertiga,3.9,3
DRV3723,Bina Subramanian,01408182021,MH20 OA 4791,Hyundai Creta,4.4,10
DRV3724,Tristan Murty,5385856882,MH17 QM 9502,Kia Seltos,4.2,10
DRV3725,Vamakshi Virk,+914354978896,MH26 BV 4095,WagonR,4.8,16
DRV3726,Wahab Balasubramanian,07096246824,MH43 AD 9121,WagonR,4.5,13
DRV3727,Yuvraj Sha,+911927151464,MH50 IB 0958,Hyundai i20,4.8,5
DRV3728,Raagini Toor,5789169470,MH41 UL 6944,Mahindra XUV700,4.3,4
DRV3729,Rachita Dara,8313658287,MH50 MY 7610,Maruti Ertiga,4.9,18
DRV3730,Hema Seth,4802304188,MH6 US 3385,Kia Seltos,3.9,2
DRV3731,Riya Gopal,1442833108,MH24 WA 7199,Honda City,3.8,4
DRV3732,Chaaya Vig,09383365628,MH20 CU 1978,Maruti Ertiga,4.3,7
DRV3733,Dominic Ramanathan,0460236008,MH28 NH 3918,Mahindra XUV700,3.6,19
DRV3734,Abhimanyu Mand,09380724781,MH24 TN 4018,Tata Nexon,4.9,9
DRV3735,Hemal Atwal,+918460161990,MH30 JP 1008,Maruti Ertiga,4.6,12
DRV3736,Madhav Krish,05985599113,MH25 NH 0618,Toyota Innova,4.9,11
DRV3737,Owen Luthra,7431556984,MH16 MS 7457,Hyundai i20,4.9,10
DRV3738,Lajita Gulati,+915513453768,MH10 JJ 6333,Kia Seltos,4.5,15
DRV3739,Saksham Chaudhuri,07660657064,MH2 DS 6452,Honda City,4.2,4
DRV3740,Bhavini Sanghvi,+911810088198,MH33 SW 9470,Tata Nexon,4.6,8
DRV3741,Theodore Datta,03671458993,MH47 ST 3975,Hyundai Creta,4.6,1
DRV3742,Upma Pal,05894605126,MH10 FY 0026,Honda City,3.6,12
DRV3743,Ubika Sarma,9784846294,MH38 CV 9016,Honda City,4.7,14
DRV3744,Xavier Mishra,09767426798,MH32 RC 6461,Mahindra XUV700,3.9,20
DRV3745,David Trivedi,+913482810150,MH41 EF 4903,Hyundai i20,4.0,12
DRV3746,Warinder Mand,+919498805469,MH27 PG 0850,Hyundai Creta,4.2,10
DRV3747,Azaan Kulkarni,03562343573,MH4 LM 7413,Swift Dzire,4.9,15
DRV3748,George Ray,+914999987263,MH2 IE 1292,Toyota Innova,4.0,8
DRV3749,Samuel Sani,+919416504117,MH25 VR 7001,WagonR,4.1,7
DRV3750,Pahal Badami,02653861762,MH27 CE 8042,Mahindra XUV700,4.0,18
DRV3751,Oliver Gandhi,+915902369524,MH7 RX 0378,Toyota Innova,4.2,14
DRV3752,Isaac Lad,+915986772041,MH49 UQ 4961,Toyota Innova,4.1,16
DRV3753,Turvi Vala,3634957362,MH36 ZO 8407,Mahindra XUV700,3.9,4
DRV3754,Kalpit Jani,+916195342053,MH47 AJ 7075,Hyundai i20,4.9,4
DRV3755,Xalak Ranganathan,4112132258,MH4 BL 6833,Kia Seltos,4.6,19
DRV3756,Kashish Rastogi,1851326720,MH48 ZD 1917,Toyota Innova,4.6,10
DRV3757,Edhitha Majumdar,+911493631572,MH20 VT 9886,Swift Dzire,4.4,5
DRV3758,Ojas Arora,4465320505,MH37 BY 1931,WagonR,4.2,12
DRV3759,Liam Sha,+912539640084,MH31 OI 5649,Kia Seltos,4.3,11
DRV3760,Chandani Dani,05840301985,MH1 AO 1739,Honda City,3.5,11
DRV3761,Prisha De,0879152349,MH6 CZ 4521,Honda City,3.5,4
DRV3762,Kai Kadakia,3988901391,MH34 CO 3540,Honda City,3.6,17
DRV3763,Fariq Banik,7714639255,MH10 YK 6524,Hyundai i20,3.9,15
DRV3764,Lopa Nayak,07959351401,MH7 CC 5823,Tata Nexon,4.2,8
DRV3765,Vasatika Sehgal,05823893468,MH6 RK 0799,Toyota Innova,4.1,16
DRV3766,Dhruv Warrior,06526715371,MH44 CH 6793,Hyundai i20,4.4,7
DRV3767,Eiravati Sankaran,+912962218304,MH9 OH 8448,Kia Seltos,3.6,18
DRV3768,Ikbal Srinivas,9889590317,MH12 JV 8488,Mahindra XUV700,4.1,18
DRV3769,Samuel Wali,03551414404,MH29 OI 3239,Hyundai i20,4.6,11
DRV3770,Hemang Manda,0216768692,MH5 GX 3890,Honda City,4.0,17
DRV3771,Netra Gopal,7526498777,MH5 RY 3475,Tata Nexon,3.6,4
DRV3772,Manthan Bora,8672026909,MH30 NY 6014,Kia Seltos,4.8,9
DRV3773,Gaurang Jhaveri,04244201066,MH1 YG 3303,Tata Nexon,4.2,11
DRV3774,Faras Din,+918828343451,MH50 LW 5479,WagonR,4.8,13
DRV3775,Anita Suresh,5786838907,MH40 EW 1298,Kia Seltos,4.2,1
DRV3776,Ira Rana,07156809305,MH13 AS 8355,Swift Dzire,4.0,17
DRV3777,Sai Sachdev,+911405133369,MH25 QK 1701,Kia Seltos,3.5,1
DRV3778,Jagvi Dutt,+914700314385,MH30 HA 4108,Hyundai Creta,4.3,4
DRV3779,Suhani Peri,+919997615135,MH19 XF 4253,Mahindra XUV700,3.6,1
DRV3780,Vrinda Parekh,+912463601778,MH45 ZF 7562,Toyota Innova,4.2,9
DRV3781,Sai Boase,+911924448833,MH11 XX 5386,WagonR,4.2,4
DRV3782,Chameli Raghavan,+918479517792,MH20 UH 9778,Swift Dzire,4.8,19
DRV3783,Nidra Sridhar,+915167797375,MH9 YL 3726,Hyundai i20,3.6,10
DRV3784,Madhavi Sarna,0078667107,MH1 EJ 7363,Mahindra XUV700,4.8,18
DRV3785,Harrison Sachdev,4901555859,MH11 MS 1019,WagonR,4.3,4
DRV3786,Pranav Ghose,08018646391,MH30 XN 9062,Hyundai i20,4.7,1
DRV3787,Dominic Andra,2850175816,MH7 XM 5842,Kia Seltos,4.7,4
DRV3788,Ryan Menon,8883749381,MH32 KL 6735,Swift Dzire,3.9,1
DRV3789,Lipika Magar,03799974860,MH32 HA 3142,Mahindra XUV700,4.2,16
DRV3790,Oliver Handa,0250615210,MH49 PI 2647,Maruti Ertiga,4.8,9
DRV3791,Azaan Sami,5560430231,MH39 NQ 5339,WagonR,3.8,2
DRV3792,Devika Dubey,+917780822933,MH15 TP 3905,Honda City,4.0,13
DRV3793,Vrinda Arya,+916331389446,MH26 IH 4385,Hyundai i20,4.1,6
DRV3794,Rajata Srinivas,01244483205,MH37 MH 3059,Kia Seltos,4.1,14
DRV3795,Damini Sangha,+912472307847,MH39 LL 2159,Hyundai Creta,4.1,7
DRV3796,Zehaan Barman,+912713220955,MH12 CV 2272,Hyundai i20,5.0,18
DRV3797,Zayyan Yohannan,+917547583812,MH16 HI 3976,Tata Nexon,3.7,11
DRV3798,Janaki Bala,+910049842900,MH40 BV 5505,Hyundai Creta,4.8,19
DRV3799,Sarthak Sachdev,07870359110,MH32 YT 5260,Maruti Ertiga,4.7,2
DRV3800,Deepa Deshpande,04139513188,MH45 RJ 0989,Mahindra XUV700,4.4,8
DRV3801,Sanaya Bir,07037124293,MH12 UX 3886,Mahindra XUV700,4.4,13
DRV3802,Umang Arora,9129498137,MH1 QC 3836,Tata Nexon,3.5,7
DRV3803,Amruta Konda,03716451428,MH4 WA 5072,Tata Nexon,4.5,19
DRV3804,Ubika Uppal,4584061558,MH1 GI 8142,Maruti Ertiga,4.2,11
DRV3805,Neelima Bhavsar,04047499055,MH5 EO 1602,Maruti Ertiga,4.5,5
DRV3806,Meera Reddy,0168083999,MH1 AU 1970,WagonR,3.8,11
DRV3807,Zayan Madan,08781109876,MH35 QI 3754,Tata Nexon,4.8,6
DRV3808,Indali Lala,00069780995,MH18 NL 7515,Mahindra XUV700,3.7,14
DRV3809,Yachana Bajwa,07051194424,MH37 UA 6754,Kia Seltos,4.3,10
DRV3810,Widisha Shere,+915763341889,MH26 YZ 5314,Honda City,4.8,1
DRV3811,Naksh Narula,03260395800,MH8 OJ 2798,Hyundai i20,4.8,9
DRV3812,Yasti Pillay,2607990714,MH9 XR 0462,Mahindra XUV700,4.4,15
DRV3813,Kritika Wable,0704983030,MH44 FY 0004,Maruti Ertiga,3.6,19
DRV3814,Radhika Kaul,7905070578,MH39 HI 9642,Mahindra XUV700,3.8,20
DRV3815,Sathvik Dyal,9588358862,MH45 HC 1940,Tata Nexon,4.6,18
DRV3816,Anjali Mody,8788035668,MH28 QC 4395,Swift Dzire,3.5,2
DRV3817,Ansh Jayaraman,+918853512601,MH10 IN 2497,WagonR,5.0,5
DRV3818,Hredhaan Chaudhuri,2598624471,MH27 NP 9955,Swift Dzire,3.8,19
DRV3819,Qabil Dugal,07395282505,MH40 SB 0265,Mahindra XUV700,4.7,4
DRV3820,Rayaan Karnik,+915789908954,MH15 RX 3344,WagonR,4.5,17
DRV3821,Anita Roy,6961573767,MH21 BC 0842,Maruti Ertiga,3.6,15
DRV3822,Gautami Chakraborty,02463689173,MH16 XQ 1214,Swift Dzire,4.2,6
DRV3823,Chandani Baral,9578082665,MH14 YD 9551,Kia Seltos,3.7,13
DRV3824,Omaja Nanda,+917677046538,MH4 DU 3853,Honda City,4.7,19
DRV3825,Vasana Dubey,02383814240,MH27 UF 9368,Mahindra XUV700,4.9,11
DRV3826,Varsha Dhaliwal,+918689317770,MH18 DI 4559,Honda City,5.0,15
DRV3827,Praneel Sule,06733957430,MH43 JG 4248,Maruti Ertiga,4.1,17
DRV3828,Frado Atwal,07759918641,MH40 MS 6092,Hyundai Creta,3.5,18
DRV3829,Triveni Varma,03803977177,MH20 TT 1203,Tata Nexon,4.6,6
DRV3830,Niharika Guha,02677109581,MH42 JG 9674,Toyota Innova,4.1,6
DRV3831,Nikita Manda,+919990366255,MH23 IX 0798,WagonR,3.7,1
DRV3832,Harinakshi Divan,06854762409,MH45 DP 0787,Tata Nexon,3.6,8
DRV3833,Ayush Korpal,01868350468,MH16 PR 0551,Toyota Innova,4.0,16
DRV3834,Tristan Mandal,+917211912240,MH20 TZ 8760,Mahindra XUV700,3.6,4
DRV3835,Xiti Thakur,01649762556,MH24 RR 5141,Maruti Ertiga,4.6,19
DRV3836,Harinakshi Palan,+916646519321,MH19 QO 2535,Mahindra XUV700,5.0,19
DRV3837,Jeet Narain,09873606330,MH5 XP 5811,Kia Seltos,3.5,7
DRV3838,Kamya Johal,05118534569,MH5 EJ 3311,Mahindra XUV700,4.2,15
DRV3839,Yashasvi Bora,+914639310152,MH35 UR 8354,Hyundai i20,4.9,3
DRV3840,Balendra Manda,+913450365346,MH1 VR 9724,Hyundai i20,4.3,3
DRV3841,Fitan Singhal,+917342469076,MH3 CH 5278,Honda City,4.8,19
DRV3842,Riya Soni,02755161735,MH16 FY 7738,Swift Dzire,3.8,10
DRV3843,Yashasvi Anand,1604893699,MH34 JX 0853,Toyota Innova,4.7,2
DRV3844,Yashvi Goel,+915036610570,MH47 RE 0313,Toyota Innova,4.2,8
DRV3845,Abhimanyu Baral,07629764145,MH45 WO 9713,Tata Nexon,4.6,19
DRV3846,Eshana Agarwal,00372099990,MH20 NZ 5187,Swift Dzire,3.6,7
DRV3847,Laksh Hayer,3355633375,MH45 ND 3729,Kia Seltos,4.2,6
DRV3848,Barkha Ratti,05934421177,MH23 JY 2372,Hyundai i20,4.1,16
DRV3849,Ijaya Pall,01566252274,MH41 YL 5664,Tata Nexon,4.4,11
DRV3850,Irya Chakraborty,08772607671,MH40 SR 1256,Swift Dzire,3.7,13
DRV3851,Yauvani Narang,05688142697,MH5 CN 6409,Toyota Innova,3.6,20
DRV3852,Chakradhar Mukherjee,00449750688,MH22 QZ 2177,Tata Nexon,4.7,15
DRV3853,Liam Atwal,6947969339,MH13 ZS 6818,Kia Seltos,3.5,17
DRV3854,Akshay Sule,0045511030,MH29 FQ 5815,Maruti Ertiga,3.9,11
DRV3855,Nikita Pradhan,+911067376579,MH28 NH 5116,Toyota Innova,4.0,17
DRV3856,Upasna Sethi,+911598971835,MH49 HS 7078,Tata Nexon,4.0,5
DRV3857,Harita Pandya,+912157064238,MH2 QL 7573,Swift Dzire,4.6,5
DRV3858,Noah Narang,8169011516,MH4 BO 1526,WagonR,3.7,4
DRV3859,Reva Bali,05143372628,MH26 PN 5478,Maruti Ertiga,4.5,14
DRV3860,Jeevika Karnik,06336729583,MH5 BK 1062,Maruti Ertiga,4.9,10
DRV3861,Jagvi Vora,4288836630,MH16 DK 2071,Hyundai i20,4.2,9
DRV3862,Faqid Chaudhuri,6938727754,MH33 WN 9763,Swift Dzire,3.9,6
DRV3863,Rohan Uppal,02825888596,MH13 VZ 7940,Mahindra XUV700,3.6,12
DRV3864,Aarush Palan,06122966924,MH50 XD 2839,Maruti Ertiga,4.5,5
DRV3865,Adweta Rege,+914090516196,MH19 XS 9531,Hyundai Creta,3.7,20
DRV3866,Ganga Sem,7104156966,MH21 XT 6628,Maruti Ertiga,3.6,7
DRV3867,Viraj Rai,+918568622028,MH48 FN 4263,Maruti Ertiga,4.5,18
DRV3868,Chanakya Rastogi,+916574297714,MH13 KY 1923,Swift Dzire,4.1,14
DRV3869,Yoshita Chaudry,3327444532,MH23 GS 7961,Hyundai Creta,4.2,6
DRV3870,Tripti Taneja,06702256135,MH3 SE 7889,Toyota Innova,3.6,4
DRV3871,Nathaniel Raman,05775780498,MH37 IM 5871,Toyota Innova,4.2,1
DRV3872,Idika Rana,02647803784,MH48 XW 7142,Maruti Ertiga,4.7,8
DRV3873,Aachal Sharaf,+912418223165,MH6 GX 9617,Honda City,4.7,15
DRV3874,Hemani Jayaraman,03314464553,MH25 DJ 4430,Toyota Innova,4.5,17
DRV3875,Bhavna Vig,+912448721036,MH46 LO 3748,Swift Dzire,5.0,10
DRV3876,Balvan More,1912138721,MH30 DU 5204,Tata Nexon,4.4,15
DRV3877,Devansh Tank,+917608523019,MH7 WO 5063,Hyundai i20,4.7,12
DRV3878,Chatura Toor,+911860162183,MH3 KW 6754,Tata Nexon,3.6,5
DRV3879,Ronith Dhar,2615214072,MH32 GA 2241,Tata Nexon,3.6,1
DRV3880,Yatan Sathe,08694100721,MH13 PP 3607,Mahindra XUV700,4.8,4
DRV3881,Ishaan Kota,3905123402,MH30 UG 3231,Honda City,4.8,11
DRV3882,Manthan Nayak,+917104641834,MH17 BQ 4523,Honda City,3.7,11
DRV3883,Andrew Som,9869696815,MH7 AF 3679,Maruti Ertiga,4.9,8
DRV3884,Oscar Patel,5614865030,MH10 IU 4127,Swift Dzire,4.2,16
DRV3885,Anirudh Talwar,+914494537797,MH1 UQ 7657,Hyundai i20,4.5,8
DRV3886,Aahana Deshmukh,+915963178482,MH27 OU 5118,Hyundai i20,4.6,1
DRV3887,Imaran Deshmukh,+912978059765,MH48 VY 7522,Hyundai Creta,4.2,16
DRV3888,Pooja Goel,+916679106868,MH9 IW 8959,WagonR,4.9,17
DRV3889,Forum Kar,+911730378286,MH50 GD 8713,Mahindra XUV700,3.9,18
DRV3890,Lila Sangha,04007874803,MH40 BK 4039,Toyota Innova,4.3,20
DRV3891,Sneha Thakkar,2495153771,MH41 JL 5956,Honda City,4.4,9
DRV3892,Turvi Peri,2161026314,MH21 KY 3731,Toyota Innova,4.2,3
DRV3893,Arin Agarwal,4841302458,MH35 GG 9488,Kia Seltos,4.1,5
DRV3894,Bhavika Hegde,+911835856919,MH5 GZ 0015,Kia Seltos,4.0,5
DRV3895,Luke Gopal,07090987908,MH33 QC 7116,Mahindra XUV700,4.6,4
DRV3896,Forum Saxena,2506357237,MH26 GE 7014,Hyundai i20,4.3,14
DRV3897,Janya Jain,07827534202,MH12 VF 0305,Maruti Ertiga,4.7,3
DRV3898,Wriddhish Borra,00921734740,MH35 LS 1687,Honda City,4.0,17
DRV3899,Finn Iyengar,5749985934,MH31 JX 0395,Mahindra XUV700,4.6,13
DRV3900,Qasim Kamdar,5174481471,MH10 NH 5216,Honda City,4.2,17
DRV3901,Finn Cherian,08158970351,MH19 FT 7843,Tata Nexon,4.5,3
DRV3902,Shaurya Vasa,09769046401,MH9 RB 4695,Tata Nexon,4.9,11
DRV3903,Abhiram Khatri,+910467460149,MH13 IW 2271,Tata Nexon,3.6,4
DRV3904,Vedhika Agate,+911294965268,MH9 VP 3004,Swift Dzire,4.6,9
DRV3905,Ayush Bhatia,9654903813,MH14 SN 6301,Maruti Ertiga,3.6,17
DRV3906,Aishani Verma,05432850104,MH34 JJ 2081,Honda City,5.0,9
DRV3907,Anirudh Sachdev,+912221176248,MH9 KR 9833,Hyundai i20,3.8,17
DRV3908,Azad Borra,5594239977,MH13 SX 0890,Swift Dzire,4.7,1
DRV3909,Yagnesh Chana,1171046073,MH43 CI 3384,Hyundai Creta,4.9,15
DRV3910,Rohan Rout,00972505748,MH12 ML 4052,Maruti Ertiga,3.8,14
DRV3911,Vyanjana Aggarwal,09947251516,MH5 AD 2537,Toyota Innova,4.7,4
DRV3912,Indira Bhatti,+919403985439,MH50 UO 0805,WagonR,4.0,7
DRV3913,Ira Natt,+918645336410,MH4 QL 2779,Hyundai i20,4.9,10
DRV3914,Turvi Mishra,8628509760,MH32 LI 4507,WagonR,4.8,3
DRV3915,Ekaja Sahota,+911692469832,MH2 RF 5851,Hyundai i20,3.8,12
DRV3916,Omaja Pau,9266563879,MH15 MT 8953,Maruti Ertiga,3.7,14
DRV3917,Oscar Ramachandran,+912293860277,MH42 SQ 4360,Hyundai i20,4.9,14
DRV3918,Falan Bhardwaj,+918227830181,MH35 AW 0241,Kia Seltos,4.4,19
DRV3919,Agastya Talwar,2223586380,MH47 RN 2655,Kia Seltos,4.9,10
DRV3920,Tanveer Parsa,+913347094895,MH29 SG 3488,Kia Seltos,4.5,5
DRV3921,Pratyush Bhardwaj,2636236813,MH37 ZH 4781,Toyota Innova,3.6,13
DRV3922,Januja Dua,+919523509783,MH31 RK 5697,WagonR,4.6,16
DRV3923,Rachita Om,+916341879167,MH4 YY 7728,Tata Nexon,4.3,5
DRV3924,Faraj Khatri,5105739922,MH39 QJ 5864,Hyundai i20,4.9,8
DRV3925,Yuvraj Dutt,9653360358,MH4 OH 6273,Hyundai Creta,4.4,3
DRV3926,Chaitaly Lata,4665648100,MH30 WL 0411,WagonR,4.2,11
DRV3927,Chanchal Kant,+915819281306,MH24 LO 2786,Swift Dzire,4.4,4
DRV3928,Baljiwan Date,02949120164,MH6 VR 9383,Tata Nexon,3.6,15
DRV3929,Aarini Rattan,+917350470731,MH48 ZJ 9277,Hyundai Creta,3.9,8
DRV3930,Triya Balay,+910727743611,MH36 GC 4034,Honda City,3.5,6
DRV3931,Yauvani Dhingra,1049354798,MH10 FC 7846,WagonR,4.8,17
DRV3932,Dakshesh Swaminathan,7851145382,MH27 ML 5548,Hyundai i20,4.2,14
DRV3933,Ishita Suri,6292212240,MH33 BZ 3940,Swift Dzire,3.7,13
DRV3934,Manbir More,05022683298,MH29 QG 5922,Hyundai i20,4.8,1
DRV3935,Waida Balakrishnan,9423783125,MH11 AR 4384,Swift Dzire,3.5,19
DRV3936,Pranav Ramaswamy,09393874169,MH33 BZ 3337,Hyundai Creta,4.5,15
DRV3937,Kavya Mistry,04817176269,MH36 UO 5285,Hyundai i20,4.2,15
DRV3938,Hemani Seth,2974878759,MH43 YL 5919,Toyota Innova,4.7,4
DRV3939,Yoshita Lala,1388777490,MH29 AL 0245,Hyundai Creta,4.8,8
DRV3940,Jeremiah Khosla,9054487775,MH29 GI 9640,Kia Seltos,4.4,19
DRV3941,Hitesh Bassi,+912363432519,MH15 GI 6209,Tata Nexon,3.9,1
DRV3942,Timothy Datta,00652202685,MH13 BD 3252,Mahindra XUV700,4.6,3
DRV3943,Ishwar Padmanabhan,+917961461773,MH29 JS 2118,Kia Seltos,4.1,10
DRV3944,Ayushman Saini,4504640184,MH20 BT 1059,Maruti Ertiga,3.7,11
DRV3945,Samuel Natt,+911430381724,MH7 NM 7826,Hyundai Creta,3.8,18
DRV3946,Lohit Mutti,+913505773921,MH5 XU 7436,Hyundai i20,3.9,20
DRV3947,Omkaar Padmanabhan,01120297108,MH31 GV 0989,Toyota Innova,4.7,20
DRV3948,Ladli Chaudry,07537662538,MH14 PJ 4173,Swift Dzire,3.5,8
DRV3949,Chandran Gola,3355365073,MH23 VV 2556,Tata Nexon,4.1,5
DRV3950,Jagat Garde,+915849831333,MH11 FV 8987,Mahindra XUV700,4.6,14
DRV3951,Veda Lad,7140671937,MH42 XW 9433,Swift Dzire,4.1,6
DRV3952,Jeevika Apte,4372019262,MH3 YA 1190,Mahindra XUV700,4.2,10
DRV3953,Rayaan Khurana,02858888450,MH37 VD 2633,Mahindra XUV700,4.4,12
DRV3954,Gabriel Vora,+915833648032,MH37 DJ 2785,Tata Nexon,3.5,10
DRV3955,Rohan Dhawan,00715687030,MH34 UI 4678,Kia Seltos,3.8,20
DRV3956,Wyatt Nanda,3959860756,MH10 ZI 2706,Honda City,4.9,6
DRV3957,Zaid Joshi,+916245804500,MH25 TG 5398,Swift Dzire,3.5,19
DRV3958,Gautami Badal,07964503963,MH40 NM 7824,Kia Seltos,3.9,7
DRV3959,Yochana Gandhi,+916434968595,MH13 IF 7126,Mahindra XUV700,4.1,9
DRV3960,Niharika Badal,8548364360,MH27 OS 9570,Tata Nexon,3.8,13
DRV3961,Darpan Kurian,+919828942613,MH36 ZA 7228,Honda City,4.9,11
DRV3962,Jacob Chana,8074209978,MH30 WJ 0497,Hyundai Creta,3.9,16
DRV3963,Nandini Khalsa,+917164427052,MH49 KP 0439,Mahindra XUV700,4.9,9
DRV3964,Aarini Ratta,+916813443345,MH11 ZL 9647,Tata Nexon,4.0,9
DRV3965,Wakeeta Savant,2193674983,MH14 YK 2427,Swift Dzire,3.9,6
DRV3966,Vedant Walla,2998983304,MH39 HI 9642,WagonR,4.1,2
DRV3967,Bimala Pillay,5571316598,MH16 BZ 1754,Hyundai Creta,4.5,20
DRV3968,Zaitra Reddy,9353167934,MH20 KZ 3080,Kia Seltos,3.8,6
DRV3969,Widisha Kala,8992327657,MH19 VC 4576,Hyundai i20,4.3,18
DRV3970,Tanish Kala,+916463409004,MH13 GI 2957,Kia Seltos,3.7,11
DRV3971,Vivaan Talwar,2493351399,MH38 QF 2646,Kia Seltos,4.8,14
DRV3972,Kevin Chadha,2100838581,MH32 ZG 9098,Tata Nexon,4.4,18
DRV3973,Jalsa Banerjee,08179443193,MH22 DQ 1114,Swift Dzire,3.6,19
DRV3974,Qushi Sampath,7308400361,MH26 EW 0455,Mahindra XUV700,4.5,15
DRV3975,Champak Karnik,+917306283129,MH20 QX 6889,Kia Seltos,3.6,10
DRV3976,Nirja Kale,00634960557,MH40 JI 1200,Hyundai Creta,3.6,18
DRV3977,Agastya Chawla,01164909614,MH16 XF 0118,Mahindra XUV700,4.7,9
DRV3978,Urvashi Gandhi,09230231872,MH10 ED 9209,Hyundai Creta,4.1,8
DRV3979,Chaaya Ranganathan,09103396321,MH9 QG 2990,Hyundai i20,3.7,12
DRV3980,Amol Chaudhary,+912701853071,MH40 DA 2672,Hyundai i20,4.9,19
DRV3981,Zansi Oommen,+911929580074,MH2 HY 4661,Hyundai Creta,4.1,14
DRV3982,Hemangini Bahri,08611804549,MH19 QA 3691,Kia Seltos,4.6,19
DRV3983,Shravya Tandon,+916762209540,MH14 UQ 4985,Kia Seltos,3.5,1
DRV3984,Lucky Raju,06144660176,MH18 QW 8454,Tata Nexon,4.9,20
DRV3985,Lajita Shetty,7568151697,MH2 CI 8652,Tata Nexon,4.7,10
DRV3986,Jyoti Ranganathan,1904148327,MH26 RX 4409,Hyundai i20,4.6,12
DRV3987,Riya Bhavsar,+910847229674,MH33 VJ 4497,Tata Nexon,3.5,11
DRV3988,Orinder Kadakia,05024710077,MH16 TA 8386,Honda City,4.0,1
DRV3989,Qabil Shukla,06809219777,MH45 BR 5720,Mahindra XUV700,3.6,14
DRV3990,Veer Munshi,08222073290,MH25 QD 3051,Honda City,4.7,1
DRV3991,Logan Uppal,+915559411183,MH3 IG 5230,Toyota Innova,4.0,19
DRV3992,Bhavini Kalita,4676529247,MH27 PQ 6391,Tata Nexon,4.1,7
DRV3993,Jeet Hans,04261980575,MH50 UI 5502,Tata Nexon,4.4,4
DRV3994,Onveer Boase,+912286580656,MH19 NN 5164,Tata Nexon,4.5,11
DRV3995,Xalak Mishra,+913199057536,MH32 ZH 2812,Tata Nexon,4.9,4
DRV3996,Raagini Shere,+913884508479,MH12 BT 6676,Maruti Ertiga,4.8,3
DRV3997,Krishna Issac,+910542496842,MH29 WR 1365,Maruti Ertiga,4.9,19
DRV3998,Vanya Chandra,05112101676,MH16 MZ 0297,Mahindra XUV700,4.8,2
DRV3999,Abdul Narula,03283007782,MH1 LL 9746,Kia Seltos,4.8,16
DRV4000,Deepa Parekh,+911818584460,MH36 AQ 8444,Tata Nexon,3.9,1
DRV4001,Aahana Wali,+915646321574,MH6 QI 1223,Toyota Innova,3.7,20
DRV4002,Aadi Wadhwa,09465210704,MH35 ML 2172,Maruti Ertiga,4.3,20
DRV4003,Anthony Grover,07633791318,MH12 WB 0706,Honda City,4.0,12
DRV4004,Arjun Grover,06962330450,MH32 EM 4052,Tata Nexon,5.0,17
DRV4005,Amrita Magar,+912772496036,MH31 CO 6770,WagonR,4.8,1
DRV4006,Raghav Munshi,07928113455,MH25 VW 6797,Hyundai i20,3.9,5
DRV4007,Viraj Dubey,07951451605,MH19 NN 5164,Swift Dzire,3.6,16
DRV4008,Gautami Sastry,+910932791431,MH10 KY 5724,Kia Seltos,4.9,4
DRV4009,Noah Sood,06616254556,MH37 XN 0852,Hyundai Creta,4.6,9
DRV4010,Hemani Sani,07535853763,MH3 BZ 6088,Kia Seltos,3.7,8
DRV4011,Bishakha Soni,00107724904,MH46 PX 1656,Swift Dzire,3.8,15
DRV4012,Ranveer Dayal,+910100493192,MH36 GV 9896,Kia Seltos,5.0,12
DRV4013,Adya Sarin,+912622542809,MH39 TU 8810,Hyundai Creta,4.3,13
DRV4014,Saksham Karpe,09308176261,MH8 KG 4715,Tata Nexon,4.9,16
DRV4015,Umang Kota,6220501195,MH29 RR 7905,Kia Seltos,4.9,8
DRV4016,Sai Goel,2069832142,MH32 US 5796,Kia Seltos,4.7,3
DRV4017,Simon Gour,9860760130,MH14 MO 0642,Honda City,3.6,13
DRV4018,Nachiket Sarma,01351642584,MH7 CK 6255,Swift Dzire,3.8,2
DRV4019,Nidra Memon,9134489057,MH22 OA 7219,WagonR,4.8,12
DRV4020,Owen Dugar,+912140628344,MH24 WS 4894,WagonR,3.6,13
DRV4021,Zaid Grewal,08741739872,MH18 BI 8589,Hyundai i20,3.5,19
DRV4022,Rachana Prabhakar,+916603476497,MH22 DQ 1114,Honda City,4.4,20
DRV4023,Amruta Rastogi,04317074869,MH36 KH 1495,Maruti Ertiga,3.6,12
DRV4024,Anita Roy,+912543276092,MH38 WQ 1532,Hyundai Creta,4.1,12
DRV4025,Tanish Lall,+913514971309,MH24 VM 0404,Mahindra XUV700,3.7,10
DRV4026,Anmol Ranganathan,+915148176185,MH20 ZO 7915,Kia Seltos,4.2,3
DRV4027,Urvashi De,02291829159,MH4 ZR 8333,Mahindra XUV700,4.6,3
DRV4028,Avni Garde,05654515427,MH10 RI 6181,Tata Nexon,4.1,4
DRV4029,Andrew Mani,8875501786,MH39 JQ 1714,Swift Dzire,4.2,13
DRV4030,Anthony Chakrabarti,2689418143,MH47 RV 2074,Tata Nexon,3.6,15
DRV4031,Jagat Kothari,2813537229,MH48 YV 8200,Maruti Ertiga,4.3,14
DRV4032,Manya Ahuja,3398874393,MH1 UW 8779,Toyota Innova,3.9,2
DRV4033,Ansh Gola,+915190127508,MH30 HQ 0830,WagonR,3.6,15
DRV4034,Warhi Kibe,6691974783,MH40 IF 1815,Mahindra XUV700,4.5,5
DRV4035,Brinda Sangha,2949684268,MH23 BU 8530,Tata Nexon,4.2,3
DRV4036,Amaira Sastry,06043250630,MH9 WJ 9396,Mahindra XUV700,4.3,20
DRV4037,Chameli Mahal,+919456559854,MH15 AS 1099,WagonR,3.6,19
DRV4038,Dipta Goyal,+916281378733,MH4 CF 1358,WagonR,4.4,16
DRV4039,Dalbir Dar,+914112994923,MH50 OM 6749,Mahindra XUV700,3.8,6
DRV4040,Xalak Sandal,08111559558,MH18 EI 5197,Honda City,4.0,2
DRV4041,Hemangini Agarwal,+919227031387,MH1 YL 6129,Swift Dzire,4.3,19
DRV4042,Unnati Virk,+913729254988,MH26 DX 8283,Mahindra XUV700,4.4,13
DRV4043,Girik Ramaswamy,7156254721,MH41 JL 8106,Swift Dzire,3.7,16
DRV4044,Aadhya Saran,1864393889,MH37 PU 4294,Hyundai Creta,3.8,9
DRV4045,Bachittar Din,+910695567698,MH13 LG 6969,Honda City,3.9,1
DRV4046,Irya Jani,6442980704,MH15 CM 0487,WagonR,4.9,10
DRV4047,Vidhi Seshadri,5434467300,MH35 BT 0973,Hyundai Creta,4.3,4
DRV4048,Riya Khatri,03442727245,MH28 EM 6900,Hyundai i20,4.9,20
DRV4049,Kavya Nazareth,3004957833,MH40 WK 4725,Hyundai i20,3.9,7
DRV4050,Ayushman Luthra,7131978093,MH7 PD 1382,Honda City,5.0,13
DRV4051,Nihal Chana,+915589751093,MH10 SP 8008,WagonR,4.9,2
DRV4052,Amrita Mangat,04276193361,MH46 KU 8829,Tata Nexon,3.8,3
DRV4053,Yasti Agate,1609900361,MH3 NP 7882,Hyundai Creta,4.6,1
DRV4054,Leena Chakrabarti,+913628785435,MH19 YU 7991,Toyota Innova,4.9,2
DRV4055,Radha Raghavan,+912615516042,MH13 OX 7301,Kia Seltos,3.8,1
DRV4056,Abhimanyu Desai,05710842419,MH47 KD 3747,Toyota Innova,3.7,12
DRV4057,Charan Sridhar,02416860634,MH39 KC 6169,Mahindra XUV700,4.5,11
DRV4058,Teerth Tara,09015143081,MH42 BC 0461,Kia Seltos,4.6,13
DRV4059,Faris Cheema,0495784601,MH29 CB 1650,Mahindra XUV700,4.7,15
DRV4060,Chavvi Bhandari,9715578609,MH49 MY 2044,Maruti Ertiga,4.5,9
DRV4061,Zaid Cheema,06172660302,MH39 RQ 4496,Mahindra XUV700,3.9,4
DRV4062,Azaan Peri,07916825565,MH33 ZC 2870,WagonR,3.7,9
DRV4063,Aarnav Dugal,00800669114,MH10 XT 4286,Maruti Ertiga,3.5,9
DRV4064,Rushil Rastogi,+910003658855,MH9 BF 2562,WagonR,4.5,15
DRV4065,Agastya Shroff,08145701354,MH16 BH 6167,Hyundai i20,4.1,4
DRV4066,Pranit Dhillon,06808973081,MH11 CD 1301,WagonR,4.5,2
DRV4067,Faras Keer,6479674748,MH50 NX 7881,Maruti Ertiga,4.3,7
DRV4068,Sneha Seth,08112194388,MH30 XY 9643,Mahindra XUV700,4.9,4
DRV4069,Manthan Taneja,8791440764,MH19 EE 8280,Hyundai Creta,4.3,5
DRV4070,Praneel Deep,3329660799,MH14 XB 1966,Toyota Innova,4.8,11
DRV4071,Warjas Dhar,09816424232,MH32 XW 8261,Mahindra XUV700,4.1,15
DRV4072,Raagini Bobal,01211008450,MH39 ZK 8102,Mahindra XUV700,4.7,15
DRV4073,Ayushman Vasa,6963333671,MH19 LS 0294,Tata Nexon,4.3,9
DRV4074,Harsh Mukherjee,+911258794627,MH2 RD 3131,Maruti Ertiga,3.9,7
DRV4075,Alexander Varma,6035904343,MH14 JP 3961,Honda City,3.9,7
DRV4076,Finn Aggarwal,06007733305,MH9 UT 4118,Tata Nexon,4.8,9
DRV4077,Indrajit Gill,7868368462,MH21 OR 1672,Toyota Innova,3.6,11
DRV4078,Triveni Shenoy,+912000916622,MH21 SA 7170,Maruti Ertiga,4.0,16
DRV4079,Christopher Ratti,06963663881,MH40 TX 8335,Swift Dzire,3.7,2
DRV4080,Jasmit Shukla,6026693237,MH38 GO 0184,WagonR,4.3,7
DRV4081,Indrajit Dutt,06754105280,MH3 BL 5298,Hyundai Creta,3.8,14
DRV4082,Aryan Jhaveri,+918661154471,MH18 FD 9525,Swift Dzire,4.5,4
DRV4083,Vansha Nath,08989741433,MH34 JO 9408,Kia Seltos,4.5,5
DRV4084,Krisha Palla,+913810713956,MH1 OS 9311,Tata Nexon,3.8,12
DRV4085,Udyati Dara,09352716629,MH12 ZK 4710,Tata Nexon,4.6,8
DRV4086,Rudra Gokhale,04042845480,MH50 SE 3343,Tata Nexon,3.5,15
DRV4087,Chaitanya Doshi,00598256573,MH35 NR 3756,Swift Dzire,4.5,7
DRV4088,Tanay Narula,1433521552,MH41 ZZ 1780,Honda City,3.5,4
DRV4089,Avi Raju,+918483299700,MH26 JU 7458,Toyota Innova,3.7,18
DRV4090,Mekhala Shankar,07057030304,MH44 BZ 1450,Maruti Ertiga,4.9,1
DRV4091,Anvi Warrior,06190274128,MH49 GR 2113,WagonR,3.5,3
DRV4092,Anusha Bhat,7976978622,MH31 YA 2527,Kia Seltos,4.2,17
DRV4093,Arin Ghosh,+912019740091,MH7 LJ 8931,Hyundai i20,4.0,2
DRV4094,Aarna Bhakta,02374447568,MH50 MQ 7116,WagonR,4.7,12
DRV4095,Amara Bhatnagar,+913534717082,MH11 GH 8736,Hyundai i20,4.4,5
DRV4096,Abeer Shere,+917232941504,MH3 BT 7111,Maruti Ertiga,4.7,8
DRV4097,Shravya Sabharwal,6588779959,MH8 DP 1573,Swift Dzire,4.2,15
DRV4098,Charan Amble,+911642352685,MH15 FE 6886,Tata Nexon,4.5,16
DRV4099,Ekapad Sane,+919632219402,MH36 MI 2207,Tata Nexon,4.1,16
DRV4100,Parth Biswas,+919589838355,MH42 XG 0887,Maruti Ertiga,4.8,5
DRV4101,Anay Samra,03675788627,MH4 UY 6296,Swift Dzire,4.3,7
DRV4102,Frederick Pal,8702483338,MH3 UB 5315,Maruti Ertiga,4.3,14
DRV4103,Garima Mistry,03701302896,MH3 EA 0148,Toyota Innova,3.7,17
DRV4104,Kavya Mistry,7834289726,MH10 GQ 8403,Mahindra XUV700,4.6,15
DRV4105,Brijesh Shroff,06964561907,MH16 HC 1267,Honda City,4.6,16
DRV4106,Mahika Sane,5093002938,MH43 QB 8549,Swift Dzire,4.0,5
DRV4107,Meera Samra,00538071929,MH19 WY 6866,Maruti Ertiga,4.3,19
DRV4108,Agastya Nazareth,01617950076,MH41 QK 7129,Swift Dzire,4.1,17
DRV4109,Hamsini Chhabra,00470130913,MH4 YY 7728,Kia Seltos,3.6,6
DRV4110,Pratyush Basak,+917030089820,MH1 JT 5680,Toyota Innova,4.4,7
DRV4111,Chatura Jani,+915349667884,MH44 IM 4484,WagonR,4.1,10
DRV4112,Liam Thaman,03471315946,MH20 XZ 3537,Swift Dzire,4.1,5
DRV4113,Brijesh Nagar,09538408267,MH33 PV 6074,Swift Dzire,4.3,11
DRV4114,Libni Datta,07539574258,MH48 OY 2316,Hyundai i20,3.7,17
DRV4115,Ekavir Dhawan,01072576230,MH1 YG 3303,Swift Dzire,5.0,9
DRV4116,Hemani Acharya,3115007818,MH28 IJ 5189,Kia Seltos,3.5,18
DRV4117,Ekaraj Kala,00257886511,MH49 SU 5317,Mahindra XUV700,4.1,5
DRV4118,Isha Rastogi,02985671980,MH38 OS 4906,Mahindra XUV700,4.6,4
DRV4119,Jalsa Samra,+917572133971,MH28 WP 3075,Swift Dzire,4.0,9
DRV4120,Mason Raghavan,01856577821,MH25 BB 1717,Kia Seltos,3.6,5
DRV4121,Janya Bora,07432716501,MH36 CW 2765,Kia Seltos,3.6,3
DRV4122,Kevin Swaminathan,5933099017,MH2 JI 3762,Hyundai Creta,4.4,20
DRV4123,Isaiah Bains,+913188761728,MH24 BP 8205,Maruti Ertiga,4.1,5
DRV4124,Pratyush Om,1152332048,MH15 DW 0034,Swift Dzire,3.6,11
DRV4125,Upadhriti Murthy,4118854993,MH25 ZG 4452,Maruti Ertiga,3.6,19
DRV4126,Tanish Chana,9167823452,MH11 TA 4945,Honda City,4.7,16
DRV4127,Jackson Tella,03005711809,MH24 NU 8725,Maruti Ertiga,4.4,13
DRV4128,Pushti Manne,02701078086,MH21 LN 5122,Mahindra XUV700,3.8,12
DRV4129,Zaitra Bawa,+910007887957,MH25 ZN 1605,Kia Seltos,4.3,19
DRV4130,Girik Ganguly,+915006871181,MH7 BK 7975,Swift Dzire,4.7,8
DRV4131,Aayush Prasad,+914554999782,MH2 YD 5304,Swift Dzire,3.8,17
DRV4132,Darsh Mann,02408911647,MH7 TS 8037,Maruti Ertiga,4.1,4
DRV4133,Harini Behl,+918575939140,MH41 WT 3091,Mahindra XUV700,4.6,19
DRV4134,Siddharth Sheth,0042102774,MH37 LK 7453,WagonR,4.6,4
DRV4135,Ekansh Deo,09072744100,MH49 YX 1684,WagonR,4.5,16
DRV4136,Aishani Rastogi,+912341657409,MH3 RQ 3722,Hyundai i20,3.8,13
DRV4137,Imaran Singh,01100664056,MH16 FU 7231,Maruti Ertiga,4.9,7
DRV4138,Lakshmi Raghavan,09044645388,MH6 NT 9354,Kia Seltos,3.5,12
DRV4139,Aayush Andra,08811920297,MH20 QC 8893,Hyundai i20,4.1,19
DRV4140,Laksh Swaminathan,+918606142518,MH29 OH 1376,Tata Nexon,4.0,12
DRV4141,Rachit Basak,7041015121,MH27 CE 8042,Kia Seltos,4.9,17
DRV4142,Samar Chowdhury,+914101105990,MH3 MP 8767,Maruti Ertiga,4.7,3
DRV4143,Nikita Khalsa,+911074679015,MH27 PO 0286,Hyundai Creta,4.8,2
DRV4144,Bishakha Oak,+910363768703,MH39 DM 0919,Hyundai i20,4.4,11
DRV4145,Chakradhar Babu,+914239397149,MH17 ID 9101,Hyundai i20,4.4,2
DRV4146,Gayathri Patla,+919673541263,MH49 ZX 2048,Toyota Innova,4.5,15
DRV4147,Manthan Hans,+912860815436,MH46 JB 8630,Kia Seltos,4.8,9
DRV4148,Amara Chokshi,07983209358,MH33 FE 1990,Kia Seltos,4.9,3
DRV4149,Ekaraj Yogi,2231318983,MH35 IJ 7389,Mahindra XUV700,4.1,16
DRV4150,Ridhi Chowdhury,+912294149748,MH49 KZ 3016,Kia Seltos,4.7,13
DRV4151,Omya Khosla,04576965626,MH49 II 6307,Swift Dzire,4.9,18
DRV4152,Isaac Patil,03954765408,MH44 AA 5482,Mahindra XUV700,3.7,16
DRV4153,Daksha Choudhary,6935494907,MH5 LC 6642,WagonR,4.0,20
DRV4154,Garima Kuruvilla,00577486492,MH40 UI 9296,Hyundai i20,4.8,10
DRV4155,Daksh Baria,09068316631,MH2 GL 3919,Kia Seltos,4.2,14
DRV4156,Alexander Mistry,9160289230,MH32 YY 7908,Maruti Ertiga,4.5,13
DRV4157,Zilmil Halder,+912309280676,MH40 GW 5188,Toyota Innova,4.5,11
DRV4158,Jagvi Sethi,6808984580,MH5 KG 5423,Honda City,4.6,10
DRV4159,Chandran Mishra,9384492094,MH5 NE 7338,Hyundai Creta,4.6,17
DRV4160,Jagrati Som,01057731632,MH18 EK 2533,Mahindra XUV700,4.1,16
DRV4161,Darika Raval,00536745915,MH27 HQ 5420,Kia Seltos,4.7,8
DRV4162,Yatan Bhagat,4959570867,MH47 HL 4801,WagonR,3.8,15
DRV4163,Zayyan Gala,00062873145,MH34 HU 4387,WagonR,4.5,2
DRV4164,Bhanumati Vyas,+916128376204,MH15 HT 7480,Toyota Innova,4.6,16
DRV4165,Damyanti Bhatt,+912001996872,MH9 YB 2504,Hyundai Creta,5.0,13
DRV4166,Osha Sachdev,07292391342,MH2 XS 3693,Kia Seltos,4.9,13
DRV4167,David Sarna,05674118960,MH5 VJ 1340,Honda City,3.9,20
DRV4168,Kamala Magar,02424669106,MH27 QZ 4333,Tata Nexon,4.3,1
DRV4169,Jack Pandit,+912525230835,MH2 FJ 1877,Hyundai Creta,4.9,17
DRV4170,Gabriel Atwal,5469556425,MH44 WL 2956,Toyota Innova,4.7,3
DRV4171,Eshana Sundaram,1170705609,MH41 JC 0502,Honda City,3.9,8
DRV4172,Victor Sharma,04684356358,MH29 XW 2079,Tata Nexon,3.5,18
DRV4173,Nakul Talwar,1429875579,MH7 XF 9428,Swift Dzire,3.9,17
DRV4174,Amol Konda,07827347768,MH6 XG 9006,Toyota Innova,4.4,18
DRV4175,Shravya Singh,2720281411,MH4 CV 1101,Toyota Innova,3.5,1
DRV4176,Netra Badal,8490241555,MH29 YC 3580,Hyundai i20,4.5,7
DRV4177,Quincy Venkatesh,+916741691098,MH17 MV 9471,Hyundai i20,4.7,11
DRV4178,Bishakha Luthra,01711815596,MH13 HD 2382,Swift Dzire,4.2,11
DRV4179,Mitesh Saxena,04138950088,MH42 RM 9068,Mahindra XUV700,4.0,12
DRV4180,Rayaan Chadha,07880287763,MH3 BL 5298,Mahindra XUV700,4.7,5
DRV4181,Chandresh Sur,+913504881634,MH1 SR 1267,Honda City,4.2,19
DRV4182,Dominic Garde,6923658174,MH21 SU 8978,Hyundai i20,4.2,14
DRV4183,Hardik Rajan,02221736766,MH24 YN 3401,Mahindra XUV700,4.6,6
DRV4184,Vasudha Bhatti,+911541269978,MH16 KK 5933,Honda City,3.9,15
DRV4185,Vasana Sha,6919252514,MH31 YN 5074,Tata Nexon,4.6,14
DRV4186,Hemangini Bhatt,+914078250114,MH34 QY 6125,Maruti Ertiga,3.8,1
DRV4187,Rachana Kuruvilla,2221263097,MH8 MU 7624,Hyundai i20,4.7,17
DRV4188,Yug Bahri,0578975872,MH33 UD 2978,Tata Nexon,4.8,12
DRV4189,Aarav Khatri,0949061363,MH28 XV 0624,Toyota Innova,3.6,5
DRV4190,Diya Ganesan,+919188709726,MH36 YZ 1946,Swift Dzire,4.3,18
DRV4191,Rushil Patil,5012507579,MH3 UB 2236,Hyundai Creta,3.7,3
DRV4192,Reyansh Lall,5587499295,MH5 CN 5130,Toyota Innova,3.8,3
DRV4193,Eshana Khurana,6564446949,MH5 JI 6114,WagonR,4.5,17
DRV4194,Jacob Dhar,6893764874,MH13 BX 3732,Swift Dzire,4.7,5
DRV4195,Chaman Goel,8629295357,MH1 IM 2473,Tata Nexon,3.6,5
DRV4196,Siddharth Saxena,04943928132,MH31 VG 2399,WagonR,4.8,19
DRV4197,Yatin Naidu,04033656225,MH47 TO 6644,Toyota Innova,4.4,19
DRV4198,Lucky Shah,09090346692,MH12 GB 0874,Mahindra XUV700,4.9,6
DRV4199,Sanya Banik,05722640622,MH32 PL 0356,WagonR,4.8,17
DRV4200,Amaira Doshi,+915052116828,MH2 HQ 9208,WagonR,3.6,19
DRV4201,Faras Sarna,7654400878,MH6 RW 7234,Toyota Innova,3.6,6
DRV4202,Ethan Mann,7858331794,MH6 QP 2337,Hyundai i20,4.9,18
DRV4203,Neel Buch,+919788432608,MH7 PL 1402,Hyundai Creta,3.7,14
DRV4204,Parth Sarma,3747805455,MH43 GP 8033,Honda City,4.0,10
DRV4205,Gaurangi Naidu,3852132570,MH7 VR 5810,Honda City,4.4,1
DRV4206,Jagat Bhat,+910317464183,MH3 RS 2860,Maruti Ertiga,3.7,18
DRV4207,Balendra Saraf,9836523109,MH4 YR 3228,Hyundai i20,4.4,9
DRV4208,Lajita Sule,+915312616621,MH35 WS 8780,WagonR,3.6,16
DRV4209,Yasti Palla,07306513596,MH37 JB 5461,Tata Nexon,4.8,3
DRV4210,Aditya Walia,1164018322,MH47 NM 1570,Honda City,4.3,17
DRV4211,Lakshmi Balay,+917485053737,MH19 UD 7757,Tata Nexon,4.3,19
DRV4212,Urishilla Bains,04593985857,MH45 ZE 5790,Maruti Ertiga,4.6,10
DRV4213,Ikshita Gera,9360906145,MH49 YQ 3281,Hyundai i20,5.0,10
DRV4214,Chakradev Chand,9307213265,MH18 RI 8507,Hyundai i20,4.1,8
DRV4215,Anamika Raja,9464453330,MH30 DB 9226,Swift Dzire,4.6,9
DRV4216,Ronith Sane,07091911910,MH6 SZ 1527,Swift Dzire,3.5,19
DRV4217,Kamala Bhavsar,2167049383,MH29 LS 5321,Kia Seltos,4.2,12
DRV4218,Logan Rao,09643297644,MH20 ZX 5596,Mahindra XUV700,4.3,7
DRV4219,Utkarsh Bal,9256784384,MH34 ZB 3400,Maruti Ertiga,4.6,20
DRV4220,Sai Hayer,9481865301,MH1 CZ 4998,Honda City,4.4,6
DRV4221,Matthew Peri,07393276010,MH22 NR 2727,WagonR,5.0,11
DRV4222,Janaki Golla,6304002692,MH46 LQ 4112,Maruti Ertiga,4.9,20
DRV4223,Fiyaz Bath,+917209602993,MH43 DO 2103,Hyundai Creta,3.6,2
DRV4224,Zayan Sarna,02928401963,MH10 LL 2234,Toyota Innova,3.9,1
DRV4225,Pavani Sahota,+916561809022,MH46 LF 1491,Honda City,4.7,8
DRV4226,Brijesh Mitter,05514049912,MH6 AU 6968,Hyundai i20,4.2,5
DRV4227,Aahana Ghosh,4947718127,MH45 UH 5948,Tata Nexon,4.5,20
DRV4228,Ekani Kannan,+914511011994,MH50 LW 5479,Mahindra XUV700,3.7,16
DRV4229,Arin Lanka,09489220452,MH41 JO 5721,Hyundai Creta,4.9,4
DRV4230,Faris Balan,00499579364,MH40 GW 0554,Swift Dzire,3.6,15
DRV4231,Janaki Sur,07612724911,MH8 OA 4772,Toyota Innova,4.0,4
DRV4232,Libni Nagarajan,00132025591,MH7 DR 4106,Honda City,4.0,1
DRV4233,Abhiram Deshmukh,4724191300,MH31 NR 5486,Toyota Innova,4.5,9
DRV4234,Xalak Sankaran,7252756156,MH5 ZW 8872,Mahindra XUV700,3.5,13
DRV4235,Tarak Murty,0724445803,MH13 XR 1933,WagonR,4.2,20
DRV4236,Saksham Vig,07631569798,MH14 HU 3507,Hyundai i20,4.0,1
DRV4237,Tara Buch,+914913017496,MH16 TY 1314,Kia Seltos,4.4,2
DRV4238,Eshana Sagar,2173698304,MH44 SP 3540,WagonR,5.0,10
DRV4239,Fariq Choudhary,6607009161,MH14 PY 7700,Hyundai Creta,4.6,1
DRV4240,Andrew Sami,00174047085,MH23 ML 8495,Kia Seltos,3.8,11
DRV4241,Kashish Tailor,7533701432,MH18 JK 8491,Hyundai i20,3.9,8
DRV4242,Yash Raj,09455755596,MH11 YG 0131,Mahindra XUV700,3.9,14
DRV4243,Maanav Ranganathan,8767274448,MH44 OK 0257,WagonR,3.9,17
DRV4244,Saksham Barad,+918131225099,MH28 HU 3347,Hyundai i20,4.8,18
DRV4245,Abdul Saini,6145744609,MH50 AS 7894,Tata Nexon,3.8,3
DRV4246,Tarak Kari,3960155147,MH7 RY 9834,Tata Nexon,4.9,2
DRV4247,Bhanumati Shetty,5383451164,MH5 XH 1695,Honda City,4.0,18
DRV4248,Naveen Nagar,+915416924093,MH43 NT 1486,Hyundai i20,4.3,9
DRV4249,Triya Mishra,0357041183,MH29 YE 6386,WagonR,3.7,8
DRV4250,Max Mani,08701097158,MH24 ZJ 7025,Honda City,4.2,1
DRV4251,Tejas Dhingra,+919675565065,MH25 AN 5098,Maruti Ertiga,4.4,4
DRV4252,Patrick Bhalla,6095908145,MH20 YU 4082,Maruti Ertiga,4.8,1
DRV4253,Vivaan Lala,+914250304460,MH13 WJ 5649,Tata Nexon,3.7,19
DRV4254,Tanveer Chopra,06802170025,MH1 PK 4583,Maruti Ertiga,4.8,1
DRV4255,Oliver Kade,1652612108,MH9 TC 9249,Tata Nexon,3.9,7
DRV4256,Janya Sathe,+910568754009,MH24 QD 6714,Tata Nexon,3.6,8
DRV4257,Wyatt Karpe,2624506822,MH44 TA 8141,Maruti Ertiga,4.8,5
DRV4258,Jeremiah Narasimhan,8648393875,MH43 WI 3164,Kia Seltos,4.5,14
DRV4259,Charan Pall,08380318019,MH47 RD 8749,Toyota Innova,4.4,6
DRV4260,Harita Bhagat,2556554413,MH19 YI 5749,Toyota Innova,4.1,12
DRV4261,Siya Chaudhary,4759650471,MH19 CP 3199,Hyundai Creta,3.6,1
DRV4262,Ekapad Halder,9947643848,MH47 IP 0114,Maruti Ertiga,3.6,6
DRV4263,Vansha Dua,09031630144,MH5 MB 7283,Toyota Innova,4.2,11
DRV4264,Saumya Krishnan,+916672629364,MH13 TO 8088,Maruti Ertiga,4.8,3
DRV4265,Karan Bhagat,+917737536253,MH11 ZQ 3948,Tata Nexon,4.9,17
DRV4266,Urvi Gokhale,05268416616,MH18 AV 0199,Toyota Innova,3.7,1
DRV4267,Max Magar,08204764187,MH28 SY 7239,Maruti Ertiga,3.7,13
DRV4268,Quincy Gupta,09773477411,MH10 ZG 6289,Mahindra XUV700,4.4,8
DRV4269,Gaurang Kakar,3508059751,MH10 IX 5452,Swift Dzire,3.9,7
DRV4270,Tanveer Mand,+914999050089,MH8 WW 6421,Swift Dzire,3.8,3
DRV4271,Chasmum Khare,9605561997,MH30 CF 1614,Hyundai i20,3.9,6
DRV4272,Patrick Doshi,03143334547,MH38 PG 2906,Toyota Innova,5.0,18
DRV4273,Henry Brar,08074042199,MH6 GS 4450,WagonR,4.9,15
DRV4274,Udant Sangha,+910596858565,MH29 QB 2191,Hyundai i20,3.6,10
DRV4275,Ekapad Chana,+919329128501,MH3 AM 9611,Maruti Ertiga,4.2,19
DRV4276,Oeshi Apte,08209224438,MH38 KV 1656,Tata Nexon,4.1,3
DRV4277,Megha Sha,5775707481,MH50 GL 8543,Maruti Ertiga,4.3,15
DRV4278,Gautami Butala,6008293029,MH40 YG 3440,Swift Dzire,4.5,11
DRV4279,Amrita Prabhakar,8455874512,MH20 TX 9794,Maruti Ertiga,3.7,19
DRV4280,Balhaar Rau,+914335251499,MH39 DX 4066,Hyundai Creta,4.4,4
DRV4281,Lila Bandi,09662776880,MH4 OA 3150,Toyota Innova,4.7,17
DRV4282,Ranbir Goswami,0439473437,MH38 TQ 1962,Hyundai i20,4.2,12
DRV4283,Tamanna Swamy,3228612324,MH20 CV 8459,WagonR,4.9,13
DRV4284,Gagan Rama,4680698802,MH28 PE 8046,Swift Dzire,4.2,11
DRV4285,Arya Cheema,+912066559914,MH41 SR 2988,Tata Nexon,4.3,5
DRV4286,Janaki Pandya,+911905882884,MH22 OY 2099,Toyota Innova,5.0,8
DRV4287,Bhavya Ramaswamy,+913454869258,MH17 SX 2219,Swift Dzire,3.7,19
DRV4288,Nathan Bumb,+914519466179,MH16 TA 8386,WagonR,4.9,2
DRV4289,Advika Seth,0584165324,MH15 GP 5710,Maruti Ertiga,4.9,9
DRV4290,Sathvik Guha,+919704497927,MH48 NW 2347,Maruti Ertiga,4.0,6
DRV4291,Bahadurjit Kala,03004729940,MH11 PO 5870,Hyundai i20,4.5,17
DRV4292,Ethan Sant,+914817261857,MH19 IP 7946,Hyundai Creta,4.7,8
DRV4293,Yatin Wadhwa,00547383695,MH41 JC 7462,WagonR,3.8,3
DRV4294,Kamya Nagarajan,5864413121,MH29 VZ 7280,Honda City,4.3,6
DRV4295,Balendra Arora,9481588702,MH7 XF 9428,Honda City,4.1,5
DRV4296,Warjas Loke,01904278583,MH47 NN 6735,Toyota Innova,4.6,4
DRV4297,Zaid Virk,+916992671367,MH3 HE 9252,Kia Seltos,4.0,4
DRV4298,Janani Pandey,00899470388,MH38 VI 5119,Toyota Innova,4.4,8
DRV4299,Vaishnavi Karnik,04858693671,MH23 GX 0676,Hyundai i20,3.6,1
DRV4300,Gunbir Nagy,07718255345,MH24 YP 5077,Maruti Ertiga,3.8,5
DRV4301,Samar Pingle,+914531728571,MH16 YL 7791,Hyundai i20,4.0,3
DRV4302,Krisha Manne,03679463975,MH38 KV 1656,Toyota Innova,3.6,18
DRV4303,Theodore Handa,8551468612,MH23 ET 5890,Mahindra XUV700,4.6,18
DRV4304,Ira Mahal,2921415557,MH43 TU 6671,Kia Seltos,4.9,20
DRV4305,Avni Choudhary,5818119944,MH37 VE 0272,Kia Seltos,3.6,7
DRV4306,Anjali Pathak,8406935280,MH26 YU 9918,Tata Nexon,4.3,16
DRV4307,Ekbal Sagar,+916220595414,MH40 FX 3897,Swift Dzire,3.6,7
DRV4308,Aarna Dalal,6603609459,MH45 VL 9862,Honda City,3.7,9
DRV4309,Utkarsh Chandran,+910001043430,MH7 YV 4165,Honda City,3.9,7
DRV4310,Omya Suri,4270911619,MH26 MM 7629,Maruti Ertiga,4.7,16
DRV4311,Varsha Chokshi,07475793315,MH15 EU 8315,Kia Seltos,4.7,4
DRV4312,Amrita Raju,00071027277,MH50 KG 6798,Tata Nexon,4.5,15
DRV4313,Tristan Bhat,4425158560,MH8 TD 4541,Hyundai Creta,3.6,19
DRV4314,Forum Bhardwaj,09068864297,MH38 RQ 4525,WagonR,3.6,16
DRV4315,Vanya Bhavsar,2933572250,MH5 DW 6551,Tata Nexon,3.6,20
DRV4316,Atharv Ahluwalia,08475927513,MH25 YO 3394,WagonR,4.3,15
DRV4317,Indrajit Garg,04558429572,MH45 QA 2823,Maruti Ertiga,4.3,9
DRV4318,Vasatika Bains,04983720475,MH11 QA 6885,Swift Dzire,4.5,20
DRV4319,Urishilla Devan,+919157099701,MH32 CL 4227,Swift Dzire,3.9,17
DRV4320,Xiti Bath,1796605051,MH18 FP 8573,Swift Dzire,4.2,17
DRV4321,Praneel Vig,06708441029,MH23 SR 8370,Mahindra XUV700,4.5,4
DRV4322,Baljiwan Bajwa,03369824184,MH37 AE 3794,Hyundai Creta,4.3,15
DRV4323,Neel Bhatti,09287212959,MH18 TI 5441,Maruti Ertiga,4.0,6
DRV4324,Nathaniel Butala,+910928559079,MH33 EQ 6248,WagonR,3.7,15
DRV4325,Nimrat Wason,+915516922508,MH16 PU 8628,Toyota Innova,4.3,10
DRV4326,Warhi Mane,+913833707550,MH47 YA 1703,Maruti Ertiga,4.5,18
DRV4327,Watika Sagar,+914507497605,MH4 PE 1012,Swift Dzire,3.6,14
DRV4328,Warhi Naik,07295742887,MH33 EN 2015,Hyundai Creta,4.8,2
DRV4329,Vaishnavi Mallick,+918501776522,MH30 SS 2121,Honda City,4.1,7
DRV4330,Abdul Mohanty,07983327956,MH38 CG 3987,Honda City,4.1,11
DRV4331,Vinaya Madan,5112360776,MH43 KT 1947,Maruti Ertiga,3.9,15
DRV4332,Janani Dalal,+915163499690,MH32 DJ 4088,Hyundai i20,4.4,18
DRV4333,Qarin Chhabra,7850440545,MH20 RT 6978,Toyota Innova,4.8,3
DRV4334,Saksham Memon,02880125066,MH48 XR 4809,Hyundai i20,4.5,19
DRV4335,Tanay Balakrishnan,+917399666406,MH25 EF 8146,Hyundai i20,4.3,15
DRV4336,Umang Loke,06594907483,MH30 SM 1946,Hyundai Creta,4.1,3
DRV4337,Ranveer Wagle,04047203775,MH44 JD 5882,Hyundai Creta,4.2,20
DRV4338,Odika Pandya,5758853891,MH45 EH 6363,Kia Seltos,4.5,17
DRV4339,Ira Mishra,+916911250512,MH13 AZ 8472,Hyundai i20,4.5,4
DRV4340,Kala Swaminathan,08122377294,MH25 TJ 7257,Hyundai i20,3.6,7
DRV4341,Raksha Guha,7613727368,MH34 HH 3725,Mahindra XUV700,3.8,16
DRV4342,Gabriel Nagy,3091603080,MH22 CC 5278,Hyundai i20,3.9,9
DRV4343,Amruta Chaudhry,3161451601,MH48 AT 0520,WagonR,3.7,6
DRV4344,Amara Muni,+915021985689,MH49 AJ 8997,Honda City,4.8,12
DRV4345,Bhavna Khanna,01473405324,MH9 GV 6304,WagonR,3.9,8
DRV4346,Gavin Atwal,+918374273756,MH3 XY 5909,Honda City,4.0,18
DRV4347,Aarini Sunder,+913967959010,MH15 AH 7122,Hyundai Creta,4.1,4
DRV4348,Ekapad Naidu,+915945226732,MH49 IC 8131,Swift Dzire,4.3,10
DRV4349,Vrishti Goel,00984011863,MH38 CH 9446,WagonR,4.1,6
DRV4350,Yash Sidhu,00106689337,MH26 IF 1740,Mahindra XUV700,4.1,6
DRV4351,Rudra Chowdhury,4109186384,MH41 AE 9539,Toyota Innova,4.7,6
DRV4352,Vamakshi Bava,+912293532624,MH4 OX 1123,Tata Nexon,3.7,17
DRV4353,Rajata Roy,08914065301,MH38 GF 8118,Toyota Innova,4.6,10
DRV4354,Aashi Suresh,5644309462,MH32 UP 3824,WagonR,4.7,3
DRV4355,Reva Mallick,04079466980,MH44 SI 6446,Maruti Ertiga,4.9,17
DRV4356,Jagat Ghose,+919690108562,MH9 PO 5216,Tata Nexon,4.1,5
DRV4357,Kashvi Baria,+914120610869,MH9 DS 3490,Hyundai i20,3.8,1
DRV4358,Barkha Gala,00582877466,MH36 VQ 7697,Swift Dzire,4.2,4
DRV4359,Lucky Shroff,+913250312800,MH7 AF 3679,Kia Seltos,3.6,5
DRV4360,Falan Manda,02238596093,MH9 AS 1086,Tata Nexon,4.3,6
DRV4361,Naksh Samra,01979777149,MH39 OH 6809,Mahindra XUV700,4.9,12
DRV4362,Banjeet Mandal,6023682043,MH47 US 3289,Tata Nexon,4.6,1
DRV4363,Krish Trivedi,+916484149212,MH20 MZ 2209,Hyundai Creta,3.5,17
DRV4364,Krishna Bedi,+911329750704,MH18 NQ 9360,Tata Nexon,4.7,7
DRV4365,Madhavi Sekhon,0549208070,MH29 WV 1541,Hyundai i20,4.1,15
DRV4366,Chandresh Warrior,+918419244015,MH29 SM 5939,Kia Seltos,4.3,4
DRV4367,Qadim Pathak,00640577058,MH31 DE 6973,Maruti Ertiga,4.9,15
DRV4368,Nikita Varkey,+915874636352,MH35 EC 5489,Honda City,5.0,14
DRV4369,Pallavi Gera,+914476408436,MH9 JU 8330,Mahindra XUV700,4.6,17
DRV4370,Indali Narang,4087880859,MH14 ZM 6079,Hyundai Creta,3.7,14
DRV4371,Frederick Khanna,06496436911,MH48 YJ 9590,Mahindra XUV700,3.5,12
DRV4372,Eiravati Koshy,9700918063,MH31 TI 3527,Honda City,4.7,16
DRV4373,Karan Lall,00775880715,MH31 PS 3478,Kia Seltos,4.0,9
DRV4374,Benjamin Bhat,00560429154,MH20 GX 5930,Mahindra XUV700,3.9,19
DRV4375,Christopher Sami,0563631372,MH13 ES 6129,Kia Seltos,4.0,2
DRV4376,Turvi Sagar,+910470986211,MH1 MF 2680,Hyundai i20,4.4,12
DRV4377,Maanas Chhabra,01378405907,MH4 RN 3631,Toyota Innova,4.8,10
DRV4378,Falguni Gupta,7021388726,MH35 UT 6686,Toyota Innova,4.6,11
DRV4379,Dev Dasgupta,+912237183438,MH3 JA 6780,WagonR,3.8,3
DRV4380,Unni Talwar,+917558766363,MH12 NK 0656,Maruti Ertiga,5.0,12
DRV4381,Bhavna Deo,4161015697,MH11 IE 8195,WagonR,4.5,16
DRV4382,Faqid Chaudhari,2142000617,MH41 GI 1031,Maruti Ertiga,3.8,16
DRV4383,Wakeeta Tandon,2122615837,MH38 BQ 1906,Kia Seltos,5.0,10
DRV4384,Vritti Sane,+910066038075,MH3 CH 5278,Swift Dzire,3.7,12
DRV4385,Jatin Dixit,3204382717,MH38 RC 7789,Hyundai Creta,4.0,14
DRV4386,Balveer Mitra,04139695427,MH14 NG 0110,Maruti Ertiga,3.9,10
DRV4387,Abha Kant,00950706742,MH50 YM 7932,Mahindra XUV700,3.7,7
DRV4388,Ubika Wable,+918957679577,MH32 LD 7276,Hyundai Creta,4.5,17
DRV4389,Faris Gola,01219953378,MH12 UN 5210,Mahindra XUV700,3.9,2
DRV4390,Amaira Merchant,+913939768018,MH36 QL 0966,Honda City,4.9,18
DRV4391,Turvi Pai,04262362151,MH20 ZK 6123,Tata Nexon,4.7,18
DRV4392,Eshana Goda,+916616742878,MH22 GX 8386,WagonR,3.7,20
DRV4393,Osha Jani,+910824903957,MH10 CT 3073,Honda City,4.0,7
DRV4394,Nathaniel Iyengar,03584991134,MH47 MZ 5550,Toyota Innova,4.5,8
DRV4395,Naveen Ranganathan,05447767681,MH4 JU 1182,Honda City,4.1,10
DRV4396,Yatan Pradhan,3110322895,MH6 UY 2059,Hyundai i20,3.8,14
DRV4397,Ekavir Golla,08433862782,MH46 QW 9137,Hyundai i20,3.8,16
DRV4398,Brinda Keer,2558181414,MH6 YR 2988,Hyundai i20,3.8,8
DRV4399,Pushti Morar,01483979574,MH7 ZZ 1468,Tata Nexon,4.6,17
DRV4400,Kashish Balan,9331059915,MH27 RA 7196,Hyundai Creta,4.3,10
DRV4401,George Bhagat,09709060842,MH7 PW 0903,Hyundai Creta,3.9,2
DRV4402,Ronith Gopal,08403114555,MH49 UK 2323,WagonR,4.9,1
DRV4403,Upkaar Arora,8632241919,MH29 BU 8997,Kia Seltos,4.9,8
DRV4404,Ishwar Contractor,0998991369,MH44 GA 7047,Swift Dzire,4.3,4
DRV4405,Zaid Mukherjee,4911597191,MH15 RQ 7332,WagonR,3.8,1
DRV4406,Chandran Chanda,+915251864447,MH3 VN 0152,Swift Dzire,4.4,7
DRV4407,Libni Butala,04060075737,MH42 PI 3225,Mahindra XUV700,4.1,4
DRV4408,Mason Ramaswamy,02570062928,MH12 LP 1301,Swift Dzire,4.2,4
DRV4409,Aashi Shroff,09140935239,MH47 XL 7556,Mahindra XUV700,4.3,6
DRV4410,Gauri Thakkar,05767137189,MH22 SU 8589,Tata Nexon,4.0,5
DRV4411,Zehaan Salvi,2800186907,MH10 DN 9463,Swift Dzire,4.6,5
DRV4412,Indrajit Bobal,04655113870,MH26 SX 0868,Tata Nexon,4.7,9
DRV4413,Zaid Reddy,01642417933,MH19 II 9489,Toyota Innova,5.0,14
DRV4414,Ojasvi Nayak,2169032973,MH49 YS 6592,Mahindra XUV700,4.4,14
DRV4415,Hemani Bora,+913802218510,MH35 NE 4614,Maruti Ertiga,4.4,16
DRV4416,Wyatt Sarin,+914882557272,MH25 YO 3394,Honda City,4.0,16
DRV4417,Vanya Cheema,0513032009,MH22 PO 6835,Tata Nexon,4.3,16
DRV4418,Yahvi Nigam,07183568085,MH21 OX 3437,Tata Nexon,4.7,5
DRV4419,Yagnesh Mohanty,+914390695245,MH36 ZG 5137,Honda City,3.8,5
DRV4420,Upasna Chowdhury,00066849721,MH47 RC 9872,Mahindra XUV700,3.9,5
DRV4421,Arya Chandran,00814856275,MH50 AH 3643,Toyota Innova,4.6,17
DRV4422,Mitesh Dayal,+910537266250,MH48 OC 9974,Toyota Innova,3.8,2
DRV4423,Veer Narula,+913195263463,MH17 XZ 5763,Swift Dzire,4.0,20
DRV4424,Varsha Goel,03188385214,MH1 AB 1244,Tata Nexon,4.2,15
DRV4425,William Barad,03641755189,MH10 NO 5887,Kia Seltos,4.1,14
DRV4426,Wridesh Kari,+919727139459,MH8 TO 1762,Mahindra XUV700,4.7,6
DRV4427,Pahal Krishnan,08386610841,MH43 YI 4777,Honda City,4.6,19
DRV4428,Yutika Sama,+918794184734,MH40 BV 5505,Toyota Innova,4.0,10
DRV4429,Frado Dhillon,5935399590,MH7 MI 6331,Swift Dzire,4.4,15
DRV4430,Rachana Keer,3391181912,MH38 TV 0565,Honda City,3.9,18
DRV4431,Leela Kade,+913814208117,MH26 LV 6217,Kia Seltos,3.5,14
DRV4432,Quincy Chanda,3303362815,MH17 SC 4039,Hyundai i20,4.1,20
DRV4433,Hardik Sabharwal,+911545722541,MH33 ZJ 4423,Swift Dzire,4.6,5
DRV4434,Radhika Johal,08659814390,MH13 HU 3466,Tata Nexon,4.7,20
DRV4435,Anmol Viswanathan,4922278013,MH44 LP 1288,Mahindra XUV700,4.4,20
DRV4436,Daniel Bora,+912979253110,MH49 XJ 6097,Hyundai Creta,3.7,7
DRV4437,Veda Mani,1632408457,MH18 EK 2533,Toyota Innova,4.5,11
DRV4438,Krisha Ray,0383046954,MH6 OF 2089,WagonR,4.4,5
DRV4439,Onkar Zachariah,+918511703338,MH2 UC 5782,Tata Nexon,4.9,5
DRV4440,Chaaya Sarin,8457362493,MH28 BV 9209,Hyundai i20,3.7,19
DRV4441,Hitesh Kibe,5366612196,MH5 IK 5338,Mahindra XUV700,4.3,11
DRV4442,Ishaan Cheema,4851161298,MH42 YS 3550,Hyundai i20,4.2,2
DRV4443,Bhanumati Nayak,08835320487,MH47 HL 4801,Maruti Ertiga,3.7,6
DRV4444,Bina Behl,03972109089,MH38 QN 4765,Maruti Ertiga,4.2,1
DRV4445,Triveni Bose,07484099140,MH49 GF 1333,Swift Dzire,4.5,19
DRV4446,Baghyawati Kapadia,+918501276573,MH2 FA 8442,Maruti Ertiga,3.6,9
DRV4447,Samarth Som,6967827235,MH17 TX 1444,Kia Seltos,4.9,12
DRV4448,Falan Bobal,02053014294,MH6 IZ 1689,Tata Nexon,4.7,11
DRV4449,Arin Subramanian,+916457897503,MH11 JF 7043,Mahindra XUV700,3.6,17
DRV4450,Triveni Jha,05710697309,MH50 QS 7740,Swift Dzire,4.8,9
DRV4451,Zaitra Srinivas,+912920564478,MH46 BQ 0778,Hyundai i20,4.1,3
DRV4452,Qabil Dhillon,+912005374674,MH6 WP 3423,Kia Seltos,4.4,13
DRV4453,Ekaraj Bora,+919817775820,MH48 KS 8740,Hyundai Creta,3.9,1
DRV4454,Jacob Badal,3522156307,MH29 MC 8146,Hyundai Creta,4.2,19
DRV4455,Qasim Gandhi,1939769570,MH47 IJ 1318,Hyundai Creta,4.0,16
DRV4456,Arjun Gole,08655188465,MH28 DC 9649,Tata Nexon,3.7,12
DRV4457,Qushi Sibal,02812869084,MH26 NB 2575,Honda City,4.5,18
DRV4458,Yochana Shetty,04360372534,MH15 MM 6953,Tata Nexon,3.8,19
DRV4459,Timothy Dixit,+919273908023,MH46 GP 6656,Swift Dzire,4.6,11
DRV4460,Samar Agarwal,07959781742,MH19 FJ 8362,Hyundai i20,3.8,20
DRV4461,Niharika Lalla,+915912257917,MH8 WW 6421,Swift Dzire,4.1,6
DRV4462,Harshil Bir,+911699706595,MH23 LT 0307,Kia Seltos,4.2,10
DRV4463,Amol Mannan,7735736878,MH17 HB 7120,Kia Seltos,4.7,10
DRV4464,Gopal Baria,09517892765,MH42 SM 0135,WagonR,4.8,12
DRV4465,Ekaja Ratti,03435055013,MH48 UE 8458,Swift Dzire,4.7,2
DRV4466,Samuel Nagi,3365237093,MH18 VM 5284,Kia Seltos,3.9,15
DRV4467,Damini Mukhopadhyay,+916312048217,MH16 LE 2076,Mahindra XUV700,4.8,16
DRV4468,Aryan Yadav,01571717095,MH18 KG 7066,Hyundai i20,4.3,3
DRV4469,Ishanvi Sarna,+918399052763,MH31 ER 9468,Toyota Innova,3.8,9
DRV4470,Azad Mall,04116758980,MH50 OA 6998,Swift Dzire,4.3,19
DRV4471,Dhriti Oza,1843763461,MH18 QM 5642,Tata Nexon,4.8,3
DRV4472,Zaid Chakrabarti,2398971955,MH27 EW 7664,Hyundai Creta,4.6,14
DRV4473,Robert Bajaj,+917778288465,MH12 MG 8892,Toyota Innova,4.1,20
DRV4474,Yug Anne,06069959452,MH42 QH 7943,Mahindra XUV700,4.5,18
DRV4475,Vinaya Venkatesh,6445368233,MH49 EV 9324,Honda City,4.1,7
DRV4476,Damini Raman,8479353701,MH11 GH 8736,Toyota Innova,3.5,1
DRV4477,Januja Balakrishnan,03972555628,MH46 JH 0131,Toyota Innova,3.8,2
DRV4478,Faris Sachdev,05617574651,MH30 WB 4391,Toyota Innova,4.9,19
DRV4479,Zansi Narang,02379531925,MH18 VM 5284,Hyundai Creta,4.6,9
DRV4480,Michael Dada,+919184517084,MH18 PM 4004,Tata Nexon,4.1,16
DRV4481,Oviya Nayar,08794619595,MH28 ZF 5487,Tata Nexon,3.6,5
DRV4482,Tara Mander,4000416992,MH29 IL 1446,Swift Dzire,3.7,13
DRV4483,Ridhi Goyal,6342597054,MH24 LD 4514,Kia Seltos,4.1,1
DRV4484,Dev Din,0473707975,MH27 KQ 2084,Hyundai i20,4.0,17
DRV4485,Bahadurjit Yogi,+917825441561,MH35 YY 0193,Maruti Ertiga,3.6,14
DRV4486,Vasatika Pal,+919562755823,MH30 HQ 0830,Maruti Ertiga,3.9,10
DRV4487,Saanvi Mishra,+914449336260,MH19 ZZ 2248,Honda City,3.6,19
DRV4488,Ekanta Rao,01945502707,MH38 ET 8226,WagonR,4.2,20
DRV4489,Deepa Taneja,+918375266582,MH17 FJ 0603,Hyundai Creta,3.9,20
DRV4490,Maya Chacko,5855884634,MH6 RK 0799,Swift Dzire,4.6,2
DRV4491,Shravya Badal,7699505995,MH16 MG 7839,Mahindra XUV700,3.7,14
DRV4492,Praneel Shere,03536623385,MH30 YB 6325,Toyota Innova,4.6,11
DRV4493,Thomas Basu,+919714332691,MH7 FR 0930,Honda City,3.7,13
DRV4494,Waida Deep,03522075643,MH43 XT 8930,Maruti Ertiga,3.8,5
DRV4495,Jai Rao,+914589669845,MH48 QS 9862,Hyundai i20,4.9,1
DRV4496,Ladli Mane,01152376962,MH19 RF 3758,Mahindra XUV700,4.0,4
DRV4497,Eiravati Padmanabhan,+918569036028,MH23 EZ 7379,Maruti Ertiga,4.7,19
DRV4498,Damini Murthy,+912855094583,MH40 MB 8348,Maruti Ertiga,3.7,6
DRV4499,Ishwar Keer,09856142691,MH38 JS 7476,Honda City,3.7,20
DRV4500,Simon Panchal,6250257243,MH12 MI 2068,Tata Nexon,4.1,4
DRV4501,Kiaan Kata,+910346542111,MH5 CN 6409,WagonR,4.6,17
DRV4502,Nicholas Sahni,05014544222,MH35 AG 1756,Honda City,5.0,5
DRV4503,Darsh Ramakrishnan,04037693710,MH24 WH 7004,Swift Dzire,3.9,8
DRV4504,Ekansh Parikh,+914460903113,MH23 EX 6704,Mahindra XUV700,4.1,3
DRV4505,Yatan Tailor,+919276761746,MH33 CJ 4481,Kia Seltos,3.5,4
DRV4506,Yachana Narayanan,3900623414,MH39 ZK 8102,Hyundai Creta,3.6,8
DRV4507,Siya Sodhi,09412729550,MH22 NR 2727,Hyundai i20,3.7,6
DRV4508,Bhavna Manda,05899345217,MH47 EK 2642,Swift Dzire,4.2,17
DRV4509,Rachita Kuruvilla,09642135107,MH34 ZB 3400,Swift Dzire,4.1,11
DRV4510,Dominic Dubey,+910214468834,MH28 LX 0914,Swift Dzire,4.5,10
DRV4511,Turvi Gaba,09082797249,MH15 HT 7480,Maruti Ertiga,3.6,16
DRV4512,Ira Toor,05018769960,MH36 DS 2607,Tata Nexon,3.8,2
DRV4513,Naveen Dada,02510340490,MH14 JP 3961,Honda City,4.2,7
DRV4514,Warinder Vyas,5486381166,MH10 VX 8220,Maruti Ertiga,4.1,17
DRV4515,Geetika Lad,+913776213365,MH45 TC 5501,Hyundai i20,4.0,2
DRV4516,Avni Krishnan,5304244322,MH37 GT 8118,Tata Nexon,4.5,9
DRV4517,Yashasvi Saini,+910369259194,MH26 DH 6971,Kia Seltos,3.5,9
DRV4518,Yadavi Kannan,+913611602250,MH14 YP 2871,Tata Nexon,4.0,20
DRV4519,Kalpit Ravel,+919254031705,MH29 CS 0647,Honda City,4.2,15
DRV4520,Mitali Mohanty,6867206327,MH18 WO 7709,Maruti Ertiga,4.3,2
DRV4521,Jatin Sharma,06125622787,MH43 WI 3890,Mahindra XUV700,3.5,19
DRV4522,Ria Anand,07507943607,MH22 XQ 4189,Hyundai i20,3.6,20
DRV4523,Om Bajaj,2246153852,MH15 JL 6566,Toyota Innova,4.2,14
DRV4524,Anamika Balasubramanian,04292403128,MH45 EQ 9590,WagonR,4.3,2
DRV4525,Atharv Gandhi,9041759688,MH1 FF 0213,WagonR,4.1,13
DRV4526,Siya Kurian,+915060086694,MH4 UV 9693,Mahindra XUV700,4.0,13
DRV4527,Utkarsh Batta,02957631652,MH7 PJ 0616,Hyundai Creta,4.7,9
DRV4528,Bhavika Salvi,+918903051506,MH5 GB 1258,Hyundai Creta,4.5,7
DRV4529,Tanish Jain,06624774698,MH20 EP 9789,Honda City,4.6,6
DRV4530,Chandresh Gandhi,5506836150,MH10 SM 8807,WagonR,4.1,17
DRV4531,Chatura Atwal,6106337725,MH49 KG 9296,Hyundai Creta,3.9,2
DRV4532,Widisha Varty,+918459774130,MH36 WW 5773,Tata Nexon,4.8,12
DRV4533,Ishanvi Sachdev,08296031149,MH5 PS 9327,Hyundai i20,3.5,3
DRV4534,Aadhya Banik,00999391681,MH32 OM 6215,Kia Seltos,4.4,10
DRV4535,Avni Pillai,7768864851,MH49 CU 0879,Toyota Innova,4.6,10
DRV4536,Pranit Chaudhuri,6586279589,MH24 UY 9638,Mahindra XUV700,3.5,17
DRV4537,Anika Warrior,+913076175450,MH33 TQ 9748,Maruti Ertiga,5.0,14
DRV4538,Abeer Varkey,01225892822,MH5 MA 1462,Swift Dzire,4.3,2
DRV4539,Hiral Zachariah,4605308902,MH10 JO 2480,Maruti Ertiga,4.5,6
DRV4540,Yashica Sant,+915009577301,MH22 AC 2371,Mahindra XUV700,3.7,6
DRV4541,Amara Nagy,00715311049,MH35 JP 1764,Hyundai Creta,4.0,4
DRV4542,Neelima Chopra,06799314476,MH46 CZ 3426,Tata Nexon,3.6,16
DRV4543,Dakshesh Butala,08376458700,MH29 QB 2191,WagonR,4.1,15
DRV4544,Andrew Rama,0678837694,MH37 SK 5213,Hyundai i20,3.8,11
DRV4545,Udant Lall,7281256020,MH15 DG 3800,Honda City,4.6,11
DRV4546,Irya Venkatesh,02861819022,MH5 MX 8335,Toyota Innova,4.0,14
DRV4547,Frederick Bains,07830645356,MH44 TN 6810,WagonR,4.4,9
DRV4548,Balveer Sabharwal,+914848364826,MH49 UP 0879,Swift Dzire,4.1,12
DRV4549,Krishna Tank,+917083408072,MH28 IO 6516,Hyundai i20,4.7,4
DRV4550,Gaurangi Gopal,7690342148,MH36 YV 5606,Kia Seltos,5.0,16
DRV4551,Yoshita Oak,9621919020,MH13 QO 2307,Tata Nexon,3.8,8
DRV4552,Devansh Sheth,06467070651,MH17 SS 3066,Maruti Ertiga,3.9,3
DRV4553,Ojasvi Shan,02299394239,MH37 PI 3349,Toyota Innova,4.0,11
DRV4554,Saumya Grewal,07650227082,MH35 CG 1934,WagonR,3.6,8
DRV4555,Isha Majumdar,1192547828,MH11 AK 9056,Mahindra XUV700,4.7,4
DRV4556,Upadhriti Shenoy,07389517814,MH16 NP 0617,Swift Dzire,4.2,7
DRV4557,Ira Nayak,+910226079405,MH27 TI 2899,Toyota Innova,4.1,10
DRV4558,Kai Sagar,00295147639,MH8 CA 9623,Honda City,4.5,12
DRV4559,Upadhriti Nagy,05320520152,MH37 UA 6754,Maruti Ertiga,4.1,2
DRV4560,Nathan Rastogi,+919038235589,MH30 ZX 1181,Hyundai i20,3.8,14
DRV4561,Laban Vyas,8265338851,MH40 DO 7848,Toyota Innova,3.7,6
DRV4562,Unnati Wason,+916536835904,MH38 NV 9865,Maruti Ertiga,4.5,14
DRV4563,Rachita Pandya,00590408188,MH34 WZ 1346,Hyundai i20,3.9,3
DRV4564,Darika Baral,7203462274,MH13 XA 1773,Tata Nexon,5.0,14
DRV4565,Falak Mallick,6797158297,MH10 KX 6466,Kia Seltos,3.9,9
DRV4566,Janani Kala,9575272113,MH48 DW 7434,Tata Nexon,4.9,7
DRV4567,Gaurang Bora,5853916848,MH5 FG 9147,Mahindra XUV700,4.8,19
DRV4568,Diya Nayar,5070421549,MH23 SS 7263,Maruti Ertiga,4.9,9
DRV4569,Upkaar Kuruvilla,+910165841221,MH44 IR 5984,Kia Seltos,4.5,12
DRV4570,Devansh Mander,08136538536,MH10 MP 3743,Kia Seltos,4.8,16
DRV4571,Udyati Krishnan,3152592569,MH40 WS 6486,Mahindra XUV700,3.8,13
DRV4572,Inaya Bassi,+910515587368,MH12 WZ 7867,Kia Seltos,4.9,4
DRV4573,Sanaya Keer,+918776485373,MH48 YR 7508,Honda City,3.7,11
DRV4574,Raghav Virk,09183026800,MH20 KC 7563,Maruti Ertiga,5.0,19
DRV4575,Yahvi Bansal,7271981800,MH41 ES 4696,Mahindra XUV700,4.2,19
DRV4576,Kritika Mital,0214535628,MH24 WC 6048,Tata Nexon,3.7,18
DRV4577,Ekaja Ramesh,6651436743,MH29 GG 0851,WagonR,4.0,9
DRV4578,Falan Borde,+913195431467,MH17 GO 2789,Kia Seltos,3.9,14
DRV4579,Ishanvi Virk,09627016887,MH1 CZ 4998,Honda City,3.6,18
DRV4580,Saumya Dube,01708663781,MH11 TA 4945,Kia Seltos,4.7,14
DRV4581,Zinal Krish,04868880157,MH21 HN 6830,Tata Nexon,4.8,8
DRV4582,Yadavi Varty,05270992517,MH38 PL 5920,Maruti Ertiga,4.7,1
DRV4583,Vihaan Biswas,4992181678,MH25 NE 4138,Hyundai i20,3.9,20
DRV4584,Qadim Murthy,3957272223,MH18 DU 6655,Mahindra XUV700,4.3,12
DRV4585,Naksh Chander,9446054560,MH3 GT 1453,Toyota Innova,4.5,9
DRV4586,Sai Chahal,+916612599358,MH9 SP 1910,Swift Dzire,3.6,5
DRV4587,Inaya Kakar,+912767027466,MH21 WN 5788,Hyundai i20,4.7,20
DRV4588,Kritika Jha,4458471898,MH24 XY 0586,Swift Dzire,4.6,12
DRV4589,Brinda Keer,1561745153,MH13 GY 7893,Swift Dzire,3.9,1
DRV4590,Amrita Kamdar,+914497831195,MH41 NH 5785,Hyundai Creta,3.9,19
DRV4591,Bhavini Minhas,4517076787,MH39 YI 2282,Maruti Ertiga,3.9,10
DRV4592,Neelima Sachar,7129378125,MH27 DL 9119,Mahindra XUV700,3.6,9
DRV4593,Krishna Raman,+914723162925,MH8 EA 1103,Hyundai i20,4.2,16
DRV4594,Vyanjana Sheth,+917618676535,MH49 HR 1465,Kia Seltos,4.6,18
DRV4595,Kevin Shah,5450683067,MH19 JX 7453,Mahindra XUV700,4.4,20
DRV4596,Kiaan Issac,+917310377133,MH10 TA 8487,Toyota Innova,4.6,3
DRV4597,Vedant Batra,01242749508,MH47 GH 6195,Honda City,4.7,13
DRV4598,Ayush Sodhi,+913199310038,MH3 CI 5392,Honda City,4.2,17
DRV4599,Nikita Lall,+913967117601,MH16 TZ 3608,Maruti Ertiga,4.0,9
DRV4600,Indrajit Dhawan,4569909922,MH42 AD 7364,Toyota Innova,4.5,5
DRV4601,Samesh Wagle,3250920830,MH15 FX 1468,Toyota Innova,3.8,11
DRV4602,Yagnesh Tella,08016403750,MH40 UW 8314,Maruti Ertiga,4.9,20
DRV4603,Divya Sachdeva,+917838584881,MH40 QP 0032,Honda City,3.9,19
DRV4604,Frado Prabhu,04807287380,MH42 CR 7273,Kia Seltos,3.6,1
DRV4605,Utkarsh Muni,6304557436,MH10 AI 7798,Swift Dzire,4.7,1
DRV4606,Benjamin Mistry,7626950657,MH26 PH 2452,WagonR,3.9,10
DRV4607,Bhavini Upadhyay,3777700786,MH32 IR 2143,Hyundai i20,4.4,6
DRV4608,Yatin Mutti,+919923680951,MH12 ZT 7768,Hyundai Creta,4.9,4
DRV4609,Banjeet Talwar,01004652063,MH30 VY 1957,Honda City,4.6,10
DRV4610,Nilima Pau,04715667103,MH37 AE 2792,Tata Nexon,4.8,15
DRV4611,Pranav Bir,09869518952,MH35 LX 3249,Hyundai i20,4.5,14
DRV4612,Ubika Bhalla,+918127655039,MH46 DR 0901,Hyundai Creta,3.6,7
DRV4613,Watika Dugar,00598935652,MH13 MN 7474,Hyundai Creta,4.8,3
DRV4614,Arunima Sahni,+913197720573,MH47 RL 0208,Kia Seltos,4.7,17
DRV4615,Prisha Dar,8089477370,MH46 OJ 3784,Maruti Ertiga,4.9,12
DRV4616,Ishita Dugal,6943026952,MH10 KY 5724,Toyota Innova,4.4,17
DRV4617,Meghana Lad,06578899858,MH31 IW 2390,Mahindra XUV700,4.8,16
DRV4618,Balveer Gala,05424714920,MH18 DU 9311,Kia Seltos,4.8,18
DRV4619,Yatin Dhingra,+917762762506,MH40 LN 3840,Swift Dzire,4.7,19
DRV4620,Rajeshri Tandon,+910193483900,MH1 WO 2100,Maruti Ertiga,3.9,18
DRV4621,Logan Savant,+910371788172,MH14 WX 8997,Kia Seltos,4.6,8
DRV4622,Brijesh Parmer,+919515145616,MH50 QK 6608,Mahindra XUV700,4.1,7
DRV4623,Abha Dhillon,02618976814,MH27 HF 9378,Mahindra XUV700,4.6,17
DRV4624,Gavin Buch,+916405797893,MH22 FY 6213,Hyundai Creta,5.0,17
DRV4625,Parth Badal,+915002318024,MH4 HX 8683,Maruti Ertiga,4.6,18
DRV4626,Janya Sane,08423132070,MH48 OY 5583,Hyundai i20,3.7,3
DRV4627,Zarna Shukla,+919607498734,MH31 WE 7030,Mahindra XUV700,3.7,6
DRV4628,Ojasvi Sunder,+915112883954,MH17 OG 9743,Kia Seltos,3.6,18
DRV4629,Janya Misra,03564532882,MH13 BI 4510,Maruti Ertiga,3.9,3
DRV4630,Kala More,+912726057104,MH17 GO 2789,Mahindra XUV700,4.8,9
DRV4631,Niharika Gulati,03726657593,MH8 MY 5175,Tata Nexon,3.9,9
DRV4632,Fitan Viswanathan,+918367276358,MH49 ZL 5942,Toyota Innova,3.7,3
DRV4633,Bimala Sharma,01327002329,MH40 RW 3141,Maruti Ertiga,4.7,12
DRV4634,Mugdha Raju,0371133696,MH40 XK 1066,Hyundai i20,4.5,16
DRV4635,Ayaan Vohra,7861812273,MH17 ST 7157,Mahindra XUV700,4.3,7
DRV4636,Kritika Dani,+919976840750,MH45 DT 5548,Tata Nexon,4.1,2
DRV4637,Gagan Reddy,+912524371920,MH7 XC 7638,Hyundai i20,4.1,15
DRV4638,Harini Parekh,7914742894,MH10 PU 9022,Swift Dzire,4.5,16
DRV4639,Ekta Chawla,01650878852,MH32 RC 6461,Kia Seltos,3.9,17
DRV4640,Elijah Ganesh,01498196565,MH50 BN 1320,Tata Nexon,4.3,13
DRV4641,Indali Dhawan,+914425794650,MH34 AR 6225,Honda City,4.1,17
DRV4642,Leela Mutti,+912325380968,MH16 DD 1954,Hyundai Creta,4.5,7
DRV4643,Zilmil Gupta,07365767064,MH43 JG 7010,Swift Dzire,4.2,12
DRV4644,Priya Gade,+917677976410,MH29 CA 3355,Hyundai i20,3.6,17
DRV4645,Hemang Randhawa,03244795916,MH12 MK 1129,Toyota Innova,4.1,9
DRV4646,Forum Kanda,05367722162,MH15 TH 2492,Kia Seltos,4.4,7
DRV4647,Yutika Panchal,+910191045620,MH47 IP 0114,Mahindra XUV700,4.2,5
DRV4648,Damini Tella,+913704490848,MH36 OS 5403,Honda City,4.1,1
DRV4649,Brinda Natarajan,02776974892,MH34 CV 8965,Mahindra XUV700,3.8,7
DRV4650,Tanay Bir,00012166527,MH24 RA 4378,Toyota Innova,4.2,10
DRV4651,Krishna Wali,02144621283,MH4 EB 7376,Honda City,4.4,1
DRV4652,Jagdish Verma,+914651370529,MH23 VO 8393,Maruti Ertiga,3.7,13
DRV4653,Oni Lalla,1586981898,MH34 OM 4686,Mahindra XUV700,4.2,6
DRV4654,Vritti Gola,+914402391141,MH30 PX 2325,Toyota Innova,4.5,4
DRV4655,Lakshmi Gera,+916187865674,MH44 YY 5622,Hyundai i20,3.7,8
DRV4656,Sanaya Saxena,05651189675,MH19 ZS 4994,Tata Nexon,3.6,16
DRV4657,Hemani Deshmukh,+916729755429,MH10 OG 1214,Toyota Innova,4.2,14
DRV4658,Reva Wali,+917042759130,MH49 YS 6592,Hyundai Creta,4.0,9
DRV4659,Logan Patil,01327347664,MH10 MA 4118,Hyundai Creta,3.7,19
DRV4660,Yash Sehgal,8579841717,MH4 UY 6296,Honda City,3.8,2
DRV4661,Ranveer Dugal,+917399254663,MH49 ES 5056,Maruti Ertiga,4.5,2
DRV4662,Ekalinga Ramesh,06470908146,MH32 PT 5011,WagonR,4.7,3
DRV4663,Anya Chandran,1469318877,MH38 WY 3993,Mahindra XUV700,3.7,15
DRV4664,Ryan Butala,05608467133,MH17 IB 6788,WagonR,3.9,6
DRV4665,Gautami Dash,+913456442854,MH36 OQ 1430,Honda City,5.0,4
DRV4666,Eshana Chandran,2975490780,MH31 DQ 4751,Swift Dzire,4.4,7
DRV4667,Rachana Patla,+916678069402,MH43 WI 3164,Toyota Innova,4.1,7
DRV4668,Dipta Nadkarni,9106498218,MH36 UE 4470,Hyundai Creta,4.7,2
DRV4669,Siya Mistry,9944592205,MH45 II 1463,Toyota Innova,4.4,19
DRV4670,Zansi Ahluwalia,+913133939004,MH47 HL 4801,Toyota Innova,4.2,12
DRV4671,Urmi Kaul,5873347886,MH44 WA 0738,Honda City,4.7,3
DRV4672,Vedika Arora,+914137705219,MH36 BF 1286,Hyundai i20,3.5,11
DRV4673,Warinder Varughese,5110457580,MH40 GN 0525,Maruti Ertiga,3.7,11
DRV4674,Om Goda,09549235857,MH30 OH 6508,Toyota Innova,5.0,11
DRV4675,Rajata Kamdar,7431970819,MH34 MH 1555,Mahindra XUV700,4.0,2
DRV4676,Vaishnavi Vyas,2257651410,MH11 SV 8673,Mahindra XUV700,4.1,9
DRV4677,Prisha Barad,+910858135427,MH2 SO 3055,Swift Dzire,3.6,18
DRV4678,Sai Dhingra,1428384281,MH28 YN 4442,Kia Seltos,4.7,15
DRV4679,Falak Hayer,+915576395353,MH40 KS 0824,Swift Dzire,4.5,19
DRV4680,Jalsa Kaul,+913699554069,MH48 ZY 9048,Maruti Ertiga,3.9,17
DRV4681,Indira Sarin,0518734352,MH17 QH 7258,Maruti Ertiga,4.9,20
DRV4682,Vedika Seshadri,9445246817,MH39 VL 4968,Swift Dzire,4.1,18
DRV4683,Sachi Majumdar,+910218171119,MH8 PS 3351,WagonR,3.8,14
DRV4684,Ucchal Mishra,1759698371,MH1 HO 3636,Toyota Innova,3.8,11
DRV4685,Aayush Badami,5076224986,MH4 RX 9757,Tata Nexon,4.8,1
DRV4686,Aashi Narula,04780472614,MH43 OG 2246,Honda City,3.5,6
DRV4687,Harrison Date,00131384827,MH22 XS 2268,Hyundai i20,4.7,11
DRV4688,Nilima Manne,+918463586223,MH22 UW 2758,Toyota Innova,4.6,8
DRV4689,Edhitha Gara,+912613943333,MH25 QN 9907,Toyota Innova,4.1,2
DRV4690,Dhriti Grover,+915240275058,MH5 OS 7123,Swift Dzire,4.2,12
DRV4691,Logan Doshi,+911349450751,MH41 IK 4660,WagonR,4.1,7
DRV4692,Reva Dugar,00727772864,MH24 QD 6714,WagonR,5.0,5
DRV4693,Warjas Mani,+916318742467,MH9 EQ 4796,Toyota Innova,4.7,11
DRV4694,Barkha Pall,+911413934526,MH18 DO 9299,Kia Seltos,4.3,11
DRV4695,Mahika Tara,7595879647,MH26 CC 8472,Hyundai i20,3.6,18
DRV4696,Manthan Chandra,+913851968818,MH23 AV 6483,Maruti Ertiga,5.0,2
DRV4697,Luke Khalsa,08479890893,MH26 PH 2452,Maruti Ertiga,4.4,14
DRV4698,Mohammed Chahal,03031846469,MH27 TI 2899,Toyota Innova,4.0,10
DRV4699,Chakradev Biswas,00005117363,MH33 ED 6587,Toyota Innova,3.9,7
DRV4700,Jack Tata,03595168020,MH43 TA 6930,Swift Dzire,4.1,15
DRV4701,Yadavi Srinivasan,0523896459,MH17 QR 7629,Mahindra XUV700,3.6,15
DRV4702,Harshil Oommen,+915562622043,MH47 RZ 6862,Honda City,4.2,6
DRV4703,Bhavna Srivastava,7648266268,MH48 NF 1573,Swift Dzire,3.8,4
DRV4704,Falak Tella,04006816010,MH27 HQ 5420,Mahindra XUV700,4.5,6
DRV4705,Nathan Dass,9922071374,MH43 IS 0519,Swift Dzire,4.9,8
DRV4706,Lavanya Bala,02343159603,MH47 OH 9146,Tata Nexon,4.0,16
DRV4707,Fitan Rau,07475781407,MH40 OC 1576,Hyundai i20,4.0,13
DRV4708,Gaurika Kakar,1017633639,MH30 JI 1531,Hyundai i20,3.8,2
DRV4709,Watika Virk,5775780792,MH12 KV 2165,Hyundai Creta,3.9,12
DRV4710,Amruta Swaminathan,07162361776,MH36 OW 9377,Toyota Innova,4.5,10
DRV4711,Warinder Sachdeva,5449441638,MH17 CI 2688,Kia Seltos,4.0,2
DRV4712,Ijaya Sunder,1014749068,MH28 NL 2665,Honda City,4.4,19
DRV4713,Jalsa Varma,+918681370962,MH38 TJ 5592,Kia Seltos,4.1,19
DRV4714,Forum Lata,+913058331661,MH24 CS 3202,Mahindra XUV700,3.9,6
DRV4715,Samuel Dani,+910793273052,MH17 XF 7065,Toyota Innova,4.2,8
DRV4716,Triveni Mane,09545840841,MH33 CG 2979,Hyundai Creta,3.7,9
DRV4717,Jhalak Agrawal,+910094403859,MH14 SS 6988,Kia Seltos,4.6,19
DRV4718,Oni Char,08383862799,MH17 MS 9590,Maruti Ertiga,3.7,12
DRV4719,Raksha Halder,+918063360736,MH27 HQ 5420,Tata Nexon,3.8,8
DRV4720,Lavanya Jain,+917409012953,MH27 SJ 2133,Kia Seltos,4.3,12
DRV4721,Oeshi Balay,06671281138,MH16 FV 1752,Hyundai i20,4.4,1
DRV4722,Keya Mutti,00747860147,MH50 TG 2042,Toyota Innova,3.8,10
DRV4723,Vritti Kade,+913820714739,MH34 YT 7213,Hyundai Creta,4.1,14
DRV4724,Ishita Nigam,2491604428,MH49 GR 2113,WagonR,4.1,14
DRV4725,Chanakya Dyal,03512612424,MH19 QH 5578,Mahindra XUV700,3.9,15
DRV4726,Ishani Shetty,00422501403,MH50 YS 2514,Kia Seltos,3.6,4
DRV4727,Damyanti Nanda,01152084515,MH50 DK 7709,Mahindra XUV700,4.3,14
DRV4728,Devika Basak,07345413354,MH25 WG 8459,Mahindra XUV700,4.2,14
DRV4729,Upasna Sami,+915216954010,MH28 PC 9821,Maruti Ertiga,3.8,19
DRV4730,Gayathri Sani,09456445890,MH26 BU 0647,Mahindra XUV700,5.0,20
DRV4731,Radha Jani,3376434681,MH33 FY 4853,Swift Dzire,4.0,14
DRV4732,Kritika Madan,+918542311619,MH20 TZ 8760,Honda City,4.3,13
DRV4733,Hemal Mahajan,+911354079323,MH26 DA 4507,Mahindra XUV700,4.2,4
DRV4734,Vasudha Mani,5661632941,MH35 NV 6219,Toyota Innova,4.6,3
DRV4735,Veer Wali,01097157828,MH36 NV 3768,Kia Seltos,4.9,10
DRV4736,Hritik Dutta,03174105387,MH19 YY 8290,Honda City,4.3,1
DRV4737,Yash Dhawan,+912192114206,MH16 YG 2598,Maruti Ertiga,4.6,20
DRV4738,Anya Mander,+916738852808,MH29 PX 6321,Maruti Ertiga,3.6,11
DRV4739,Leena Yogi,+912436897776,MH27 UL 6247,Mahindra XUV700,3.5,19
DRV4740,Ronith Bhavsar,+914587930557,MH20 NI 5640,Hyundai i20,4.2,2
DRV4741,Neha Sangha,+911479834962,MH31 ZS 0063,Hyundai i20,4.6,11
DRV4742,Ojasvi Chowdhury,+918744310713,MH9 OH 8448,Hyundai Creta,3.6,6
DRV4743,Karan Mammen,09948876274,MH47 LS 3572,Hyundai Creta,3.8,3
DRV4744,Triveni Arora,+919707677527,MH10 XY 0631,Hyundai i20,5.0,17
DRV4745,Hemal Bhandari,9713044666,MH29 SJ 7693,Kia Seltos,3.9,16
DRV4746,Megha Nagi,04028547708,MH2 BO 3440,Mahindra XUV700,4.8,5
DRV4747,Pahal Solanki,0802920502,MH10 AD 0580,Mahindra XUV700,4.7,19
DRV4748,Chaitaly Mahal,06876880205,MH49 UN 6049,Kia Seltos,4.5,19
DRV4749,Damyanti Chaudhuri,7415305978,MH28 TU 9367,Hyundai i20,4.5,13
DRV4750,Shaurya Dani,+913618615614,MH11 BI 7347,Mahindra XUV700,4.5,3
DRV4751,Vincent Shukla,+917544999273,MH19 CK 9552,Kia Seltos,4.4,14
DRV4752,Patrick Prabhu,+916921360422,MH18 QS 7774,Tata Nexon,3.9,16
DRV4753,Radha Chand,4954770618,MH12 FW 7489,Honda City,4.0,8
DRV4754,Nathaniel Wason,9592595886,MH29 TX 9830,Tata Nexon,3.7,8
DRV4755,Kashish Mody,+919535037892,MH5 EJ 3311,Tata Nexon,4.6,1
DRV4756,Pushti Tiwari,7147330202,MH17 BK 0992,WagonR,5.0,13
DRV4757,Kai Gera,2986639902,MH29 SB 8306,Maruti Ertiga,4.3,20
DRV4758,Advik Bakshi,4732646668,MH14 NZ 2700,Toyota Innova,4.7,14
DRV4759,Jackson Dayal,+916355831128,MH40 MZ 2633,Swift Dzire,4.7,11
DRV4760,Varenya Muni,05980974110,MH44 OD 2208,Maruti Ertiga,3.9,4
DRV4761,Keya Karan,06045039234,MH32 KD 7007,Swift Dzire,4.1,18
DRV4762,Upma Warrior,0649034583,MH49 DC 2651,Swift Dzire,4.0,2
DRV4763,Vamakshi Grover,02845219220,MH42 YV 4633,Hyundai i20,4.2,11
DRV4764,Arya Nadkarni,+916410026386,MH42 DI 3279,Hyundai Creta,4.4,9
DRV4765,David Chand,9118475046,MH5 WO 4641,Toyota Innova,4.1,1
DRV4766,Darpan Menon,+916799537275,MH9 AJ 7387,Hyundai Creta,3.8,2
DRV4767,Qasim Palla,0043460752,MH39 CS 9595,WagonR,4.6,4
DRV4768,Triya Madan,07080691764,MH36 VZ 6150,Tata Nexon,5.0,4
DRV4769,Omkaar Rout,+915610825512,MH37 OC 9655,Honda City,4.8,8
DRV4770,Aachal Goda,+915191194494,MH35 MR 9270,Toyota Innova,3.9,2
DRV4771,Ekanta Reddy,05228913907,MH6 PY 2876,Honda City,4.4,12
DRV4772,Udyati Mani,+915634025305,MH25 NS 3970,Hyundai Creta,3.9,13
DRV4773,Yutika Balan,6898841734,MH37 PN 4305,Swift Dzire,4.9,15
DRV4774,Bhavani Thaman,5428768163,MH18 AT 3383,Mahindra XUV700,4.4,11
DRV4775,Damini Raju,+916744842898,MH48 NW 2347,Tata Nexon,3.7,2
DRV4776,Kalpit Bera,+910247705213,MH19 SH 3386,Toyota Innova,4.7,8
DRV4777,Tanay Butala,07561235864,MH17 QE 2432,Hyundai i20,3.7,14
DRV4778,Thomas Sethi,03464554263,MH50 TB 4053,Toyota Innova,4.4,10
DRV4779,Nisha Sule,1579868708,MH6 RS 8656,Hyundai Creta,4.4,20
DRV4780,Ekavir Ahluwalia,+916853274056,MH40 HZ 8358,Tata Nexon,3.8,1
DRV4781,Reyansh Dewan,06972043152,MH47 SE 4016,WagonR,4.2,20
DRV4782,Vivaan Nayak,0572879293,MH42 XH 0095,Honda City,4.7,20
DRV4783,Lakshit Sanghvi,+919605409615,MH42 ZK 2896,Swift Dzire,4.3,13
DRV4784,Sudiksha Vora,5068969521,MH15 FR 1492,Kia Seltos,4.6,4
DRV4785,Gopal Pall,00333108203,MH8 TO 1762,Hyundai Creta,3.9,20
DRV4786,Harrison Saini,05152178504,MH45 TC 5501,Kia Seltos,4.6,12
DRV4787,Yamini Dubey,06713909296,MH32 IF 9801,Kia Seltos,4.6,15
DRV4788,Agastya Madan,+915226186714,MH30 KX 4896,Honda City,4.5,15
DRV4789,Sudiksha Mishra,01501474581,MH7 UH 5077,WagonR,3.5,10
DRV4790,Yashvi Mandal,+915318857245,MH16 YN 1035,Swift Dzire,4.0,14
DRV4791,Falan Aggarwal,00889339614,MH24 UC 5959,Kia Seltos,4.0,13
DRV4792,Veda De,08376836837,MH8 VX 6909,WagonR,4.9,18
DRV4793,Matthew Prashad,+915907111437,MH9 CP 2005,WagonR,4.4,12
DRV4794,Rajata Chakraborty,+916881486205,MH38 UZ 8140,Maruti Ertiga,3.6,11
DRV4795,Samesh Kibe,00384487321,MH13 KE 1782,Honda City,4.9,14
DRV4796,Champak Khare,07067391711,MH8 SJ 2945,Honda City,3.7,16
DRV4797,Bina Pillay,+912041850118,MH27 ED 4237,Kia Seltos,3.6,18
DRV4798,Janani Ben,06910856738,MH32 GK 6444,Mahindra XUV700,4.4,20
DRV4799,Gopal Lal,7358624537,MH25 CD 8320,Hyundai i20,4.7,10
DRV4800,Yashodhara Mital,3894353025,MH25 NV 6133,Swift Dzire,3.6,13
DRV4801,Sneha Amble,06506978348,MH23 CS 8507,Hyundai Creta,4.8,3
DRV4802,Balendra Kapoor,+915963125095,MH24 SV 3822,Swift Dzire,4.4,1
DRV4803,Gauri Nath,1668638450,MH24 BI 7260,Hyundai i20,4.0,15
DRV4804,Oeshi Nori,7060750091,MH36 AQ 6160,Mahindra XUV700,3.7,13
DRV4805,Vivaan Divan,3661772166,MH12 KP 3584,Tata Nexon,4.4,20
DRV4806,Forum Shenoy,3950460242,MH21 SN 4959,Honda City,4.7,9
DRV4807,Benjamin Kara,+914550234327,MH26 OX 0140,Hyundai Creta,4.1,9
DRV4808,Vinaya Atwal,7079892480,MH1 JC 9096,Maruti Ertiga,4.6,17
DRV4809,Gaurang More,7486137588,MH34 JO 9273,Mahindra XUV700,4.8,11
DRV4810,Omisha Raval,+912184944627,MH43 OI 1499,Honda City,4.3,9
DRV4811,Triveni Savant,+919186773259,MH11 YU 7561,Tata Nexon,4.3,19
DRV4812,Matthew Tandon,05754972291,MH40 UT 3897,Kia Seltos,4.6,7
DRV4813,Dipta Nanda,+916491403472,MH2 XS 3693,Honda City,4.5,5
DRV4814,Maanav Ram,00038173722,MH9 CP 2005,Swift Dzire,3.7,2
DRV4815,Rachana Dara,5249683694,MH14 OM 7631,WagonR,4.7,12
DRV4816,Zilmil Dani,01251167865,MH2 OI 6869,Hyundai i20,4.8,5
DRV4817,Alka Saha,7538492625,MH37 OW 6249,Toyota Innova,4.2,19
DRV4818,Arunima Sibal,3606652665,MH14 QO 6637,Hyundai Creta,4.5,19
DRV4819,Gavin Contractor,+916187163008,MH46 YE 5831,Kia Seltos,4.0,13
DRV4820,Imaran Pall,01731768342,MH10 TA 8487,Swift Dzire,4.3,4
DRV4821,Jagvi Lad,05223903918,MH12 AK 7189,Toyota Innova,4.6,19
DRV4822,Bakhshi Bandi,1910477943,MH30 TK 0558,Mahindra XUV700,4.2,2
DRV4823,Wyatt Goel,+914397064180,MH34 AI 8933,Hyundai Creta,4.7,7
DRV4824,Lakshmi Bajwa,2810819641,MH18 PJ 5101,Swift Dzire,4.4,6
DRV4825,Lajita Pradhan,+915294957041,MH1 TA 9767,Mahindra XUV700,4.5,13
DRV4826,Yashoda Gara,+918894149089,MH43 BM 9683,Tata Nexon,3.6,5
DRV4827,Kevin Menon,08081983574,MH48 TF 5348,Tata Nexon,4.4,1
DRV4828,Anika Baria,2318626534,MH20 NW 8573,Mahindra XUV700,4.2,3
DRV4829,Sai Rajan,+916623856814,MH7 NB 6393,Toyota Innova,3.9,12
DRV4830,Daniel Salvi,+910147681598,MH38 ES 2988,Kia Seltos,3.9,9
DRV4831,Fariq Yogi,+915710285783,MH9 SB 9119,Tata Nexon,3.8,18
DRV4832,Yashica Kamdar,05802335932,MH28 QZ 9939,Honda City,4.2,18
DRV4833,Wakeeta Natarajan,+913487725892,MH41 WZ 2791,Kia Seltos,4.3,18
DRV4834,Forum Lad,3693125391,MH25 GY 9166,Honda City,4.4,6
DRV4835,Hitesh Sama,8521010009,MH49 JY 5001,Kia Seltos,4.5,19
DRV4836,Turvi Dora,+916432634869,MH12 NU 5304,Honda City,4.2,10
DRV4837,Vedhika Swaminathan,+910758265807,MH11 IN 9371,Hyundai i20,4.9,14
DRV4838,Agastya Andra,3764601138,MH20 PJ 0031,Hyundai Creta,3.7,13
DRV4839,Falguni Khalsa,+912197293339,MH36 TA 9738,Kia Seltos,3.9,3
DRV4840,Warjas Roy,00007995920,MH6 LX 4920,Kia Seltos,4.4,8
DRV4841,Oscar Sahota,+919294785874,MH12 WX 2581,Kia Seltos,4.7,12
DRV4842,Balvan Nair,9299596925,MH4 QL 2779,Hyundai Creta,4.2,17
DRV4843,Ishwar Reddy,05933424459,MH30 ID 6472,Tata Nexon,4.8,19
DRV4844,Rishi Lall,2768586753,MH29 UA 9951,Kia Seltos,4.5,5
DRV4845,Prisha Doshi,05398366040,MH27 CO 8114,Maruti Ertiga,3.5,11
DRV4846,Gopal Garde,4439643059,MH5 OB 2931,Maruti Ertiga,4.0,10
DRV4847,Vihaan Lalla,+913912547018,MH30 XJ 0225,Mahindra XUV700,4.3,18
DRV4848,Gautam Madan,01948110370,MH43 SG 7751,Honda City,4.1,18
DRV4849,Pratyush Chakrabarti,+911526725649,MH36 BN 8376,Toyota Innova,4.2,14
DRV4850,Ranveer Pillay,+910893429833,MH43 OJ 6638,Swift Dzire,4.2,11
DRV4851,Jason Kannan,1085307500,MH36 UV 6309,Toyota Innova,4.2,11
DRV4852,Gaurangi Khare,1579872257,MH13 PF 1458,Honda City,4.9,18
DRV4853,Anmol Roy,+915171943096,MH43 TA 6930,Kia Seltos,4.4,14
DRV4854,Aadi Das,05903339133,MH28 YB 5552,Mahindra XUV700,4.6,11
DRV4855,Krisha Srivastava,2786998109,MH14 YD 9551,Toyota Innova,4.6,5
DRV4856,Avi Ramesh,7228490824,MH11 QL 4843,Honda City,4.9,15
DRV4857,Pallavi Butala,3248340614,MH30 YN 9231,Swift Dzire,4.7,5
DRV4858,Isaac Sama,06032513337,MH4 KX 5568,Maruti Ertiga,4.6,9
DRV4859,Utkarsh Dass,09271909870,MH50 SG 2030,Toyota Innova,4.6,10
DRV4860,Lila Rastogi,03032105618,MH29 KL 0625,Hyundai Creta,3.5,5
DRV4861,Indali Lall,4183623519,MH5 KI 8912,Mahindra XUV700,4.7,13
DRV4862,Hredhaan Mitter,6450557599,MH13 HB 5261,Swift Dzire,4.5,2
DRV4863,Nirja Rattan,+912919582401,MH44 SI 6446,Tata Nexon,3.7,8
DRV4864,Sudiksha Ganesh,+918647478200,MH15 QC 5250,Hyundai Creta,3.9,1
DRV4865,Charles Kara,1920818170,MH8 WX 2290,Toyota Innova,4.9,9
DRV4866,Ganga Garde,4017274667,MH5 WR 8142,Maruti Ertiga,4.2,8
DRV4867,Divya Gola,+913172045104,MH45 OY 1142,WagonR,3.8,19
DRV4868,Viraj Pall,02085357777,MH19 KI 0466,Mahindra XUV700,4.3,2
DRV4869,Nitara Kala,+917941186976,MH2 JN 4494,Tata Nexon,4.8,3
DRV4870,Isaac Ganguly,3075741486,MH18 MD 7859,Toyota Innova,4.3,10
DRV4871,Jonathan Pandey,+911882191798,MH50 MH 1114,Kia Seltos,3.7,19
DRV4872,Laban Devan,00952847578,MH16 EO 5401,Hyundai Creta,4.8,6
DRV4873,Triveni Johal,+918067332057,MH20 QV 5869,WagonR,4.7,17
DRV4874,Upasna Shroff,03111702817,MH30 FI 8523,Mahindra XUV700,4.6,20
DRV4875,Liam Sen,+915189461859,MH30 YO 2584,Maruti Ertiga,4.2,19
DRV4876,Januja Mand,00421258244,MH3 YQ 8546,Maruti Ertiga,4.6,5
DRV4877,Falak Saran,04724080590,MH10 CX 6974,Tata Nexon,4.0,5
DRV4878,Rohan Tiwari,07884922311,MH43 IC 1971,Honda City,4.8,9
DRV4879,Gaurav Kulkarni,+910432110277,MH43 DP 6319,Honda City,4.3,13
DRV4880,Rohan Dugar,01538386216,MH15 WH 6766,WagonR,4.5,2
DRV4881,Jack Pillai,4897659743,MH38 KJ 9182,Tata Nexon,3.9,16
DRV4882,Timothy Chacko,06239132627,MH24 WC 6048,Toyota Innova,3.7,15
DRV4883,Arya Sant,+916918704335,MH2 TV 6623,Mahindra XUV700,4.5,4
DRV4884,Balveer Narayan,+913335852462,MH38 WO 0991,Swift Dzire,4.9,2
DRV4885,Quincy Nath,08551865355,MH25 VQ 4745,WagonR,3.8,3
DRV4886,Panini Thaman,+919308322651,MH23 UR 5031,Mahindra XUV700,4.3,16
DRV4887,Oeshi Jhaveri,00068914711,MH20 HH 9690,Tata Nexon,4.8,18
DRV4888,Vanya Sharaf,08287875367,MH13 WR 8566,Maruti Ertiga,4.0,12
DRV4889,Chakradev Sarma,+917308888989,MH25 WA 3583,Hyundai Creta,4.5,7
DRV4890,Devansh Shah,06640829526,MH48 DD 0366,Tata Nexon,4.8,12
DRV4891,Aarush Gaba,+915229908557,MH15 SH 1537,Maruti Ertiga,4.6,3
DRV4892,David Seth,0117512161,MH36 KN 8663,WagonR,4.0,5
DRV4893,Indali Raman,+911279182532,MH41 UI 7503,Swift Dzire,4.3,16
DRV4894,Watika Oak,04151147085,MH3 FQ 7807,Mahindra XUV700,4.2,16
DRV4895,Finn Bath,+914568275302,MH1 KN 2810,Tata Nexon,4.0,12
DRV4896,Isaac Sundaram,4010383491,MH10 WO 2701,Swift Dzire,4.7,2
DRV4897,Nathaniel Varma,04506654889,MH32 LG 9963,Mahindra XUV700,3.7,1
DRV4898,Diya Shan,7243254384,MH23 SV 2354,Mahindra XUV700,3.8,19
DRV4899,Fariq Narang,02903635702,MH2 ET 9435,Honda City,4.6,8
DRV4900,Qushi Memon,+916163209336,MH16 MG 3085,Maruti Ertiga,4.3,2
DRV4901,Gopal Chhabra,+918149213936,MH26 OE 2204,Swift Dzire,4.1,6
DRV4902,Eta Dayal,+915785560196,MH43 WQ 4865,Honda City,4.2,2
DRV4903,Ladli Puri,9504076410,MH22 RI 1439,Hyundai i20,4.7,11
DRV4904,Victor Wadhwa,+917757219296,MH47 QW 3008,WagonR,4.5,8
DRV4905,Krish Rajan,07771442492,MH50 MC 1499,Tata Nexon,4.4,4
DRV4906,Reyansh Nath,9499304866,MH42 CT 5656,Toyota Innova,3.7,12
DRV4907,Gunbir Narayan,00517458372,MH42 SQ 4360,Swift Dzire,3.8,7
DRV4908,Chanchal Mohan,1333967490,MH44 SP 3540,Kia Seltos,4.8,3
DRV4909,Nidhi Bakshi,01081802518,MH14 DV 0221,Tata Nexon,4.1,6
DRV4910,Radha Dalal,+911107212949,MH20 FD 4337,Toyota Innova,4.8,16
DRV4911,Yashawini Tata,01490780588,MH17 CX 8875,Swift Dzire,4.9,7
DRV4912,Vidhi Sant,+918651562344,MH13 UW 8838,Tata Nexon,4.6,18
DRV4913,Yochana Ram,+915339569987,MH49 HG 6024,Maruti Ertiga,4.0,11
DRV4914,Azad Wali,00582039754,MH19 ZL 0101,Kia Seltos,3.7,6
DRV4915,Nilima Minhas,07945550116,MH8 HB 8781,WagonR,4.1,6
DRV4916,Bahadurjit Ratta,0321882158,MH42 HQ 4351,Tata Nexon,3.8,5
DRV4917,Onveer Guha,+917725666185,MH14 ZE 8626,Toyota Innova,3.9,1
DRV4918,Bhanumati Barman,+912312300590,MH18 FD 9525,Honda City,4.4,11
DRV4919,Garima Sibal,+916902264289,MH35 HS 3596,Tata Nexon,4.9,6
DRV4920,Noah Sengupta,+912365068870,MH49 BL 6832,Mahindra XUV700,5.0,18
DRV4921,Frederick Dara,+911182380687,MH13 EM 2277,Hyundai Creta,4.1,5
DRV4922,Rehaan Kaur,1585973822,MH42 LL 7140,Toyota Innova,4.4,7
DRV4923,Joshua Sangha,01677775886,MH20 PX 1492,Mahindra XUV700,4.5,12
DRV4924,Dipta Arya,3808605568,MH33 LV 4864,WagonR,3.6,17
DRV4925,Lakshmi Dani,01689027757,MH40 OX 2708,Mahindra XUV700,3.5,18
DRV4926,Jackson Sandal,9195479680,MH30 EI 1698,Mahindra XUV700,4.0,1
DRV4927,Nisha Bhatti,4209135427,MH28 EM 6900,Toyota Innova,4.3,9
DRV4928,Samuel Majumdar,07547453168,MH43 QB 7702,Tata Nexon,3.7,4
DRV4929,Ayush Bahl,7673678796,MH7 YI 1856,WagonR,4.2,14
DRV4930,Yamini Mittal,+914523144609,MH43 XE 8138,Tata Nexon,5.0,9
DRV4931,Oeshi Babu,+918262814807,MH24 OM 1857,Maruti Ertiga,4.0,4
DRV4932,Parth Kothari,5845321893,MH19 RF 3758,Toyota Innova,3.5,15
DRV4933,Tripti Karan,08601150944,MH11 OM 3401,Hyundai i20,4.3,13
DRV4934,Rehaan Soni,+913409499292,MH5 TT 3758,Hyundai Creta,3.9,14
DRV4935,Hemal Shenoy,5895626542,MH23 XV 7628,Honda City,3.9,12
DRV4936,Mitali Ram,07835467190,MH26 VX 6936,WagonR,3.5,16
DRV4937,Janaki Andra,+912032721653,MH24 HC 4981,Mahindra XUV700,4.1,11
DRV4938,Yochana Mohanty,1364319156,MH36 GJ 2328,Toyota Innova,3.6,14
DRV4939,Ekaja Bandi,+913968844344,MH39 UG 9398,Kia Seltos,4.7,18
DRV4940,Wakeeta Nori,+919540323521,MH42 YJ 8836,Kia Seltos,4.9,18
DRV4941,Rachana Talwar,08506483538,MH42 RM 9068,Maruti Ertiga,4.8,11
DRV4942,Oliver Iyer,8014563136,MH17 NR 5634,Mahindra XUV700,4.0,10
DRV4943,Faqid Koshy,+918171179640,MH9 TI 5649,Hyundai Creta,4.1,4
DRV4944,Nitesh Walla,4112231452,MH50 YX 0067,Maruti Ertiga,3.6,18
DRV4945,Eiravati Taneja,+917277767278,MH1 FY 6627,Maruti Ertiga,3.9,13
DRV4946,Madhav Halder,+914383058259,MH48 YJ 9590,Kia Seltos,4.6,16
DRV4947,Bhavika Bajaj,4523941571,MH10 BZ 2773,Mahindra XUV700,3.9,18
DRV4948,Nachiket Kadakia,+912270458332,MH34 VU 8706,Toyota Innova,3.8,7
DRV4949,Ladli Das,08540317673,MH26 KU 1739,Toyota Innova,3.6,3
DRV4950,Azaan Batra,+918646967686,MH31 BQ 4228,Toyota Innova,4.8,17
DRV4951,Mitesh Sane,3743219866,MH46 BQ 0778,Maruti Ertiga,3.8,19
DRV4952,Vasudha Dugar,5362491327,MH23 VT 5708,Honda City,4.2,16
DRV4953,Dipta Rout,09226826111,MH39 OH 6809,Tata Nexon,4.5,4
DRV4954,Azaan Wali,01772594626,MH22 VV 9786,Hyundai Creta,3.6,9
DRV4955,Ati Grover,01544579601,MH45 ZU 9726,Tata Nexon,4.1,15
DRV4956,Unni De,+918984700778,MH42 QN 6148,Kia Seltos,4.4,16
DRV4957,Yashvi Nath,05233440653,MH20 RX 2707,Toyota Innova,4.4,6
DRV4958,Dalaja Mitra,+917387309497,MH26 RQ 9443,Hyundai i20,4.3,5
DRV4959,Mohammed Barad,6505906186,MH40 TS 5717,Kia Seltos,4.3,17
DRV4960,Kabir Raj,+919101909821,MH50 YK 8639,Toyota Innova,4.9,11
DRV4961,Yatan Nazareth,04961237981,MH3 RM 9136,Kia Seltos,4.0,4
DRV4962,Avi Dhar,00463607197,MH3 OV 6801,Kia Seltos,4.3,9
DRV4963,Inaya Varkey,+913152347095,MH15 VP 6367,Hyundai Creta,4.2,19
DRV4964,Tamanna Palan,+910345943249,MH12 YH 5541,WagonR,3.8,16
DRV4965,Yashica Butala,+911308317106,MH39 HD 2623,WagonR,3.6,12
DRV4966,Janya Kant,+918230693233,MH31 NH 1497,Kia Seltos,4.2,10
DRV4967,Nathan Iyer,00955768329,MH48 PJ 3115,Maruti Ertiga,4.9,7
DRV4968,Anya Chacko,+915694269390,MH30 MG 0003,Mahindra XUV700,4.7,2
DRV4969,Zinal Saraf,08365530397,MH32 QD 5224,WagonR,4.2,7
DRV4970,Wriddhish Kadakia,08479465478,MH40 HU 2116,Maruti Ertiga,3.6,9
DRV4971,Mohini Tara,+919483406715,MH3 ID 6558,Honda City,4.3,4
DRV4972,Zayan Din,08516119073,MH26 NP 4675,Mahindra XUV700,4.4,2
DRV4973,Aryan Manne,+910000047478,MH45 WS 6417,Honda City,4.0,10
DRV4974,Aryan Venkataraman,+915803571475,MH10 BS 4039,Maruti Ertiga,4.6,17
DRV4975,Ikbal Wagle,8433901046,MH6 NU 4728,Maruti Ertiga,3.7,11
DRV4976,Yash Thaker,02522592007,MH46 TQ 9349,Maruti Ertiga,4.0,8
DRV4977,Raksha Rau,+912400587348,MH36 JL 5525,Toyota Innova,4.6,8
DRV4978,Ria Salvi,3456632363,MH27 PV 5782,Honda City,3.9,15
DRV4979,Chaman Pandit,05726962073,MH17 TY 9391,Tata Nexon,4.5,10
DRV4980,Kamya Behl,+918758887304,MH13 ST 9142,Kia Seltos,4.0,8
DRV4981,Elijah Ram,+914080784571,MH1 PK 4583,Toyota Innova,3.7,3
DRV4982,Aashi Palla,03738170423,MH46 PF 3733,Swift Dzire,4.9,8
DRV4983,Gaurav Chanda,+918646135497,MH47 SO 3703,Honda City,3.8,1
DRV4984,Saksham Kara,1874748467,MH27 IT 6918,Swift Dzire,3.6,19
DRV4985,Brijesh Rout,8685695108,MH4 LO 9209,Mahindra XUV700,3.6,17
DRV4986,Thomas Muni,+912107761425,MH34 ME 1461,Swift Dzire,4.8,9
DRV4987,Jacob Jain,+918550417577,MH34 AW 0566,Swift Dzire,4.3,5
DRV4988,Manbir Tandon,1803597656,MH29 UA 6876,Hyundai i20,4.3,19
DRV4989,Nidhi Nori,4774886111,MH25 FZ 6663,Maruti Ertiga,4.5,3
DRV4990,Chaitaly Mittal,1828259067,MH8 WY 5493,Swift Dzire,4.5,11
DRV4991,Edhitha Natt,07681054891,MH42 FX 5840,Kia Seltos,4.0,3
DRV4992,Rajeshri Bhargava,6515805626,MH29 QL 6189,Maruti Ertiga,3.7,18
DRV4993,Abhimanyu Acharya,+916793080468,MH7 TG 1437,Honda City,3.6,4
DRV4994,Agastya Upadhyay,+917072520745,MH36 UB 7446,Swift Dzire,4.8,16
DRV4995,Indali Murthy,06163809082,MH15 PZ 6883,Tata Nexon,4.0,5
DRV4996,Theodore Kohli,+915618261232,MH35 MR 9270,Toyota Innova,4.8,14
DRV4997,Benjamin Sachdev,+912928209928,MH31 LU 3061,Tata Nexon,3.9,13
DRV4998,Yochana Bhakta,5728328557,MH38 EZ 2619,Maruti Ertiga,3.7,9
DRV4999,Parth Chaudhry,05990496135,MH26 SR 0250,Kia Seltos,4.6,1
DRV5000,Ikshita Varma,04118697560,MH8 MI 1013,Swift Dzire,3.8,9
DRV5001,Aarav Khurana,2567628000,MH4 KJ 2088,Honda City,3.8,3
DRV5002,Bahadurjit Pant,03387064080,MH43 MI 8748,Honda City,4.2,11
DRV5003,Isha Gill,+917315867316,MH43 HU 7015,Honda City,4.0,9
DRV5004,Maya Ahluwalia,07672217608,MH22 IF 3203,Tata Nexon,4.6,19
DRV5005,Fariq De,04636714730,MH20 JS 3119,WagonR,4.3,19
DRV5006,Tristan Ben,5461076064,MH31 LF 4299,Toyota Innova,4.8,3
DRV5007,Qadim Bedi,07342932575,MH24 GK 3881,WagonR,3.9,13
DRV5008,Balveer Krish,00348481752,MH31 BB 0803,Kia Seltos,4.9,18
DRV5009,Zashil Rama,07230113450,MH33 EI 3941,WagonR,4.8,6
DRV5010,Ganga Sandal,9140971493,MH28 TQ 1579,Tata Nexon,4.5,1
DRV5011,Vasana Mitra,+915490683767,MH12 CH 6867,Hyundai Creta,3.9,13
DRV5012,William Bobal,+911780886278,MH20 JS 3119,Toyota Innova,4.2,6
DRV5013,Prisha Bora,01226312553,MH10 SK 2574,Tata Nexon,4.5,6
DRV5014,Advika Acharya,0808569161,MH14 LQ 6612,Maruti Ertiga,3.8,6
DRV5015,Jackson Bahri,03358965212,MH4 HG 6459,Maruti Ertiga,4.3,7
DRV5016,Meera Chaudhary,01192475525,MH36 GE 9028,Mahindra XUV700,4.2,1
DRV5017,Rushil Varughese,+912847680748,MH7 ZA 1789,WagonR,4.0,1
DRV5018,Anjali Pau,+913642553361,MH49 XM 5306,Maruti Ertiga,4.3,16
DRV5019,Indrajit Malhotra,+915645487142,MH45 UA 7510,Swift Dzire,3.9,7
DRV5020,Radhika Mitra,01449448808,MH45 RJ 0989,Toyota Innova,4.4,6
DRV5021,Ishanvi Talwar,01503241968,MH13 JL 4900,Honda City,4.2,3
DRV5022,Darpan Wagle,01781657874,MH44 UT 0980,Hyundai Creta,4.7,6
DRV5023,Aarnav Prabhakar,9740366611,MH43 VP 1935,Mahindra XUV700,4.3,15
DRV5024,Kavya Jha,+918855585365,MH34 EZ 0428,Mahindra XUV700,4.9,7
DRV5025,Isha Dhawan,+914669504704,MH21 CH 1777,WagonR,3.8,14
DRV5026,Rachit Karpe,4956581490,MH26 ZW 0328,Tata Nexon,4.3,20
DRV5027,Frado Bhavsar,8294659945,MH18 IB 6944,Mahindra XUV700,4.1,4
DRV5028,Nidhi Dyal,+915863836729,MH33 HY 4763,Tata Nexon,4.6,10
DRV5029,Forum Mandal,+918353700648,MH42 UM 1541,Tata Nexon,4.6,3
DRV5030,Rachana Bhatia,+910358942694,MH5 FG 9147,Kia Seltos,4.5,3
DRV5031,Panini Din,02423941415,MH30 ML 1279,Honda City,4.0,13
DRV5032,Ishwar Chanda,0132154146,MH20 WR 5029,Toyota Innova,4.3,9
DRV5033,Oscar Gulati,2536826057,MH13 UK 8614,Maruti Ertiga,3.8,2
DRV5034,Manya Madan,+912597215879,MH39 WU 4948,Swift Dzire,4.2,18
DRV5035,Bhavika Balakrishnan,06156218857,MH4 UO 7555,Kia Seltos,4.9,6
DRV5036,Luke Sinha,+912655284040,MH25 EQ 1912,Tata Nexon,4.1,2
DRV5037,Zarna Goda,+913113284946,MH7 OO 7031,Maruti Ertiga,4.7,8
DRV5038,Odika Radhakrishnan,+918024218045,MH47 ZT 0333,Swift Dzire,4.4,6
DRV5039,Zayan Vasa,+917194548633,MH45 EA 4377,Swift Dzire,5.0,12
DRV5040,Lavanya Varty,03832583603,MH49 JZ 5467,Hyundai i20,4.6,6
DRV5041,Atharv Yohannan,01403766518,MH21 EA 3787,Hyundai i20,4.7,8
DRV5042,Vritti Loyal,02819499849,MH33 ZU 1868,Maruti Ertiga,4.3,8
DRV5043,Zansi Mohan,05671126955,MH10 BG 6051,Tata Nexon,3.8,10
DRV5044,Aditya Kapadia,07831195934,MH12 MA 5673,WagonR,3.9,15
DRV5045,Samar Wali,1613885874,MH10 YK 6524,Tata Nexon,3.7,2
DRV5046,Arya Dhingra,09686969511,MH37 EX 5966,Maruti Ertiga,4.8,6
DRV5047,Champak Sarkar,2496843497,MH23 GY 4389,Honda City,4.2,17
DRV5048,Falguni Rajagopal,03452768805,MH22 PV 5421,Mahindra XUV700,3.8,19
DRV5049,Abha Mody,03423818233,MH5 DW 6551,Hyundai Creta,4.2,8
DRV5050,Girish Ramachandran,+919679376933,MH38 CA 5075,WagonR,5.0,5
DRV5051,Tamanna Deo,5781539269,MH11 OU 4819,Hyundai i20,4.9,20
DRV5052,Yatan Sekhon,+919056385749,MH20 PL 2713,Swift Dzire,3.8,11
DRV5053,Tara Gala,03386029505,MH9 DR 1591,Swift Dzire,3.7,15
DRV5054,Mitesh Saraf,00062820682,MH25 OU 8040,Maruti Ertiga,4.0,14
DRV5055,Chandani Peri,9420087167,MH23 WT 6138,Tata Nexon,3.6,5
DRV5056,Rudra Prashad,+919804968405,MH2 BB 2816,Swift Dzire,3.8,18
DRV5057,Jyoti Halder,7229918658,MH10 HS 5746,Swift Dzire,4.6,3
DRV5058,Lakshit Butala,+919763481304,MH2 DG 7873,Swift Dzire,4.2,2
DRV5059,Rushil Rama,0628044197,MH49 VB 4194,Tata Nexon,3.6,18
DRV5060,Joshua Nagarajan,08710455249,MH15 SY 4539,Kia Seltos,4.9,11
DRV5061,Dhriti Bhatia,01780134767,MH47 HM 5179,Hyundai i20,4.3,14
DRV5062,Girindra Varughese,04058818731,MH29 TU 5850,Mahindra XUV700,3.9,16
DRV5063,Dalbir Sharma,07324436413,MH29 XF 4431,Hyundai Creta,5.0,19
DRV5064,Nathan Sharaf,1559080891,MH3 KA 5492,Kia Seltos,4.6,13
DRV5065,Ishita Dube,05249455657,MH8 HX 6942,Swift Dzire,4.8,20
DRV5066,Nihal Bandi,08152228899,MH13 ME 3257,Hyundai Creta,4.2,4
DRV5067,Abhimanyu Bajaj,+912430886949,MH49 IF 5245,Hyundai Creta,4.0,18
DRV5068,Vasudha Gulati,08829199123,MH16 XI 6358,Tata Nexon,4.5,20
DRV5069,Pratyush Ravi,+914981080170,MH20 LD 2178,Kia Seltos,4.3,7
DRV5070,Madhavi Bhavsar,04105401741,MH18 DO 9101,Swift Dzire,4.0,6
DRV5071,Dipta Ben,+915809053577,MH45 DB 0406,WagonR,4.2,12
DRV5072,Upadhriti Vohra,02198744810,MH39 JD 9747,Honda City,4.0,5
DRV5073,Owen Purohit,04448386394,MH13 WE 8726,Swift Dzire,4.0,19
DRV5074,Aarnav Bhandari,02682237736,MH31 GX 8205,Hyundai i20,3.7,14
DRV5075,Anjali Sankar,+913468510182,MH21 QX 9207,Honda City,3.8,5
DRV5076,Bakhshi Toor,+917904612429,MH16 BP 8017,Mahindra XUV700,4.4,11
DRV5077,Guneet Bhatti,05729762796,MH5 LC 6642,Mahindra XUV700,4.8,17
DRV5078,Charita Sridhar,05597042922,MH10 AT 5116,Maruti Ertiga,5.0,7
DRV5079,Indrajit Bhargava,02004886145,MH46 YO 9220,Maruti Ertiga,4.0,16
DRV5080,Atharv Vala,00032202946,MH26 RI 7202,Hyundai Creta,4.9,6
DRV5081,Girindra Raman,01882696281,MH29 LO 8051,Mahindra XUV700,4.7,3
DRV5082,Orinder Shukla,+916416277199,MH34 ME 1461,Maruti Ertiga,4.9,8
DRV5083,Ekaraj Ratta,2870536874,MH22 GV 2843,Honda City,4.1,16
DRV5084,Anvi Chokshi,+911365197992,MH40 TM 4057,Toyota Innova,3.8,17
DRV5085,Anvi Shukla,1600325226,MH27 JB 5981,Honda City,4.1,7
DRV5086,Saumya Mannan,+911568063520,MH24 SK 6077,Kia Seltos,4.3,3
DRV5087,Tripti Atwal,+912547172967,MH45 RV 3731,Mahindra XUV700,3.5,12
DRV5088,Harsh Dua,+913117595419,MH43 KX 6388,Tata Nexon,5.0,18
DRV5089,Xiti Dewan,2223695228,MH48 VX 5683,Swift Dzire,4.1,8
DRV5090,Diya Banerjee,+910377237778,MH43 JR 0860,Swift Dzire,3.6,5
DRV5091,Darika Chakrabarti,1308234760,MH41 JC 0502,Swift Dzire,4.0,14
DRV5092,Tanay Bakshi,09631950808,MH45 ZF 4625,Hyundai i20,4.8,8
DRV5093,Ishaan Dixit,00265077741,MH38 CY 6169,Hyundai i20,3.5,8
DRV5094,Sai Sidhu,6261978942,MH18 KG 3692,Hyundai i20,3.9,13
DRV5095,Girish Rana,+918594028215,MH40 AH 7017,WagonR,4.8,17
DRV5096,Zayyan Arora,01732444301,MH41 OK 1064,Mahindra XUV700,3.7,8
DRV5097,Dominic Kapadia,06953243421,MH12 CW 9494,Tata Nexon,4.7,13
DRV5098,Om Swamy,06361116258,MH22 VX 6191,Tata Nexon,4.4,6
DRV5099,Gavin Pathak,+917232124344,MH21 DK 1801,Hyundai i20,3.8,9
DRV5100,Abdul Venkataraman,08664075196,MH31 DE 6973,Honda City,4.0,8
DRV5101,Turvi Mangal,4238076196,MH38 XL 4850,Mahindra XUV700,4.1,18
DRV5102,Nidra Bhat,+917577647911,MH18 VD 0150,Hyundai Creta,4.7,19
DRV5103,Theodore Sagar,00885246366,MH33 HG 9173,Kia Seltos,4.8,4
DRV5104,Sanya Modi,6414518070,MH34 PH 6254,Mahindra XUV700,4.0,12
DRV5105,Anita Sibal,3982103967,MH18 BI 8589,Hyundai i20,4.0,7
DRV5106,Geetika De,06626416835,MH16 HR 3317,Hyundai i20,3.5,5
DRV5107,Aryan Shere,07179373335,MH48 CR 1911,Honda City,3.8,15
DRV5108,Yash Kade,7319468520,MH22 XW 5449,WagonR,3.6,2
DRV5109,Anmol Srivastava,04436482460,MH26 SU 9177,Honda City,4.6,14
DRV5110,Yagnesh Arora,09468927456,MH2 RF 5851,Swift Dzire,4.4,16
DRV5111,Logan Nazareth,+911301266873,MH14 AQ 2555,Maruti Ertiga,4.1,13
DRV5112,Jagat Shanker,08068236908,MH10 HK 2282,Hyundai i20,3.8,4
DRV5113,Nitesh Puri,+910268669429,MH48 RG 5347,Hyundai Creta,3.9,8
DRV5114,Dayamai Dutta,02058694743,MH3 AH 9432,WagonR,4.5,2
DRV5115,Sachi Kumer,+910934685281,MH6 XF 1751,Toyota Innova,3.8,8
DRV5116,Wazir Nanda,6899198851,MH15 UD 8992,Tata Nexon,3.6,5
DRV5117,Victor Kashyap,08088359278,MH47 CM 3895,WagonR,4.7,8
DRV5118,Guneet Rama,04728111451,MH44 FW 1888,Tata Nexon,4.6,20
DRV5119,Libni Chopra,+914979181405,MH5 YO 6656,Hyundai Creta,4.0,17
DRV5120,Unnati Krishnan,+911854061800,MH22 DM 2592,Honda City,4.4,4
DRV5121,Gavin Gokhale,+910583453686,MH41 HF 8148,Honda City,5.0,5
DRV5122,Michael Raja,02646216903,MH10 KA 5630,Toyota Innova,4.5,16
DRV5123,Vritti Kunda,00225028541,MH9 OC 5296,Honda City,4.2,11
DRV5124,Deepa Cherian,03688523183,MH31 CU 1614,WagonR,3.5,7
DRV5125,Keya Chadha,3944654742,MH12 PB 3108,Swift Dzire,3.9,4
DRV5126,Meghana Nayar,+911723449727,MH4 JU 1182,Mahindra XUV700,4.6,2
DRV5127,Viraj Yadav,9418538085,MH14 KS 2785,Kia Seltos,4.2,10
DRV5128,Viraj Arya,1983242455,MH45 SX 6621,Mahindra XUV700,4.6,5
DRV5129,Pranav Bava,08711758880,MH6 BH 2602,Mahindra XUV700,5.0,7
DRV5130,Wriddhish Guha,07941933425,MH49 KG 9296,Tata Nexon,3.6,2
DRV5131,Dalbir Lal,0331796429,MH24 RD 1152,Toyota Innova,3.7,6
DRV5132,Aarna Dhillon,+915784474714,MH40 EN 8178,Mahindra XUV700,4.5,13
DRV5133,Nirja Choudhury,00131280798,MH15 RQ 4611,Toyota Innova,4.5,18
DRV5134,Vasudha Nagy,+913970463860,MH46 NW 6774,Hyundai Creta,4.5,19
DRV5135,Luke Garde,09518907825,MH8 GW 3332,WagonR,4.7,19
DRV5136,Oni Doctor,07441155084,MH21 LT 0105,Hyundai Creta,3.6,12
DRV5137,Chakradhar Kashyap,08380104517,MH26 AW 3851,Toyota Innova,4.9,7
DRV5138,Suhani Raj,+910907638966,MH44 WL 2956,Hyundai Creta,4.0,9
DRV5139,Zinal Kaur,06849523653,MH43 XV 9523,Mahindra XUV700,4.8,13
DRV5140,Yashasvi Saran,+910807342737,MH50 TG 2042,Swift Dzire,4.5,20
DRV5141,Lohit Sekhon,3008579049,MH11 CO 6967,WagonR,4.3,11
DRV5142,Laksh Bakshi,+919525097017,MH30 ZB 6815,Kia Seltos,4.2,4
DRV5143,Azad Venkataraman,9491781965,MH45 IT 2195,Kia Seltos,3.6,18
DRV5144,Radhika Nadig,09378556506,MH28 TC 6552,Tata Nexon,4.7,13
DRV5145,Samar Doctor,00889817258,MH3 VN 0152,Maruti Ertiga,3.9,10
DRV5146,Chandran Batta,+912073872553,MH21 UQ 1237,Swift Dzire,3.7,6
DRV5147,Warda Mann,2011604508,MH26 UW 2391,Hyundai Creta,4.7,11
DRV5148,Aishani Dua,+915569072867,MH11 OT 1233,Toyota Innova,3.6,18
DRV5149,Faras Mannan,0756678197,MH27 NW 5448,WagonR,4.9,5
DRV5150,Ekta Muni,5061153497,MH38 CG 3987,WagonR,4.5,18
DRV5151,Gaurav Shetty,02014550591,MH10 RZ 2802,WagonR,3.8,11
DRV5152,Samuel Dasgupta,05316487845,MH25 KE 4273,Hyundai Creta,4.8,5
DRV5153,Neha Sinha,0498053312,MH39 XR 7389,Mahindra XUV700,3.6,17
DRV5154,Falan Luthra,03814613266,MH47 LO 6670,Kia Seltos,4.1,1
DRV5155,Yug Radhakrishnan,+916280179951,MH27 ZD 6944,Swift Dzire,3.8,8
DRV5156,Sai Bhat,2922542801,MH21 RT 9014,Hyundai i20,3.6,15
DRV5157,Siddharth Samra,00546880213,MH47 RJ 8095,Toyota Innova,5.0,3
DRV5158,Nikita Lall,6108360322,MH43 LY 6799,Kia Seltos,4.3,15
DRV5159,Maanav Ghose,+916643716126,MH17 KJ 0108,WagonR,3.8,20
DRV5160,Ridhi Chand,3996482584,MH34 ST 0234,Mahindra XUV700,4.5,3
DRV5161,Pahal Dayal,8413805998,MH39 DQ 0237,Honda City,4.4,16
DRV5162,Gagan Sawhney,6634410828,MH50 QG 5763,Toyota Innova,3.9,12
DRV5163,Kashvi Vohra,03525508467,MH46 DU 8501,Honda City,4.6,14
DRV5164,Devansh Shroff,+916036993852,MH16 EU 2638,Mahindra XUV700,3.9,6
DRV5165,Ekiya Narasimhan,1034342570,MH24 KG 4211,Hyundai i20,4.5,11
DRV5166,Nirja Bala,+912656059558,MH50 RG 8699,Kia Seltos,4.1,8
DRV5167,Nitara Wable,05899602252,MH30 PX 2325,Hyundai Creta,5.0,17
DRV5168,Rushil Butala,01560856353,MH8 MP 1787,Honda City,3.6,15
DRV5169,Luke Oza,2879636547,MH6 NC 5391,Swift Dzire,4.3,8
DRV5170,Banjeet Talwar,7685146821,MH6 II 3633,Swift Dzire,4.0,10
DRV5171,Vinaya Sandhu,7682739635,MH14 YP 2871,Hyundai Creta,4.4,10
DRV5172,Rachana Dhawan,+913997367449,MH16 EU 2638,WagonR,4.9,7
DRV5173,Eiravati Parekh,8588781014,MH16 GS 9436,WagonR,3.8,2
DRV5174,Dalbir Parmar,+916011215139,MH30 OO 0598,Mahindra XUV700,4.7,17
DRV5175,Luke Banik,+914468738145,MH34 OL 6092,Toyota Innova,3.7,7
DRV5176,Edhitha Dave,0917802131,MH40 EL 5501,Mahindra XUV700,3.8,8
DRV5177,Harish Kar,4008482659,MH19 SV 5562,Hyundai Creta,5.0,10
DRV5178,Balendra Agate,+916157290625,MH49 PI 9088,Hyundai Creta,3.8,8
DRV5179,Abeer Patel,+911746958840,MH2 JT 2406,Swift Dzire,5.0,1
DRV5180,Aditya Mittal,6274174962,MH27 CH 0420,Mahindra XUV700,3.6,8
DRV5181,Ryan Barman,03530479331,MH39 OP 0619,Kia Seltos,4.7,6
DRV5182,Inaya Grewal,+917344965053,MH3 KK 5377,Hyundai i20,4.2,15
DRV5183,Chaaya Peri,+916132236277,MH4 UV 1262,Toyota Innova,4.8,3
DRV5184,Gautam Merchant,09778209437,MH16 SY 4014,Mahindra XUV700,4.6,8
DRV5185,Bhavya Gaba,03520151336,MH29 II 7747,Hyundai i20,3.6,12
DRV5186,Gopal Toor,+910255382930,MH42 YV 4633,Tata Nexon,4.7,14
DRV5187,Girindra Karpe,5834455513,MH15 PK 3852,Tata Nexon,3.9,6
DRV5188,Harish Swaminathan,00699579974,MH45 ZE 5790,Hyundai Creta,4.6,19
DRV5189,Amol Chaudhuri,5427460850,MH46 WL 6308,Kia Seltos,4.5,8
DRV5190,Zaid Sandhu,+910611207252,MH13 TT 5391,WagonR,3.6,10
DRV5191,Quincy Dhawan,03750745593,MH18 YY 9360,Honda City,3.8,19
DRV5192,Xavier Savant,9906595395,MH36 QM 1415,Mahindra XUV700,4.0,10
DRV5193,Darsh Majumdar,+912273544220,MH21 OZ 1008,Mahindra XUV700,4.3,14
DRV5194,Qarin Bumb,3850753529,MH9 FK 3627,Tata Nexon,3.8,15
DRV5195,Upkaar Sagar,06301527822,MH17 QR 7629,Maruti Ertiga,4.9,12
DRV5196,Chakradhar Rattan,6216549349,MH48 UE 8458,Swift Dzire,4.9,1
DRV5197,Ishwar Wable,0791661938,MH10 XE 7790,Hyundai Creta,4.8,8
DRV5198,Udant Ravel,02385339382,MH22 LA 1970,Hyundai Creta,4.8,5
DRV5199,Anya Agrawal,9893390168,MH3 SH 1157,Swift Dzire,3.6,20
DRV5200,Radhika Sanghvi,00869786273,MH27 ZZ 2819,Swift Dzire,3.9,6
DRV5201,Faris Hayre,+915459995633,MH28 SX 3383,Swift Dzire,5.0,5
DRV5202,Reyansh Edwin,00412463437,MH11 GI 1461,Honda City,4.3,12
DRV5203,Amruta Sawhney,+915251734525,MH14 XO 2939,Hyundai Creta,4.0,17
DRV5204,Eshana Kapur,00979601253,MH22 OW 9355,Toyota Innova,4.7,11
DRV5205,Bachittar Shah,2722934283,MH31 TR 4506,Maruti Ertiga,3.7,12
DRV5206,Wishi Dar,02308838039,MH44 IU 2199,Hyundai Creta,4.2,20
DRV5207,Chandran Gopal,8478643663,MH7 DE 3160,Maruti Ertiga,4.3,5
DRV5208,Henry Parmar,+912607243500,MH18 JK 8491,Honda City,4.0,16
DRV5209,Tripti Wali,+915922961280,MH40 VP 6544,Kia Seltos,4.7,18
DRV5210,Timothy Apte,+917717376572,MH44 AH 1240,Hyundai Creta,3.5,8
DRV5211,Chaitanya Tata,9636811075,MH21 AN 8673,Kia Seltos,3.7,14
DRV5212,Saanvi Sachar,01872773359,MH18 FU 8446,Hyundai i20,3.7,1
DRV5213,Watika Upadhyay,03304584585,MH28 CM 5049,Mahindra XUV700,4.7,1
DRV5214,Wishi Prabhakar,3410110857,MH36 RA 0854,WagonR,4.2,6
DRV5215,Raksha Kumer,02655426533,MH18 UK 0494,Kia Seltos,4.6,6
DRV5216,Zashil Swamy,09990228344,MH37 OU 6382,Mahindra XUV700,5.0,11
DRV5217,Amara Iyer,8151294628,MH3 RW 7832,Maruti Ertiga,4.8,4
DRV5218,Daksh Khurana,+917922498170,MH7 NW 7655,Mahindra XUV700,4.5,16
DRV5219,Raksha Sachdeva,05858033148,MH26 YQ 6935,Maruti Ertiga,4.9,8
DRV5220,Azaan Bail,9674627234,MH38 PH 9684,Honda City,4.8,6
DRV5221,Zaid Sodhi,08191220729,MH1 AO 1739,Maruti Ertiga,4.5,9
DRV5222,Hemani Seshadri,+913159847488,MH26 MH 7343,Hyundai i20,4.1,2
DRV5223,Baljiwan Mane,01021817235,MH5 RL 8994,Kia Seltos,4.2,16
DRV5224,Vamakshi Sibal,8328884834,MH32 SB 2361,Mahindra XUV700,4.6,7
DRV5225,Upasna Sankaran,5647021844,MH49 YS 6592,Hyundai Creta,4.9,2
DRV5226,Chatresh Devi,05233266697,MH26 HR 7818,Honda City,4.8,14
DRV5227,Champak Behl,05652349551,MH45 TV 9388,Kia Seltos,4.0,1
DRV5228,Mitali Sandal,8689155433,MH3 MF 7535,Hyundai i20,4.9,5
DRV5229,Tarak Subramaniam,4419894501,MH18 KC 2100,Hyundai i20,3.6,9
DRV5230,Tanay Dhaliwal,8125963365,MH42 UY 9897,Hyundai Creta,3.6,10
DRV5231,Shaurya Goyal,+916754705612,MH42 DO 6399,Toyota Innova,4.5,12
DRV5232,Qarin Baria,+916005792137,MH30 KZ 8017,Maruti Ertiga,4.7,15
DRV5233,Priya Chaudhari,02664787793,MH5 SJ 3029,Mahindra XUV700,4.6,5
DRV5234,Yuvraj Shenoy,+917263421020,MH4 BO 4532,Mahindra XUV700,4.9,12
DRV5235,Champak Dar,00438354994,MH31 OC 0405,Mahindra XUV700,4.8,11
DRV5236,Isha Dugal,+913674128144,MH28 YN 4442,Hyundai i20,4.6,2
DRV5237,Ira Kakar,08707064304,MH11 FA 0552,Honda City,4.2,13
DRV5238,Gaurang Ray,04667663358,MH15 MU 3733,Honda City,4.6,18
DRV5239,Ekiya Rajagopalan,5601807647,MH15 PO 5683,Tata Nexon,4.3,10
DRV5240,Patrick Mitter,06013426796,MH1 OO 0405,Mahindra XUV700,3.9,18
DRV5241,Matthew Som,05316294229,MH32 SB 5124,Tata Nexon,3.6,4
DRV5242,Darika Bhasin,1405644995,MH45 SU 2919,Toyota Innova,4.2,7
DRV5243,Ojas Naik,04538713941,MH12 GL 1171,Hyundai Creta,3.8,1
DRV5244,Yatan Gole,03523896857,MH33 TF 3821,Tata Nexon,3.9,20
DRV5245,Yagnesh Sampath,01613711368,MH34 RA 1106,Mahindra XUV700,4.8,2
DRV5246,Nandini Tara,02768225637,MH16 VU 1672,Hyundai Creta,3.6,4
DRV5247,Chakradhar Rajagopalan,+910295643642,MH41 WL 5884,WagonR,3.7,11
DRV5248,Avni Wali,08355991423,MH26 BN 3910,Maruti Ertiga,3.5,6
DRV5249,Ria Pai,04741933800,MH45 EI 3780,Hyundai Creta,4.6,7
DRV5250,Ria Narain,08282264637,MH46 QW 9137,Maruti Ertiga,3.8,3
DRV5251,Avi Madan,3330002306,MH26 TG 7834,Hyundai i20,4.4,2
DRV5252,Jasmit Gaba,08586494753,MH49 ZS 3468,Toyota Innova,3.8,14
DRV5253,Samuel Raja,+914324558054,MH10 DW 2900,Hyundai Creta,3.5,18
DRV5254,Ekalinga Sanghvi,+912485171866,MH7 YV 4165,Hyundai i20,4.7,5
DRV5255,Sachi Garde,0186148235,MH25 IB 7296,Tata Nexon,4.8,2
DRV5256,Aarav Narayanan,5438094721,MH9 IS 6627,Maruti Ertiga,3.8,6
DRV5257,Aachal Raval,+911261061606,MH42 BT 8928,WagonR,4.7,6
DRV5258,Upasna Kota,07563081112,MH41 JL 8106,Maruti Ertiga,5.0,12
DRV5259,Udarsh Kakar,07790807766,MH5 JZ 5844,Tata Nexon,3.8,10
DRV5260,Mason Mittal,6190705683,MH37 MH 3059,Tata Nexon,3.6,4
DRV5261,Yashasvi Barman,+914217607820,MH4 DJ 1494,WagonR,4.9,18
DRV5262,Udyati Wagle,+913785177662,MH35 WV 9225,Tata Nexon,4.8,12
DRV5263,Agastya Wagle,05923372224,MH48 HY 1490,Maruti Ertiga,4.0,20
DRV5264,Inaya Bora,05361645940,MH19 ZO 7947,Kia Seltos,3.6,19
DRV5265,Ekani Narula,03263160607,MH13 TQ 1744,Tata Nexon,4.0,2
DRV5266,Nitesh Pal,3033932288,MH45 TZ 7015,Honda City,4.5,20
DRV5267,Zashil Issac,+919675658311,MH30 IR 4118,Toyota Innova,3.9,1
DRV5268,Yashoda Dyal,03422534674,MH48 JN 8398,Honda City,3.6,1
DRV5269,Sanya Viswanathan,+913362935978,MH7 YI 1856,Maruti Ertiga,4.2,9
DRV5270,Luke Buch,6623935115,MH36 TZ 7411,Mahindra XUV700,3.7,15
DRV5271,Advay Chahal,7994579945,MH2 EJ 9089,Tata Nexon,4.1,3
DRV5272,Veer Deol,00146869176,MH47 JZ 6221,Tata Nexon,4.0,6
DRV5273,Ishita Varkey,02589004857,MH34 DS 4214,Kia Seltos,4.7,16
DRV5274,Watika Sami,5750865772,MH10 LL 2234,Tata Nexon,3.5,18
DRV5275,Reva Madan,5762348922,MH43 JG 7010,WagonR,4.7,11
DRV5276,Zashil Tata,+912527733455,MH21 KL 6612,Tata Nexon,4.7,12
DRV5277,Mason Sule,02561952825,MH9 ZR 9163,Toyota Innova,4.1,9
DRV5278,Mekhala Naik,8494124488,MH14 UH 3788,Tata Nexon,4.2,12
DRV5279,Zarna Sandal,02008905940,MH42 NP 7944,Honda City,3.8,16
DRV5280,Amol Tara,01550903072,MH27 DH 2082,Tata Nexon,3.7,8
DRV5281,Rushil Maharaj,7516226925,MH12 LV 2717,WagonR,4.7,18
DRV5282,Girish Aggarwal,02962564946,MH24 RO 8433,Maruti Ertiga,4.9,3
DRV5283,Dalaja Madan,6858798328,MH8 KH 0298,Maruti Ertiga,4.9,2
DRV5284,Amaira Sandal,3881861779,MH33 BN 5971,Maruti Ertiga,4.3,7
DRV5285,Ria Mand,+919806190741,MH47 DR 0810,Honda City,4.5,8
DRV5286,Champak Bala,+917144273404,MH36 RQ 3728,Hyundai i20,4.4,20
DRV5287,Chaaya Menon,9613652889,MH31 VG 2399,Honda City,4.9,1
DRV5288,Sai Chacko,08062494570,MH49 IR 6215,Maruti Ertiga,4.3,12
DRV5289,Nakul Patel,09393794918,MH40 WM 7043,WagonR,3.7,19
DRV5290,Isaiah Lal,03231132996,MH29 HO 5465,Hyundai i20,3.9,4
DRV5291,Vedhika Warrior,0093998816,MH36 GV 9896,Toyota Innova,4.4,13
DRV5292,Deepa Bansal,01681035207,MH36 US 3539,Toyota Innova,4.2,7
DRV5293,Sudiksha Narayanan,+915828835789,MH34 MX 5599,Hyundai Creta,4.6,4
DRV5294,Raksha Chauhan,5887624318,MH48 TW 2870,Honda City,4.4,19
DRV5295,Vedant Dhillon,00269551861,MH32 ZM 3559,Honda City,3.5,4
DRV5296,Lucky Prasad,1828381433,MH1 AZ 8909,Maruti Ertiga,3.9,1
DRV5297,Lohit Rastogi,05564458268,MH12 VG 0171,Tata Nexon,4.9,9
DRV5298,Suhani Bir,+910738094270,MH25 IY 6592,Tata Nexon,4.1,6
DRV5299,Ishaan Sheth,+913226850476,MH27 YH 0390,Hyundai Creta,4.5,2
DRV5300,Rohan Bandi,00338035022,MH28 WX 3142,Toyota Innova,5.0,2
DRV5301,Riya Bali,03899733857,MH35 AB 4915,Mahindra XUV700,4.6,12
DRV5302,Balhaar Deep,+912440816970,MH48 NW 2347,Swift Dzire,3.6,6
DRV5303,Sanya Rau,0538742247,MH5 HC 0053,Toyota Innova,3.5,6
DRV5304,Imaran Natarajan,4837511966,MH48 FY 8355,Kia Seltos,4.8,13
DRV5305,Meghana Varty,+910361880804,MH3 RM 9136,Kia Seltos,3.9,3
DRV5306,Hemang Tella,+910402692208,MH43 PJ 6406,Hyundai Creta,5.0,4
DRV5307,Max Patla,9939780802,MH7 HN 5535,Hyundai Creta,4.9,3
DRV5308,Janya Swaminathan,4575401903,MH19 UD 7757,Honda City,3.9,20
DRV5309,Pallavi Borde,7404504912,MH42 CT 5656,Honda City,3.8,11
DRV5310,Charvi Doctor,1530016058,MH27 KO 2162,Toyota Innova,4.1,18
DRV5311,Jyoti Buch,1101323907,MH20 SR 0149,Swift Dzire,3.8,5
DRV5312,Varenya Walla,+917397247228,MH1 AZ 2632,Tata Nexon,3.8,9
DRV5313,Maanas Keer,+914355399638,MH17 VJ 8904,Toyota Innova,4.1,7
DRV5314,Harita Chhabra,6991228826,MH36 QJ 9410,Toyota Innova,4.8,4
DRV5315,Sachi Oommen,+916464609906,MH5 DZ 7764,Hyundai Creta,3.7,4
DRV5316,Rajeshri Dubey,00248993565,MH42 TW 7956,Mahindra XUV700,4.2,11
DRV5317,Nakul Swamy,+918700517739,MH14 LQ 6612,WagonR,3.9,7
DRV5318,Aarnav Venkatesh,05634869938,MH47 TY 7638,Hyundai Creta,4.3,7
DRV5319,Jairaj Vohra,0978965775,MH36 BA 1693,Hyundai Creta,4.0,3
DRV5320,Meera Saraf,05787849125,MH2 TY 6321,Swift Dzire,3.7,13
DRV5321,Charvi More,02796548096,MH14 EV 1725,Honda City,3.6,14
DRV5322,Unnati Saini,+917620969375,MH14 VH 1500,Hyundai Creta,4.4,8
DRV5323,Warjas Pal,4206609969,MH33 VQ 8297,Mahindra XUV700,4.1,9
DRV5324,Vrinda Garg,+916074030200,MH3 XK 0795,Hyundai Creta,4.9,17
DRV5325,Zinal Pal,08830816839,MH4 HD 3842,WagonR,3.6,20
DRV5326,Avi Mody,+915111750783,MH11 KF 9277,Hyundai i20,4.6,19
DRV5327,Idika Mitra,8811980441,MH23 WJ 4037,Hyundai Creta,4.0,18
DRV5328,Krisha Banerjee,8059613192,MH22 EN 1879,Tata Nexon,4.9,11
DRV5329,Qabil Kamdar,5467164759,MH36 PR 4991,Mahindra XUV700,4.0,9
DRV5330,Eiravati Chakraborty,+914068355199,MH35 HZ 1126,Hyundai i20,3.9,7
DRV5331,Yuvraj Saran,08657642906,MH15 HN 8556,Maruti Ertiga,4.1,11
DRV5332,Odika Dara,+913686663965,MH43 YL 5919,Swift Dzire,4.8,9
DRV5333,Wyatt Ratti,+912431106420,MH47 FZ 5245,Maruti Ertiga,4.5,1
DRV5334,Tanvi Karpe,07120887289,MH18 PG 1887,Kia Seltos,4.6,15
DRV5335,Neelima Barad,+919758571050,MH10 OU 0222,Toyota Innova,3.5,20
DRV5336,Nathan Sule,+913750285659,MH35 IU 4489,Swift Dzire,4.8,7
DRV5337,Hemang Suresh,05291769826,MH30 HF 0028,Swift Dzire,3.7,17
DRV5338,Prisha Gera,+912203475228,MH35 TE 7266,Maruti Ertiga,3.9,17
DRV5339,Isaac Mani,7190980964,MH44 CB 0738,Kia Seltos,4.6,12
DRV5340,Urishilla Swaminathan,1690569682,MH48 CG 1167,Mahindra XUV700,4.2,1
DRV5341,Akshay Edwin,6325195465,MH36 QY 9459,Hyundai Creta,4.5,5
DRV5342,Michael Keer,5771134159,MH26 XR 0204,Mahindra XUV700,4.4,3
DRV5343,Chanakya Devi,+913583192240,MH23 VJ 6642,Maruti Ertiga,4.4,19
DRV5344,Rishi Garde,4629073742,MH43 EQ 9150,Mahindra XUV700,4.4,18
DRV5345,Ishanvi Sarma,06067168948,MH49 PI 8786,Tata Nexon,4.2,5
DRV5346,Osha Arora,9565430752,MH13 EM 2277,Mahindra XUV700,4.4,16
DRV5347,Dhriti Saran,09324095097,MH40 ZM 7536,Honda City,4.0,18
DRV5348,Upkaar Mukherjee,+915110617012,MH46 OB 8757,Honda City,5.0,2
DRV5349,Gautam Gour,01111011177,MH50 BB 6321,Honda City,3.9,6
DRV5350,Bishakha Parikh,5749036601,MH6 GH 1511,Mahindra XUV700,4.6,2
DRV5351,Megha Wagle,+911211670634,MH15 YU 6286,Honda City,3.6,3
DRV5352,Qabil Kala,+917661408954,MH44 YQ 3473,Toyota Innova,4.2,1
DRV5353,Odika Minhas,08313110642,MH40 LB 4673,Mahindra XUV700,4.4,2
DRV5354,Laban Sahni,+917295204569,MH43 TA 6930,Kia Seltos,3.8,4
DRV5355,Banjeet Gara,+916733702666,MH18 QO 2539,Swift Dzire,4.2,17
DRV5356,Bakhshi Sachar,9566737089,MH14 MN 1944,Mahindra XUV700,4.0,2
DRV5357,Saumya Sandal,+913086631611,MH47 IF 9523,Hyundai i20,4.0,8
DRV5358,Triveni Manda,07340281815,MH4 EU 2799,Tata Nexon,4.1,19
DRV5359,Xalak Nagi,5568741212,MH47 SF 5887,Kia Seltos,4.6,8
DRV5360,Kala Palla,+915417853787,MH47 JZ 6221,Hyundai i20,4.8,16
DRV5361,Parth Bir,+913579361079,MH29 SZ 3689,Kia Seltos,4.4,10
DRV5362,Wridesh Master,9265819185,MH48 ZX 0765,Honda City,3.9,14
DRV5363,Warda Patla,3713404680,MH47 HK 8952,Honda City,4.3,4
DRV5364,Zilmil Mukherjee,03444354444,MH37 KP 8336,Swift Dzire,4.8,14
DRV5365,Chaitanya Minhas,+910683073852,MH40 YG 3440,Swift Dzire,3.8,10
DRV5366,Jatin Chad,+914835553213,MH45 SN 5968,Honda City,4.1,12
DRV5367,Bhavini Agate,0090569964,MH46 PY 8065,Hyundai Creta,3.8,13
DRV5368,Ladli Mammen,4191944214,MH36 BF 9800,Hyundai i20,4.1,9
DRV5369,Lavanya Amble,09982988688,MH46 ZE 7333,Swift Dzire,3.5,6
DRV5370,Naveen Bhargava,+912521514482,MH13 CQ 9374,WagonR,4.9,11
DRV5371,Balvan Patil,02493451530,MH30 FI 8523,Hyundai Creta,4.1,18
DRV5372,Yash Goyal,+914293229097,MH28 BC 1587,Toyota Innova,4.7,19
DRV5373,Falak Arora,0165814731,MH7 IV 8813,WagonR,3.5,19
DRV5374,Siddharth Parikh,+913605912952,MH16 AR 3003,WagonR,5.0,2
DRV5375,Kevin Seshadri,+910224823118,MH21 HL 0205,Toyota Innova,4.7,17
DRV5376,Garima Mann,3123489597,MH2 RP 7834,Kia Seltos,3.6,11
DRV5377,Vritti Mitter,0227494828,MH45 II 1463,Toyota Innova,4.3,3
DRV5378,Wyatt Pal,+910810131329,MH40 XV 3993,Honda City,4.8,7
DRV5379,Wazir Sahota,+911088282151,MH15 TA 9617,WagonR,3.8,6
DRV5380,Mekhala Dua,+918972975179,MH47 XI 6786,Honda City,4.6,6
DRV5381,Girish Arora,05435614569,MH16 HR 3317,Mahindra XUV700,4.7,6
DRV5382,Isaac Ben,02226115629,MH28 SX 3383,Honda City,4.4,1
DRV5383,Hardik Salvi,2149231077,MH20 XZ 3537,Maruti Ertiga,4.2,6
DRV5384,Veer Vig,+917515142691,MH31 HZ 6882,Maruti Ertiga,4.7,18
DRV5385,Eiravati Bath,00856325254,MH2 ET 9435,Toyota Innova,4.8,4
DRV5386,Gaurav Upadhyay,01719500537,MH45 EG 7142,Tata Nexon,3.7,1
DRV5387,Avni Balasubramanian,1669937493,MH45 EH 6363,Hyundai i20,4.7,8
DRV5388,Rushil Raghavan,+915189123132,MH5 DW 6551,Tata Nexon,4.5,12
DRV5389,Janani Ramesh,+910474272417,MH7 MI 6331,Honda City,4.9,8
DRV5390,Vidhi Kalita,00236960369,MH34 GG 7510,Mahindra XUV700,3.8,20
DRV5391,Baljiwan Subramanian,1443689749,MH49 LQ 5295,Kia Seltos,4.5,12
DRV5392,Xavier Dugar,2469519338,MH14 NG 0110,Toyota Innova,4.0,11
DRV5393,Bhavna Srinivasan,05101835852,MH50 KQ 4723,WagonR,4.2,6
DRV5394,Ethan Mohan,9386566720,MH40 XU 1580,Honda City,4.5,12
DRV5395,Rajeshri Grewal,3872438009,MH1 FO 0216,Mahindra XUV700,4.7,3
DRV5396,Odika Thakur,+911157356649,MH12 OP 1632,Swift Dzire,3.8,13
DRV5397,Mitali Sandal,02625786500,MH27 PO 0286,Kia Seltos,3.6,19
DRV5398,Warda Ben,03370495552,MH36 NE 7351,Maruti Ertiga,4.9,12
DRV5399,Thomas Agarwal,03795435040,MH36 IR 3186,Tata Nexon,3.7,4
DRV5400,Qarin Kuruvilla,06403892714,MH1 SR 4320,Hyundai i20,3.8,14
DRV5401,Vaishnavi Misra,+919674491833,MH20 WQ 5882,Kia Seltos,3.7,12
DRV5402,Ronith Basak,+919433038460,MH44 AA 5482,Hyundai Creta,4.2,19
DRV5403,Krisha Suresh,+910945996846,MH45 UL 6984,Hyundai Creta,3.8,8
DRV5404,Zehaan Sahota,1525029045,MH30 SS 5047,Hyundai Creta,4.5,16
DRV5405,Kavya Trivedi,07797189351,MH47 RL 0208,Toyota Innova,3.8,9
DRV5406,Siddharth Mahajan,8072603771,MH26 GS 7831,Swift Dzire,4.1,20
DRV5407,Chaitanya Bal,0032118259,MH28 RX 1593,Swift Dzire,3.6,18
DRV5408,Sara Dalal,0280841128,MH50 KQ 4723,Toyota Innova,4.7,13
DRV5409,Anusha Bhakta,04928934230,MH32 EC 9368,Maruti Ertiga,3.8,7
DRV5410,Chanchal Deshpande,05005317260,MH48 LT 8851,Hyundai i20,3.9,3
DRV5411,Omya Malhotra,08660161138,MH13 GU 2993,Kia Seltos,4.3,7
DRV5412,Laban Samra,+917514288550,MH41 VB 0525,Honda City,4.1,19
DRV5413,Vidhi Swaminathan,03195801282,MH7 DT 3275,Kia Seltos,4.7,3
DRV5414,Sarthak Mangat,05270799677,MH45 EI 3780,Maruti Ertiga,4.1,16
DRV5415,Upasna Keer,+916876787764,MH1 AU 1970,Swift Dzire,4.5,13
DRV5416,Balhaar Master,8963256311,MH19 LG 1668,Swift Dzire,3.7,15
DRV5417,Fiyaz Reddy,09573031069,MH13 WR 8566,Swift Dzire,4.7,11
DRV5418,Rachita Nadig,08002794898,MH16 NL 0431,Honda City,3.7,15
DRV5419,Frederick Dua,6589715536,MH19 SH 3386,Honda City,3.8,10
DRV5420,Tripti Khosla,05620889474,MH48 PX 5797,Hyundai i20,4.4,4
DRV5421,Gayathri Radhakrishnan,+914534815394,MH33 PU 2148,Toyota Innova,4.0,13
DRV5422,Tristan Mand,2708293284,MH37 SO 5730,Tata Nexon,4.6,4
DRV5423,Nidra Thaman,7190170006,MH40 QF 5429,Tata Nexon,3.6,4
DRV5424,Deepa Dada,04434812717,MH16 FM 2141,Swift Dzire,4.7,14
DRV5425,Amaira Mangal,+914724644098,MH40 EM 2811,Toyota Innova,4.2,10
DRV5426,Ekapad Shah,+912245355920,MH38 CA 5075,Hyundai i20,4.1,1
DRV5427,Nathaniel Ramanathan,9670269908,MH35 LV 9872,Kia Seltos,4.6,10
DRV5428,Advay Bhattacharyya,4445562466,MH39 BD 3798,Kia Seltos,3.5,18
DRV5429,Indrajit Chaudhuri,+916881394668,MH28 BV 9209,Swift Dzire,3.9,20
DRV5430,Tripti Thaman,+913371825874,MH31 XT 7462,WagonR,3.9,10
DRV5431,Dhriti Narula,00011157578,MH10 UZ 8089,WagonR,4.0,6
DRV5432,Yashoda Sharma,+919912365094,MH45 OE 8684,Honda City,4.0,11
DRV5433,Anya Bhagat,+919893327170,MH24 BD 5045,Honda City,4.7,1
DRV5434,Aachal Sinha,3494208033,MH31 UU 1592,Maruti Ertiga,4.8,19
DRV5435,Jatin Sachar,+919574851426,MH13 LA 7942,Hyundai Creta,4.5,17
DRV5436,Gautam Gupta,6159532786,MH10 FY 0026,Mahindra XUV700,4.3,15
DRV5437,Balvan Chaudhry,5971430911,MH23 AQ 6671,Toyota Innova,4.4,19
DRV5438,Dhriti Madan,6644603966,MH15 AH 7122,Swift Dzire,3.7,3
DRV5439,Maya Batra,+916979241433,MH49 KO 1403,Maruti Ertiga,3.7,20
DRV5440,Warinder Viswanathan,08625136019,MH4 UJ 6666,Hyundai i20,3.5,1
DRV5441,Raghav Lal,8886645013,MH40 GJ 6591,Mahindra XUV700,4.0,18
DRV5442,Chakradhar Bhat,+913749414356,MH48 RD 8869,Swift Dzire,4.0,20
DRV5443,Raksha Dass,02991256916,MH24 WT 3214,Tata Nexon,4.7,12
DRV5444,Ikshita Ramachandran,9600708201,MH22 IM 0063,Swift Dzire,4.3,17
DRV5445,Laksh Kunda,9410631974,MH10 RF 2098,Swift Dzire,3.8,8
DRV5446,Om Bhardwaj,08405578992,MH41 VC 8756,Tata Nexon,4.4,13
DRV5447,Anirudh Shah,7639997502,MH15 PP 5062,Swift Dzire,4.1,6
DRV5448,Advik Dave,+919645033091,MH24 CD 2268,Honda City,3.7,5
DRV5449,Banjeet Mannan,04696115126,MH38 GV 3963,Honda City,4.9,17
DRV5450,Odika Sharaf,+912137484773,MH17 RU 3910,Tata Nexon,4.6,10
DRV5451,Ishanvi Sami,0823559476,MH19 AE 6161,Mahindra XUV700,4.4,13
DRV5452,Balendra Wason,+918719216628,MH9 ZN 7254,Mahindra XUV700,4.2,16
DRV5453,Anya Mukherjee,+911478822208,MH27 DB 8517,WagonR,4.0,14
DRV5454,Kiaan Ahluwalia,05319012624,MH38 AH 9405,Kia Seltos,3.8,16
DRV5455,Tanveer Patla,01487711185,MH31 OC 0405,Kia Seltos,4.7,1
DRV5456,Anamika Dhawan,09399251589,MH20 ZO 7915,WagonR,3.9,12
DRV5457,Gayathri Bhatt,+910502206721,MH25 RK 7407,WagonR,4.8,3
DRV5458,Tripti Barad,4818893922,MH29 HY 8179,Honda City,4.4,3
DRV5459,Varsha Suresh,05421781099,MH45 DB 0406,Mahindra XUV700,4.3,5
DRV5460,Chanakya Parmar,02229083160,MH18 LB 1068,Mahindra XUV700,3.7,12
DRV5461,Udant Choudhry,+914304403341,MH40 HV 9296,Hyundai Creta,3.6,6
DRV5462,Ekapad Bakshi,+910368622278,MH37 HN 0564,Toyota Innova,4.2,1
DRV5463,Chaitanya Bahri,+915648147574,MH37 SO 5730,Honda City,4.5,4
DRV5464,Isaiah Khosla,3042920027,MH24 VH 7710,Swift Dzire,4.1,19
DRV5465,Agastya Swaminathan,+918809954043,MH47 RC 9872,Honda City,4.5,14
DRV5466,Hredhaan Arora,0118532778,MH44 UF 1525,Hyundai Creta,5.0,10
DRV5467,Rachit Bhasin,+913691400262,MH49 DL 6150,Kia Seltos,4.1,12
DRV5468,Zansi Chacko,2667810377,MH34 QQ 3542,Mahindra XUV700,3.5,16
DRV5469,Chavvi Kala,06185580303,MH20 HT 0453,WagonR,3.7,1
DRV5470,Oscar Raman,+917674717817,MH23 HM 3788,Kia Seltos,4.6,19
DRV5471,Eshana Shanker,+914379212517,MH8 LT 4131,Honda City,4.0,16
DRV5472,Kritika Kalita,5370304124,MH14 QO 4309,Swift Dzire,4.0,5
DRV5473,Abha Dasgupta,4235957834,MH27 YQ 8240,WagonR,4.0,11
DRV5474,Vedika Kanda,3312720233,MH28 SP 6902,Hyundai i20,4.7,9
DRV5475,Jasmit Dhawan,+916651962909,MH48 BS 0077,Hyundai Creta,4.5,13
DRV5476,Girindra Rajagopalan,+915262366681,MH16 IP 2874,Toyota Innova,4.8,19
DRV5477,Adya Bhatnagar,+913650248314,MH31 TY 2947,Maruti Ertiga,3.6,5
DRV5478,Vedhika Ratti,02970036266,MH33 DC 5358,Maruti Ertiga,4.6,16
DRV5479,Anvi Dua,+910358478002,MH2 CF 2811,Kia Seltos,3.8,13
DRV5480,Kevin Gaba,3808834772,MH44 ST 0152,Hyundai Creta,3.6,6
DRV5481,Frederick Madan,+913490989862,MH40 HG 1810,Hyundai Creta,4.3,13
DRV5482,Urvashi Tella,0466935891,MH42 QK 7635,Mahindra XUV700,3.7,19
DRV5483,Amaira Bassi,04749306537,MH15 OA 0162,Kia Seltos,3.5,10
DRV5484,Faris Modi,7006626367,MH16 XG 1113,Hyundai i20,4.3,18
DRV5485,Ranbir Shroff,+911688270621,MH13 UG 8168,Mahindra XUV700,4.4,7
DRV5486,Dalaja Kade,5755399893,MH46 SP 7304,Hyundai i20,4.4,20
DRV5487,Aadi Rattan,02541150735,MH5 QF 8456,Honda City,4.4,11
DRV5488,Harshil Mukherjee,8155118319,MH28 SY 0963,Tata Nexon,4.9,15
DRV5489,Kiaan Dani,07768125321,MH15 ZL 4596,Toyota Innova,3.7,1
DRV5490,Sathvik Kamdar,0371236912,MH11 OT 1233,Honda City,4.5,7
DRV5491,Finn Khurana,7791613802,MH49 TS 4580,Maruti Ertiga,3.7,15
DRV5492,Prisha Bajaj,0509784254,MH43 YY 1832,Hyundai i20,4.6,2
DRV5493,Anika Dhawan,00606635489,MH30 IR 4118,Honda City,3.7,19
DRV5494,Sai Bali,4861002352,MH42 YS 2078,Hyundai Creta,4.2,19
DRV5495,William Maharaj,+913233212307,MH15 HF 0016,Tata Nexon,4.4,1
DRV5496,Ranveer Raval,6283047066,MH42 RP 5587,Tata Nexon,4.5,19
DRV5497,Pooja Suri,1114296061,MH28 YW 7033,Mahindra XUV700,4.9,7
DRV5498,Hitesh Brar,05455213466,MH27 FO 5805,Hyundai i20,3.9,15
DRV5499,Daksha Toor,2071557814,MH38 QF 2646,Hyundai i20,4.9,16
DRV5500,Luke Naik,9041227762,MH2 HS 7919,Mahindra XUV700,3.7,3
DRV5501,Mekhala Kalla,02483819900,MH21 XJ 1501,Hyundai Creta,4.6,19
DRV5502,Varsha Acharya,+914356557293,MH13 HJ 7144,Swift Dzire,4.8,10
DRV5503,Advaith Chakraborty,9427480089,MH45 EL 2399,Swift Dzire,4.5,5
DRV5504,Vasana Baria,5591016317,MH48 JO 0593,Maruti Ertiga,5.0,15
DRV5505,Warhi Nagar,04797926185,MH8 LD 3545,Swift Dzire,4.1,19
DRV5506,Omaja Chaudhuri,03098949706,MH36 OS 5403,Tata Nexon,3.5,1
DRV5507,Matthew Soman,2115146800,MH13 JC 3275,Honda City,4.3,9
DRV5508,Tanay Morar,03978753570,MH1 MS 9520,Mahindra XUV700,4.3,17
DRV5509,Shaurya Mand,5716494609,MH26 SU 9177,Toyota Innova,3.9,15
DRV5510,Maanas Narang,06932255481,MH2 EG 9805,Maruti Ertiga,4.7,16
DRV5511,Ladli Sood,+910517792712,MH42 TW 7956,Honda City,4.2,8
DRV5512,Aayush Sahni,02532331496,MH20 IM 9517,Kia Seltos,3.6,16
DRV5513,Edhitha Kohli,05702829391,MH22 QP 5835,Swift Dzire,4.1,5
DRV5514,Akshay Agrawal,09184725097,MH20 XR 8199,WagonR,4.6,19
DRV5515,Krish Pillai,08884954571,MH7 BX 5398,Kia Seltos,4.5,7
DRV5516,Advaith Venkatesh,1423146870,MH48 YJ 9590,Maruti Ertiga,4.6,7
DRV5517,Joshua Suri,+913600376330,MH20 ZH 8038,Mahindra XUV700,4.4,7
DRV5518,Udyati Garde,1241616927,MH12 IB 1669,Honda City,3.7,2
DRV5519,Hemangini Raval,3806895591,MH14 JO 7967,Hyundai i20,4.5,17
DRV5520,Charan Sodhi,05878968080,MH48 IC 1857,Hyundai Creta,4.3,12
DRV5521,Anika Varty,+912812833827,MH21 LN 5122,Kia Seltos,4.4,17
DRV5522,Oni Garde,+917684101118,MH42 YP 0446,Toyota Innova,4.3,12
DRV5523,Triveni Madan,09949589408,MH15 RV 8432,Tata Nexon,4.1,10
DRV5524,Dev Mohan,+910865828289,MH48 ZH 6715,WagonR,3.5,2
DRV5525,Megha Kapur,09517637241,MH4 DW 6522,Kia Seltos,3.5,6
DRV5526,Ekapad Roy,2679575217,MH49 MG 9518,Kia Seltos,4.5,11
DRV5527,Nachiket Kakar,+913009975532,MH49 FU 8324,WagonR,3.9,11
DRV5528,Samaksh Mand,+918872340840,MH43 XI 3313,Mahindra XUV700,4.7,15
DRV5529,Ekbal Natarajan,+910643229695,MH44 XW 5096,Hyundai i20,4.9,12
DRV5530,Aadi Merchant,7624521994,MH32 ST 3112,Maruti Ertiga,4.9,14
DRV5531,Ojas Thakur,05108634869,MH38 RC 6921,Tata Nexon,4.6,15
DRV5532,Urvashi Menon,1361479148,MH45 LD 4523,Swift Dzire,4.9,6
DRV5533,Hemangini Doshi,3707369561,MH14 BP 1031,Maruti Ertiga,4.4,7
DRV5534,Chaaya Shah,+915193637016,MH27 UI 7059,Hyundai Creta,3.5,9
DRV5535,Ridhi Brar,+914126027115,MH27 BW 6068,Swift Dzire,4.2,10
DRV5536,Gaurika Sandhu,+917500624454,MH33 PF 1645,Kia Seltos,4.1,7
DRV5537,Sara Halder,+911532403638,MH33 NI 7589,Swift Dzire,4.9,1
DRV5538,Nathaniel Singhal,07822009040,MH7 EZ 3598,Toyota Innova,4.1,10
DRV5539,Chasmum Bahri,+912447472194,MH32 OB 3678,Maruti Ertiga,3.9,1
DRV5540,Raghav Prashad,+917253707444,MH36 NA 6229,Maruti Ertiga,4.0,10
DRV5541,Eesha Dhar,0525020327,MH13 LA 7942,Mahindra XUV700,4.8,1
DRV5542,Fiyaz Bansal,0656099053,MH8 HW 9070,Toyota Innova,4.0,20
DRV5543,Sarthak Kala,6737879086,MH17 YW 7796,Kia Seltos,4.9,4
DRV5544,Shivansh Baral,04190813527,MH28 IO 6516,Tata Nexon,3.9,10
DRV5545,Ishita Samra,02739289233,MH31 TY 2947,Mahindra XUV700,3.6,16
DRV5546,Praneel Dhingra,07525282770,MH44 OY 2430,Toyota Innova,4.2,6
DRV5547,Upma Ramachandran,01067966580,MH28 NI 1253,Swift Dzire,3.6,20
DRV5548,Chanakya Toor,00943473759,MH6 RK 0799,Kia Seltos,4.6,18
DRV5549,Bishakha Sha,+912240783685,MH48 YA 5320,Mahindra XUV700,3.8,11
DRV5550,Azad Parekh,01928448334,MH39 LK 3857,Kia Seltos,4.5,8
DRV5551,Damyanti Rau,+917937433473,MH22 MQ 0841,Honda City,3.7,12
DRV5552,Edhitha Bajaj,05339040283,MH42 RM 9068,Hyundai Creta,3.7,20
DRV5553,Balvan Iyengar,07611291352,MH25 XT 8707,Swift Dzire,4.6,8
DRV5554,Chanchal Sodhi,03461168599,MH24 GD 2790,Toyota Innova,4.3,9
DRV5555,Luke Memon,01866668541,MH9 TT 6082,Toyota Innova,4.1,20
DRV5556,Abeer Barad,7829004493,MH32 OO 5690,Mahindra XUV700,4.1,8
DRV5557,Mohini Kapoor,1125614581,MH50 UG 7263,Hyundai i20,4.0,14
DRV5558,Nachiket Johal,7463596373,MH1 ZK 6685,Honda City,4.9,2
DRV5559,Ayaan Kar,07110991638,MH12 JP 6957,Honda City,4.1,19
DRV5560,Urvashi Setty,+915652702731,MH31 WJ 8226,Swift Dzire,3.6,18
DRV5561,Vihaan Wadhwa,6487858843,MH9 DR 1591,Toyota Innova,5.0,7
DRV5562,Ansh Rastogi,+912641994826,MH28 MS 2842,Hyundai i20,3.6,11
DRV5563,Neha Bandi,4591176247,MH38 CV 9016,Maruti Ertiga,4.9,16
DRV5564,Balvan Gulati,+912216472029,MH20 LS 9791,Toyota Innova,4.7,1
DRV5565,Lakshit Rattan,02609865863,MH33 VO 1863,Hyundai i20,4.2,9
DRV5566,Ekavir Borra,06390792337,MH32 BA 4953,Hyundai Creta,4.3,4
DRV5567,Zansi Sanghvi,08804551062,MH13 FW 7704,WagonR,4.0,18
DRV5568,Girik Goel,01589773929,MH28 LA 4887,Hyundai Creta,4.8,14
DRV5569,Brinda Swamy,+917614095556,MH22 TB 4466,Tata Nexon,4.7,18
DRV5570,Logan Iyer,5214353170,MH13 NQ 3542,Mahindra XUV700,3.6,12
DRV5571,Edhitha Chatterjee,01381769413,MH32 YC 4238,Honda City,3.9,9
DRV5572,Andrew Deo,07027299360,MH40 OX 2708,WagonR,4.4,5
DRV5573,Sudiksha Chaudhuri,03157870771,MH27 UI 7059,Toyota Innova,4.8,19
DRV5574,David Prashad,1781383950,MH48 XR 9585,Toyota Innova,4.8,15
DRV5575,Nilima Parikh,2538378134,MH13 OH 1766,Hyundai i20,4.8,13
DRV5576,Vrishti Madan,+912916917905,MH49 ZX 2048,Tata Nexon,4.2,2
DRV5577,Mason Tara,+915563249881,MH41 UP 8700,Tata Nexon,4.2,9
DRV5578,Ikshita Koshy,08749803859,MH36 BF 1286,WagonR,4.2,15
DRV5579,Amara Maharaj,02797490199,MH24 AI 5197,Mahindra XUV700,4.6,11
DRV5580,Jeremiah Rajagopalan,9646110312,MH47 DJ 6447,Honda City,4.5,12
DRV5581,Tanveer Khalsa,+913957733772,MH4 AC 8876,Mahindra XUV700,3.9,3
DRV5582,Peter Karpe,06138973564,MH48 ZJ 9277,Hyundai Creta,4.1,15
DRV5583,Maanas Oak,+915726371472,MH28 EP 8449,Maruti Ertiga,4.6,4
DRV5584,Advaith Prakash,+917578573627,MH22 JF 4394,Kia Seltos,4.6,4
DRV5585,Triveni Lad,02240877498,MH33 VZ 4966,Honda City,4.1,17
DRV5586,Jatin Upadhyay,08502799316,MH12 TG 5804,Mahindra XUV700,3.5,10
DRV5587,Aashi Majumdar,06616743919,MH14 VT 7557,Kia Seltos,3.7,18
DRV5588,Harshil Mukherjee,+910582415981,MH11 TT 1398,Mahindra XUV700,4.8,9
DRV5589,Hamsini Setty,09167052457,MH49 AJ 8997,Tata Nexon,4.8,7
DRV5590,Umang Dugar,00360880451,MH9 BW 9128,Tata Nexon,4.1,17
DRV5591,Siya Biswas,+919318619199,MH6 XR 0567,Mahindra XUV700,3.6,2
DRV5592,Vyanjana D’Alia,+916154117286,MH34 HV 1634,Hyundai Creta,4.1,6
DRV5593,Samar Bobal,+915258231104,MH29 GG 0851,Swift Dzire,3.6,10
DRV5594,Adweta Thakur,+915991624216,MH8 WJ 3434,Toyota Innova,4.7,12
DRV5595,George Brahmbhatt,+915138379004,MH33 DW 6088,Tata Nexon,4.9,13
DRV5596,Sai Shanker,+913792433710,MH14 FR 0357,Tata Nexon,3.9,16
DRV5597,Banjeet Shan,4863523123,MH31 PG 9067,Honda City,4.6,7
DRV5598,Jyoti Chaudhari,01950944630,MH37 DA 2104,WagonR,4.8,3
DRV5599,Pranav Dube,+919330876429,MH42 VY 7989,Toyota Innova,3.7,17
DRV5600,Jackson Aurora,0231431160,MH47 LD 5986,Mahindra XUV700,4.0,7
DRV5601,Rudra Johal,7315395578,MH29 SW 8139,Mahindra XUV700,4.2,19
DRV5602,Shivani Nanda,+914885230580,MH41 NF 7910,Mahindra XUV700,4.7,12
DRV5603,Adya Handa,5214468341,MH9 OG 9872,Hyundai i20,3.9,6
DRV5604,Mason Magar,+919499018815,MH6 DI 9404,Toyota Innova,4.2,8
DRV5605,Upkaar Sharaf,5061119904,MH48 TX 6560,Honda City,3.7,9
DRV5606,Ekaja Chana,08415320083,MH47 YG 6400,Mahindra XUV700,4.9,3
DRV5607,Wishi Sachar,00809152967,MH43 BQ 7404,Swift Dzire,4.4,3
DRV5608,Meghana Maharaj,02804388320,MH5 NB 0186,Hyundai Creta,4.3,18
DRV5609,Jyoti Palla,0569186392,MH35 CB 6107,Mahindra XUV700,4.5,1
DRV5610,Vrishti Arya,8051638360,MH40 ES 7914,Toyota Innova,4.4,1
DRV5611,Utkarsh Saran,6341547259,MH27 EK 7992,Kia Seltos,4.9,15
DRV5612,Alexander Sule,4867551717,MH1 FF 0213,Toyota Innova,3.9,2
DRV5613,Idika Salvi,+919035840407,MH38 YV 8840,Toyota Innova,4.3,9
DRV5614,Faras Hari,05077011828,MH15 IY 1249,Swift Dzire,4.3,17
DRV5615,Sachi Borra,+919323938015,MH37 AE 2792,Honda City,4.7,10
DRV5616,Vedhika Chatterjee,+912706711160,MH14 LT 2562,Kia Seltos,3.6,6
DRV5617,Ladli Rattan,5882689800,MH33 LF 3129,Mahindra XUV700,4.1,8
DRV5618,Nicholas Rana,09377074650,MH45 HR 7520,Honda City,4.0,12
DRV5619,Kashvi Kohli,07549088368,MH50 WF 3052,Tata Nexon,4.7,15
DRV5620,Keya Palla,7920298472,MH23 DP 9624,Maruti Ertiga,4.3,12
DRV5621,Aditya Dasgupta,+914335461398,MH40 GO 3681,WagonR,4.0,4
DRV5622,Jason Acharya,3986198101,MH19 IC 6138,Hyundai i20,4.6,14
DRV5623,Pooja Nori,09762787938,MH3 DF 3293,Tata Nexon,4.9,13
DRV5624,Simon Hegde,02223752813,MH26 GS 7831,WagonR,3.7,8
DRV5625,Radha Khosla,+915256231669,MH42 ER 0826,Maruti Ertiga,4.2,8
DRV5626,Ekanta Dhingra,4228348523,MH38 WO 0991,Swift Dzire,3.7,5
DRV5627,Ladli Nagar,01118435931,MH44 TO 1373,Toyota Innova,3.7,15
DRV5628,Mohammed Thaman,+919045834758,MH37 JI 3042,Swift Dzire,4.3,3
DRV5629,Mekhala Sur,6458707573,MH29 LE 9340,Hyundai Creta,4.2,13
DRV5630,Damini Rout,+916213526474,MH47 KD 3747,Maruti Ertiga,4.4,3
DRV5631,Advay Krishnamurthy,07931632220,MH46 BQ 0778,Toyota Innova,3.9,12
DRV5632,Manan Oommen,+912334380984,MH18 QT 2133,Toyota Innova,4.9,11
DRV5633,Jagrati Chaudhary,3866674570,MH44 GA 7047,Honda City,4.3,10
DRV5634,Manya Kumar,8926311967,MH32 WN 0783,Hyundai Creta,4.2,10
DRV5635,Saksham Patla,+916012162467,MH36 QL 0966,WagonR,4.3,9
DRV5636,Chanakya Vig,+914603253200,MH14 TS 6502,Hyundai i20,3.7,18
DRV5637,Keya Mukhopadhyay,+915382118749,MH25 ML 6999,Kia Seltos,3.9,11
DRV5638,Madhavi Gera,+917877355872,MH30 AT 6532,Swift Dzire,3.9,1
DRV5639,Eta Balasubramanian,+910420131229,MH17 WN 5397,Swift Dzire,4.4,12
DRV5640,Dipta Bansal,+914891169594,MH41 BG 5982,Swift Dzire,3.7,8
DRV5641,Nachiket Prashad,08915840676,MH35 CH 8688,Hyundai Creta,4.2,10
DRV5642,Lila Wagle,02868146870,MH40 CD 1131,Hyundai Creta,4.6,17
DRV5643,Qabil Panchal,2252427320,MH13 TT 3403,Tata Nexon,3.6,15
DRV5644,Yasti Jain,8661458293,MH21 OR 1672,Maruti Ertiga,4.5,10
DRV5645,Vrinda Goyal,+913019543727,MH31 GE 3042,Hyundai Creta,4.7,6
DRV5646,Chandani Chawla,+913457970363,MH17 GG 7707,Tata Nexon,3.8,13
DRV5647,Kavya Bhat,06960854342,MH43 WD 3745,Swift Dzire,4.1,5
DRV5648,Jeremiah Virk,8165172595,MH37 EJ 4621,WagonR,3.9,20
DRV5649,Baljiwan Dhawan,01634965012,MH39 PV 0884,Hyundai i20,4.5,6
DRV5650,Vivaan Kunda,+913319829186,MH9 EC 8134,Tata Nexon,4.4,12
DRV5651,Pratyush Brar,6214813495,MH47 WG 4708,Toyota Innova,4.4,5
DRV5652,Sathvik Comar,08141032985,MH39 VH 4468,Hyundai Creta,4.7,3
DRV5653,Guneet Kothari,03301632687,MH48 RH 1178,Mahindra XUV700,3.5,19
DRV5654,Gaurangi Hayre,8690932317,MH1 KI 6903,Hyundai Creta,4.6,10
DRV5655,Pranit Bhatt,00423139163,MH47 RE 0313,Honda City,4.3,8
DRV5656,Saumya Devi,01485453955,MH47 SJ 7681,WagonR,3.6,5
DRV5657,Oliver Srivastava,4250373839,MH24 KB 6465,Hyundai i20,5.0,7
DRV5658,Darika Badami,+918970108457,MH39 GI 0457,Toyota Innova,4.1,18
DRV5659,Teerth Ramesh,05037634716,MH22 NO 8497,Honda City,4.5,2
DRV5660,Lekha Ramachandran,00901420657,MH12 WN 9523,Honda City,3.7,1
DRV5661,Damyanti Suri,05324629550,MH2 LG 4279,Toyota Innova,4.8,14
DRV5662,Andrew Chakraborty,7710056608,MH38 QN 3056,Hyundai i20,3.9,2
DRV5663,Mason Balakrishnan,01791522066,MH42 ZR 8120,Hyundai Creta,4.8,20
DRV5664,Onveer Morar,01296777244,MH11 XW 3646,Hyundai i20,4.9,6
DRV5665,Saanvi Raju,01125029418,MH7 IE 2007,Swift Dzire,4.7,14
DRV5666,Nikita Chaudhry,3366292985,MH48 VC 8519,Mahindra XUV700,4.9,19
DRV5667,Nikita Pau,7309944440,MH28 AI 5041,Toyota Innova,4.9,2
DRV5668,Hitesh Rai,03983984897,MH13 OX 7301,Tata Nexon,4.5,3
DRV5669,Amrita Banerjee,+914196816057,MH1 QM 1583,WagonR,3.9,15
DRV5670,Kala Krishnan,5925593992,MH27 LU 2302,Honda City,4.1,4
DRV5671,Darpan Chacko,8765794324,MH18 GU 8937,Tata Nexon,3.6,8
DRV5672,Warinder Behl,+911850241458,MH42 DG 3970,Honda City,3.7,19
DRV5673,Nimrat Aggarwal,+917362014363,MH9 VP 3004,WagonR,4.1,8
DRV5674,Jeevika Raghavan,4851150468,MH22 IJ 8791,Hyundai i20,4.6,4
DRV5675,Varsha Srinivasan,2123621661,MH49 MI 8851,Tata Nexon,3.7,12
DRV5676,Yash Om,07597827489,MH46 QF 6606,Hyundai i20,3.7,2
DRV5677,Sneha Bedi,4579247296,MH38 RO 5056,Tata Nexon,4.3,14
DRV5678,Gaurang Warrior,2895113407,MH45 DD 2130,Hyundai i20,4.4,2
DRV5679,Jagrati Barman,07733036214,MH34 AC 0163,Tata Nexon,3.5,4
DRV5680,Ekansh Nanda,+918503095636,MH37 EQ 7572,Honda City,3.9,6
DRV5681,Aryan Sinha,5116537251,MH26 ZY 4898,Tata Nexon,4.0,19
DRV5682,Priya Rama,09154511905,MH12 WF 6473,Hyundai Creta,4.3,5
DRV5683,Madhav Kata,+917994211021,MH10 AP 8502,Hyundai i20,4.0,10
DRV5684,Ojasvi Setty,06393318292,MH19 UZ 3979,Hyundai i20,4.2,15
DRV5685,Gaurang Goel,+919796888723,MH44 PN 6922,Mahindra XUV700,4.4,15
DRV5686,Jeremiah Lala,+913725416578,MH15 WA 8260,Honda City,4.9,13
DRV5687,Ayushman Cherian,+912630605856,MH13 WX 1250,Swift Dzire,3.7,12
DRV5688,Ayush Joshi,03183010833,MH4 TK 8890,Kia Seltos,4.4,12
DRV5689,Rajeshri Sabharwal,+919058027597,MH40 JK 3664,Swift Dzire,3.9,14
DRV5690,Urvi Bala,09433257585,MH33 CJ 3281,Honda City,4.2,16
DRV5691,Chaman Thakur,00121081304,MH38 DJ 3329,Maruti Ertiga,4.7,19
DRV5692,Veda Madan,+911962462421,MH38 KD 1023,Hyundai i20,4.9,5
DRV5693,Xalak Borde,02261508653,MH46 NP 1166,Kia Seltos,4.9,19
DRV5694,Advika Chawla,3036623862,MH4 NZ 1072,Tata Nexon,3.9,11
DRV5695,Girindra Nagy,09430201245,MH26 AZ 5600,Honda City,4.4,16
DRV5696,Kamala Nadkarni,1991796785,MH48 MU 7964,Kia Seltos,4.2,17
DRV5697,Ekansh Choudhary,+916752777062,MH28 HW 5668,Maruti Ertiga,4.8,18
DRV5698,Ekapad Sood,0920765481,MH41 UJ 2285,Kia Seltos,4.9,2
DRV5699,Osha Nagarajan,07901819673,MH44 SP 3540,Hyundai i20,4.9,17
DRV5700,Lavanya Mahal,08919539974,MH44 NP 4067,Hyundai i20,3.8,20
DRV5701,Kai Hayer,+912833464501,MH15 TA 6076,Swift Dzire,4.8,1
DRV5702,Odika More,7126248190,MH8 PV 9821,Hyundai i20,4.5,4
DRV5703,Quincy Chopra,8595598910,MH20 GM 3780,Hyundai Creta,3.5,11
DRV5704,Yash Ravi,1014489349,MH37 YV 3424,Hyundai i20,4.0,20
DRV5705,Nimrat Nadig,+910959829834,MH2 DG 7873,Honda City,4.7,6
DRV5706,Mitesh Mandal,02812774272,MH30 DM 7924,Toyota Innova,3.9,16
DRV5707,Mohini Mistry,08923334122,MH17 QG 4515,Mahindra XUV700,3.6,8
DRV5708,Warjas Parmar,01404077568,MH3 OV 6801,Toyota Innova,4.3,11
DRV5709,Anay Kaur,03861301628,MH29 GG 0851,Swift Dzire,4.1,19
DRV5710,Chandran Grover,+917100115277,MH30 SF 9323,Hyundai i20,5.0,16
DRV5711,Abha Balasubramanian,+919988398240,MH17 AF 2840,Hyundai Creta,3.7,10
DRV5712,William Kapoor,+912262044277,MH40 DD 0712,Swift Dzire,4.9,15
DRV5713,Rajata Mani,01715141900,MH14 YO 6839,Swift Dzire,4.9,11
DRV5714,Charita Wable,0586207584,MH15 QQ 5276,Honda City,3.8,3
DRV5715,Alka Kala,03492858250,MH12 QO 7148,Swift Dzire,4.6,4
DRV5716,Aadi Barad,+917181801210,MH49 IQ 4750,Mahindra XUV700,4.2,5
DRV5717,Balvan Grewal,07890362634,MH23 SV 2354,Swift Dzire,3.6,6
DRV5718,Finn Rama,2554863068,MH37 PL 8661,Hyundai i20,3.6,9
DRV5719,Jonathan Gill,+911619899221,MH20 ZC 8740,Mahindra XUV700,4.6,20
DRV5720,Shivansh Merchant,2923615381,MH43 BU 7805,Swift Dzire,4.2,12
DRV5721,Ronith Morar,2637681523,MH40 HQ 4398,Toyota Innova,4.1,11
DRV5722,Hemang Basu,+915400947074,MH42 XN 6464,Hyundai Creta,4.7,8
DRV5723,Imaran Ahluwalia,06092960078,MH12 IT 3112,Kia Seltos,4.7,7
DRV5724,Laban Wable,9052624057,MH10 QX 9528,Kia Seltos,4.7,9
DRV5725,Matthew Dani,09688209914,MH32 ST 3112,Mahindra XUV700,5.0,14
DRV5726,Rajata Chakrabarti,8187350429,MH26 KP 2405,Kia Seltos,3.7,16
DRV5727,Diya Malhotra,9983797608,MH28 ZR 0741,Hyundai i20,4.7,12
DRV5728,Kamya Rastogi,+915480351798,MH50 UW 8084,Tata Nexon,4.5,11
DRV5729,Jhalak Grover,+916801563625,MH27 KW 6122,WagonR,4.1,17
DRV5730,Saumya Pal,+917676808446,MH19 UI 1659,Toyota Innova,5.0,16
DRV5731,Zayyan Dubey,04546122664,MH39 XU 2479,Swift Dzire,4.2,2
DRV5732,Balhaar Shah,8080950098,MH30 PX 2325,Hyundai i20,3.7,9
DRV5733,Darpan Mand,+915760242661,MH25 PN 9558,Hyundai i20,4.6,2
DRV5734,Ranbir Pandey,0399076668,MH46 SC 1587,Swift Dzire,3.9,1
DRV5735,Jasmit Mahal,+918994913003,MH26 TL 0193,Mahindra XUV700,3.6,13
DRV5736,Omisha Majumdar,+919245835983,MH9 OJ 1475,Maruti Ertiga,4.6,8
DRV5737,Ansh Brar,3016214209,MH43 LY 8006,Mahindra XUV700,4.0,12
DRV5738,Frederick Dash,+911290447194,MH37 WE 1872,Kia Seltos,4.6,19
DRV5739,Atharv Nori,05221427867,MH17 ZN 5510,Hyundai i20,4.2,10
DRV5740,Noah Sarna,+912445232575,MH22 UW 2758,Maruti Ertiga,4.7,18
DRV5741,Logan Ganesan,+915498209053,MH7 LR 2088,WagonR,4.8,4
DRV5742,Wazir Naik,7872124864,MH32 JX 4200,Hyundai i20,3.8,2
DRV5743,Fiyaz Pingle,+910478470416,MH26 AP 4549,Mahindra XUV700,4.4,19
DRV5744,Panini Chakraborty,+914410422369,MH36 WW 4131,WagonR,4.0,12
DRV5745,Charvi Srinivas,04466053683,MH6 QS 4623,Tata Nexon,3.7,20
DRV5746,Balendra Kata,00786619434,MH40 QQ 9155,Hyundai i20,3.7,13
DRV5747,Nidra Dara,7586124454,MH45 NB 4649,Toyota Innova,4.3,3
DRV5748,Frado Wadhwa,2068335649,MH46 JH 0131,Mahindra XUV700,4.7,7
DRV5749,Anmol Lalla,2891965317,MH23 XD 2968,WagonR,3.9,6
DRV5750,Anay Bath,1048454962,MH37 QC 1654,Hyundai Creta,4.4,7
DRV5751,Hemangini Sura,09577042124,MH5 TY 3295,Maruti Ertiga,4.9,19
DRV5752,Baghyawati Naik,02113789614,MH28 VQ 4405,Tata Nexon,4.0,6
DRV5753,Bina Sama,+915629186225,MH18 QJ 9545,Kia Seltos,4.8,3
DRV5754,Max Sachdev,2636914247,MH15 SY 4539,Hyundai Creta,4.0,12
DRV5755,Tarak Patla,+912357402153,MH5 KN 1957,Hyundai i20,4.3,4
DRV5756,Vansha Ramesh,+911558025582,MH1 WT 3674,Hyundai i20,3.9,5
DRV5757,Avi Sen,00843327578,MH43 IC 1971,WagonR,4.2,15
DRV5758,Sai Warrior,05383970248,MH45 FI 6894,Hyundai i20,3.9,9
DRV5759,Radhika Kapadia,01049331425,MH5 DI 0949,Maruti Ertiga,4.0,4
DRV5760,Gautami Shan,+910148926211,MH20 ZH 8038,Hyundai Creta,3.6,19
DRV5761,Naksh Rama,09254136198,MH38 WE 8610,Swift Dzire,3.6,16
DRV5762,Ridhi Lala,+911327523239,MH13 PZ 9314,Tata Nexon,4.1,5
DRV5763,Rohan Patla,06490559029,MH36 RY 1284,Maruti Ertiga,4.9,19
DRV5764,Aishani Nath,07482458970,MH19 IJ 9411,Kia Seltos,4.6,16
DRV5765,Ishita Bora,4064302783,MH45 SM 3814,WagonR,5.0,9
DRV5766,Karan Prasad,06233068538,MH14 UM 8202,Maruti Ertiga,4.8,5
DRV5767,Balveer Butala,08030665929,MH23 QA 6650,Toyota Innova,3.6,12
DRV5768,Henry Baral,3168784293,MH10 IQ 8345,Mahindra XUV700,3.7,17
DRV5769,Farhan Chanda,+914895813670,MH41 OS 4308,Hyundai i20,3.8,7
DRV5770,Nitesh Bains,9436266576,MH1 KT 9947,Hyundai Creta,4.7,7
DRV5771,Dipta Bal,03557971381,MH50 BF 9619,Kia Seltos,4.7,17
DRV5772,Yagnesh Narasimhan,3251161982,MH46 GC 4379,Kia Seltos,4.5,5
DRV5773,Vasatika Chanda,05888993902,MH34 DY 0666,WagonR,3.9,9
DRV5774,David Borde,1148243651,MH13 WJ 5649,Hyundai i20,4.3,9
DRV5775,Jason Bhatnagar,6998987946,MH17 GU 5478,Hyundai i20,4.0,19
DRV5776,Vrishti Oza,8354866356,MH16 MW 9382,Mahindra XUV700,4.3,17
DRV5777,Dalbir Palla,+915836193056,MH25 WQ 6413,WagonR,5.0,15
DRV5778,Omkaar Yadav,2079625013,MH18 BI 8589,Toyota Innova,4.2,3
DRV5779,Pushti Comar,+917573296576,MH39 KQ 4451,Hyundai i20,4.8,5
DRV5780,Inaya Shenoy,+919993004378,MH32 BW 1238,Tata Nexon,3.6,12
DRV5781,Radha Mall,08498619564,MH8 TS 5958,Mahindra XUV700,3.5,12
DRV5782,Pahal Madan,07261653239,MH7 XG 7200,Hyundai i20,4.8,3
DRV5783,Lipika Bhandari,9881509259,MH44 AH 1240,Kia Seltos,3.7,14
DRV5784,Ucchal Ghosh,+919470730189,MH50 OM 6749,Swift Dzire,4.0,20
DRV5785,Vanya Soman,9727938366,MH13 IC 0268,Maruti Ertiga,4.9,1
DRV5786,Nathan Kala,02063278524,MH34 OT 8617,WagonR,4.0,3
DRV5787,Ria Mutti,09336026357,MH37 EQ 7572,Hyundai i20,5.0,18
DRV5788,Mohammed Nayar,03092331899,MH32 PN 0988,Hyundai i20,4.5,12
DRV5789,Anya Dhillon,0832748578,MH41 VK 3270,Honda City,4.4,7
DRV5790,Praneel Goda,+918571281918,MH37 LI 9483,Maruti Ertiga,4.3,7
DRV5791,Vamakshi Agrawal,06980106012,MH44 YU 2249,Kia Seltos,3.5,19
DRV5792,Aditya Badal,9530088044,MH42 EE 3706,Mahindra XUV700,4.9,10
DRV5793,Dalaja Das,2778734732,MH48 RG 5347,Hyundai Creta,5.0,15
DRV5794,Zaitra Chakrabarti,03083344470,MH43 NV 6323,Toyota Innova,4.9,9
DRV5795,Rushil Mani,8447520527,MH4 LM 2521,Honda City,4.0,2
DRV5796,Kai Mohan,01806531138,MH37 XR 7790,Hyundai Creta,3.9,19
DRV5797,Maanav Dhillon,02578981714,MH18 UI 8538,Swift Dzire,3.9,4
DRV5798,Adweta Pai,2804335623,MH15 YD 0088,Kia Seltos,4.9,20
DRV5799,Anjali Wagle,+919164024197,MH47 PR 2773,Kia Seltos,4.7,2
DRV5800,Rushil Borah,2776898605,MH34 XG 5440,Honda City,4.1,13
DRV5801,Hamsini Barad,+915186230319,MH27 BE 2125,Swift Dzire,4.6,18
DRV5802,Nakul Sengupta,+916937405564,MH21 IT 6928,Hyundai i20,4.2,1
DRV5803,Alexander Ghosh,3991187719,MH31 QN 2736,Toyota Innova,4.9,10
DRV5804,Nachiket Dhar,3941986461,MH44 YY 5622,Hyundai Creta,4.2,14
DRV5805,Charan Korpal,+914383380364,MH38 SK 4820,Maruti Ertiga,4.1,15
DRV5806,Hredhaan Prasad,06717846683,MH40 CG 8822,Kia Seltos,4.6,13
DRV5807,Eesha Gola,+916649712577,MH27 PV 5782,Maruti Ertiga,3.6,7
DRV5808,Dev Pai,6073004711,MH16 CY 0089,Toyota Innova,4.8,7
DRV5809,Vanya Karpe,+911636151194,MH48 FR 2703,Mahindra XUV700,4.7,20
DRV5810,Kritika Bhakta,5183439042,MH21 AN 8673,Swift Dzire,4.2,13
DRV5811,Kevin Bumb,7382611704,MH35 UP 0727,Honda City,3.5,6
DRV5812,Gayathri Raval,09968134244,MH50 RG 8699,Toyota Innova,4.5,17
DRV5813,Imaran Balasubramanian,+918202364006,MH39 FY 9926,Kia Seltos,3.6,18
DRV5814,Jack Batta,7952283365,MH36 KN 8663,Tata Nexon,4.3,5
DRV5815,Aarna Buch,+919964124807,MH34 HT 3128,Tata Nexon,4.4,11
DRV5816,Madhavi Raja,8038703271,MH2 LX 9577,Mahindra XUV700,4.4,16
DRV5817,Indrajit Sehgal,6525504874,MH1 UZ 8366,WagonR,4.7,11
DRV5818,Tanvi Chokshi,09637516728,MH50 KS 7390,Hyundai Creta,4.5,19
DRV5819,Ikshita Basu,1698262226,MH49 PI 2647,Mahindra XUV700,3.8,5
DRV5820,Rudra Bansal,+910906742571,MH34 PP 5921,Hyundai i20,4.5,18
DRV5821,Chandani Rastogi,05735579418,MH6 OR 6630,Hyundai Creta,4.3,18
DRV5822,Balveer Sagar,09660474608,MH19 KL 2347,Maruti Ertiga,4.8,3
DRV5823,Rachit Jaggi,03060370850,MH2 SE 5984,Hyundai i20,4.2,2
DRV5824,Kashish Chahal,7847188606,MH25 SO 2058,Hyundai i20,4.6,13
DRV5825,Viraj Tella,8774381802,MH49 IY 2935,Maruti Ertiga,4.3,3
DRV5826,Girish Murthy,02272535444,MH41 IK 5684,Tata Nexon,4.2,6
DRV5827,Jason Bhasin,+913330354633,MH47 TY 7638,Honda City,5.0,18
DRV5828,Balhaar Tata,+915820276378,MH45 KK 3390,Honda City,4.7,1
DRV5829,Brinda Sathe,7891042718,MH20 TO 0941,WagonR,4.3,4
DRV5830,Shivani Bakshi,9251843414,MH22 GU 1404,Mahindra XUV700,3.6,3
DRV5831,Gautami Sant,4363651347,MH46 AD 0864,Toyota Innova,3.5,6
DRV5832,Idika Biswas,6420791482,MH5 LS 1647,Maruti Ertiga,4.4,6
DRV5833,Aayush Sidhu,0584429018,MH27 GX 3098,Tata Nexon,3.8,13
DRV5834,Chatresh Mane,+918631703290,MH17 BX 7304,Toyota Innova,3.8,5
DRV5835,Michael D’Alia,+913120228814,MH28 CO 9440,Hyundai i20,4.3,6
DRV5836,Hritik Nadig,1728761415,MH45 GZ 3788,Tata Nexon,3.8,4
DRV5837,Gaurav Manne,+910380500715,MH26 YL 5012,Tata Nexon,4.2,14
DRV5838,Balveer Varughese,+913777562406,MH21 KY 3731,Tata Nexon,4.3,5
DRV5839,Darika Borde,+919006417793,MH31 GB 6672,Hyundai i20,4.0,11
DRV5840,Hamsini Sur,1442177097,MH2 EJ 9089,Maruti Ertiga,4.0,17
DRV5841,Hamsini Dhaliwal,06271445951,MH18 UI 8538,Tata Nexon,4.1,6
DRV5842,Yug Merchant,02329438076,MH15 TN 9202,Swift Dzire,4.7,3
DRV5843,Finn Kalla,+919746926307,MH11 HQ 8238,Swift Dzire,3.7,9
DRV5844,Panini Gandhi,09343098496,MH3 XR 2912,Swift Dzire,4.7,19
DRV5845,Vaishnavi Mannan,+910889411634,MH24 KL 5798,Honda City,3.8,16
DRV5846,Agastya Oak,8741359340,MH18 FU 8446,Mahindra XUV700,4.7,15
DRV5847,Jason Deep,6574591775,MH12 LI 5184,Hyundai Creta,3.8,7
DRV5848,Jalsa Dara,02364902913,MH27 UL 6247,Toyota Innova,4.7,16
DRV5849,Jagat Goel,8580276115,MH3 PT 8739,Maruti Ertiga,4.5,20
DRV5850,Ikshita Reddy,02921862431,MH29 UY 0848,Kia Seltos,3.6,8
DRV5851,Kamala Agarwal,2980409119,MH46 XR 3339,Honda City,4.1,17
DRV5852,Jacob Bhatti,+910157549742,MH27 DU 8471,Tata Nexon,4.7,8
DRV5853,Warinder Maharaj,9411573395,MH37 UV 7742,Toyota Innova,4.1,2
DRV5854,Harini Singh,4602751398,MH34 MB 2842,WagonR,4.9,8
DRV5855,Ekalinga Grewal,09079397776,MH28 IR 0562,Swift Dzire,4.8,1
DRV5856,Qadim Khatri,01224222591,MH13 OR 9997,WagonR,4.5,12
DRV5857,Rehaan Bhakta,+919035612518,MH20 ZZ 4933,Hyundai i20,3.6,2
DRV5858,Anirudh Tella,05490195755,MH4 UV 9693,WagonR,3.6,11
DRV5859,Karan Dua,+913579990910,MH2 SM 3931,WagonR,4.4,16
DRV5860,Veer Virk,+913733865224,MH1 AH 8615,Hyundai i20,3.7,6
DRV5861,Kashish Sodhi,07686706380,MH33 LV 4864,Kia Seltos,4.1,3
DRV5862,Leena Balay,09246814553,MH10 IR 8493,Kia Seltos,3.9,5
DRV5863,Teerth Rau,1447377991,MH37 XQ 6343,Maruti Ertiga,4.2,11
DRV5864,Kavya Sekhon,+911091463100,MH27 DC 2579,Toyota Innova,4.8,3
DRV5865,Devansh Natarajan,+918653802035,MH45 SX 6621,Kia Seltos,4.3,1
DRV5866,Lakshit Deshmukh,+916666129458,MH10 TV 2315,WagonR,3.9,16
DRV5867,William Dara,06766213729,MH28 RI 5165,Swift Dzire,4.6,4
DRV5868,Abhiram Mani,+910358890385,MH45 UB 3857,WagonR,4.2,9
DRV5869,Mitesh Nori,+913372608005,MH23 AA 1731,Hyundai Creta,4.9,10
DRV5870,Jairaj Talwar,07477675319,MH26 YL 7989,Honda City,4.0,20
DRV5871,Nathaniel Saxena,+912584693636,MH16 ZL 9288,Honda City,4.7,4
DRV5872,Rachita Mandal,+910122468522,MH19 KI 0466,WagonR,3.7,4
DRV5873,Girindra Dewan,6228623545,MH44 CP 4317,Maruti Ertiga,4.1,17
DRV5874,Madhav Rastogi,+916002749353,MH49 BL 6832,Swift Dzire,4.4,18
DRV5875,Chavvi Khanna,9389655085,MH27 PQ 6391,Hyundai Creta,3.5,19
DRV5876,Benjamin Jaggi,+919167374613,MH15 SJ 1797,WagonR,4.5,13
DRV5877,Urishilla Sheth,05471286835,MH45 EH 2666,Hyundai i20,4.8,18
DRV5878,Dalaja Ramesh,0786574471,MH5 ET 4147,Honda City,3.7,19
DRV5879,Oscar Ganesh,02301063320,MH27 OY 8775,Tata Nexon,3.8,1
DRV5880,Chandresh Chand,05723807983,MH30 UH 4998,Hyundai i20,4.2,16
DRV5881,Ansh Bahl,+914502174517,MH17 YW 0899,Hyundai Creta,4.3,3
DRV5882,Advaith Tella,+919080636071,MH41 WU 9614,Hyundai Creta,4.5,18
DRV5883,Divya Basak,7573722799,MH23 YQ 7090,WagonR,3.6,4
DRV5884,Anika Bhasin,+916802936742,MH12 MA 5673,Hyundai Creta,3.8,3
DRV5885,Ranbir Biswas,+919730968341,MH10 NP 8799,Honda City,3.5,7
DRV5886,Warda Tandon,9135230100,MH30 JM 3978,Swift Dzire,3.6,8
DRV5887,Anthony Bhatia,1734182630,MH12 ZM 5662,Tata Nexon,4.3,15
DRV5888,Vidhi Bali,3000868521,MH14 BG 8236,Hyundai i20,4.6,14
DRV5889,Vinaya Sarna,8659580412,MH1 AH 2101,Swift Dzire,3.6,1
DRV5890,Kevin Pandey,02831314375,MH23 EX 6704,WagonR,4.9,2
DRV5891,Nirja Venkatesh,+915211367742,MH18 KH 9022,Kia Seltos,3.5,17
DRV5892,Dhriti Gala,05641309758,MH33 AZ 7629,Hyundai Creta,3.8,17
DRV5893,Om Bir,8505160427,MH26 CY 2349,Hyundai i20,4.8,7
DRV5894,Baljiwan Dani,9124106906,MH31 XD 3835,Hyundai i20,3.6,18
DRV5895,Madhav Nagarajan,05485433044,MH3 YC 3803,Swift Dzire,4.3,7
DRV5896,Aditya Master,2920776610,MH8 ZQ 2870,Mahindra XUV700,3.6,18
DRV5897,Arin Narayanan,09554581982,MH46 AL 6003,Tata Nexon,4.8,7
DRV5898,Diya Mandal,07341666896,MH48 QN 5545,Tata Nexon,4.7,9
DRV5899,Pratyush Ganesh,03610227116,MH5 YX 5369,WagonR,3.6,17
DRV5900,Raagini Kohli,+918431266061,MH31 UA 4560,Swift Dzire,4.2,9
DRV5901,Patrick Mittal,4074131385,MH1 NJ 8943,Tata Nexon,4.9,4
DRV5902,Aishani Bose,06877383719,MH5 XE 3192,Toyota Innova,4.7,5
DRV5903,Vincent Prabhu,+915560025189,MH26 RT 4803,Toyota Innova,3.8,19
DRV5904,Mitesh Bedi,3865616699,MH30 JI 1531,Kia Seltos,4.8,13
DRV5905,Tanish Palan,03181852798,MH12 LB 0561,Honda City,4.9,15
DRV5906,Geetika Guha,8093471737,MH46 VG 0062,Kia Seltos,4.1,12
DRV5907,Indira Raghavan,+916196309609,MH24 AV 8350,Swift Dzire,4.7,5
DRV5908,Suhani Handa,+910005890722,MH1 GJ 4396,Swift Dzire,4.1,1
DRV5909,Viraj Borah,00039833141,MH48 EK 1769,Mahindra XUV700,4.0,13
DRV5910,Panini Yogi,0311621228,MH6 UY 2059,WagonR,3.7,12
DRV5911,Praneel Murthy,03931319076,MH42 FS 8830,Swift Dzire,3.8,9
DRV5912,Isha Chaudry,6171501135,MH1 UZ 8366,Maruti Ertiga,5.0,10
DRV5913,Ayush Subramanian,01023039151,MH28 RZ 4143,Toyota Innova,4.4,16
DRV5914,Veda Hari,04722028314,MH33 NN 9124,WagonR,4.7,13
DRV5915,Qadim Modi,+919134778526,MH42 OC 2485,Tata Nexon,4.2,3
DRV5916,Bahadurjit Mukhopadhyay,01445021730,MH9 IS 6627,WagonR,4.6,20
DRV5917,Chakrika Dutta,1291400548,MH41 NR 6588,Hyundai Creta,3.6,6
DRV5918,Hemani Dhaliwal,+917694159850,MH4 TS 0660,Mahindra XUV700,4.4,9
DRV5919,Janya Ganesh,+912858478961,MH16 AE 2047,Hyundai Creta,4.5,18
DRV5920,Eesha Doctor,07094102923,MH13 GF 6925,Swift Dzire,3.7,6
DRV5921,Chakradhar Setty,6865402795,MH8 WK 5226,Toyota Innova,4.8,16
DRV5922,Kashish Sharaf,+918689115433,MH3 MN 1166,Toyota Innova,4.1,19
DRV5923,Neel Manne,6848742274,MH2 UD 1236,Kia Seltos,4.8,6
DRV5924,Chandran Naik,+916648928645,MH43 HG 3958,WagonR,4.5,19
DRV5925,Nicholas Sharaf,7711504327,MH1 MU 5623,Hyundai Creta,4.3,16
DRV5926,Balhaar Saxena,07843636627,MH40 EN 8178,Hyundai i20,4.5,16
DRV5927,Yasti Kar,+917875817386,MH36 LQ 3517,Mahindra XUV700,4.8,18
DRV5928,Yahvi Sarin,+916815024375,MH10 LL 2234,Kia Seltos,4.6,18
DRV5929,Nilima Mann,00200154897,MH47 YA 7674,Maruti Ertiga,3.6,10
DRV5930,Yashasvi Butala,9338929114,MH27 LG 1187,Kia Seltos,3.7,7
DRV5931,Onveer Majumdar,04319351394,MH8 EA 5561,Swift Dzire,4.0,4
DRV5932,Amruta Ratta,+914608396530,MH4 HB 6192,Swift Dzire,4.3,17
DRV5933,Jagat Golla,08591764027,MH27 YQ 8240,Swift Dzire,3.6,18
DRV5934,Chanchal Chahal,04857696290,MH8 WM 6558,Tata Nexon,4.9,11
DRV5935,Zashil Raghavan,08398039643,MH50 JC 2087,Swift Dzire,4.4,19
DRV5936,Krishna Borra,2135019702,MH38 CA 5075,Honda City,4.3,13
DRV5937,Advika Srinivas,1766849025,MH6 DL 2603,Mahindra XUV700,3.6,18
DRV5938,Yashoda Sastry,04151015901,MH47 CO 6082,Hyundai i20,4.5,1
DRV5939,Praneel Bains,5809904896,MH44 EI 8987,Hyundai Creta,4.6,16
DRV5940,Matthew Menon,8363314940,MH48 QQ 9094,Mahindra XUV700,4.5,14
DRV5941,Kalpit Ramanathan,09380779316,MH21 IV 5176,Toyota Innova,4.4,1
DRV5942,Yashodhara Morar,+915666772676,MH12 QD 1243,Mahindra XUV700,4.2,11
DRV5943,Isha Bava,03900362243,MH7 IL 4419,Hyundai Creta,3.5,2
DRV5944,Bachittar Gupta,2166442926,MH2 WJ 0722,Mahindra XUV700,4.5,3
DRV5945,Raagini Ramanathan,+919400435562,MH43 VX 9647,Kia Seltos,3.8,19
DRV5946,Ekiya Sani,09309913062,MH42 XN 6464,Mahindra XUV700,4.7,15
DRV5947,Forum Kalla,09350301431,MH28 XV 0624,Swift Dzire,4.9,8
DRV5948,Aahana Chokshi,+914550479079,MH28 WM 7330,Toyota Innova,4.6,6
DRV5949,William Chad,02945749510,MH1 WB 2602,Tata Nexon,4.3,7
DRV5950,Andrew Amble,07081025028,MH11 XT 0179,Swift Dzire,3.9,7
DRV5951,Faras Lall,+910428070987,MH46 BI 0335,Kia Seltos,4.6,4
DRV5952,Chatura More,9626103273,MH20 TE 1883,Hyundai i20,4.4,20
DRV5953,Rachita Pant,09368354997,MH34 HR 1290,WagonR,4.9,4
DRV5954,Warda Choudhary,03319806124,MH27 HF 9378,Tata Nexon,4.5,1
DRV5955,Abdul Vaidya,04628254950,MH36 LZ 1261,Honda City,4.1,18
DRV5956,Aashi Parmer,1022221077,MH40 NY 2795,Mahindra XUV700,5.0,10
DRV5957,Yashawini Srivastava,6537174517,MH37 PV 6780,Hyundai i20,4.3,14
DRV5958,Gaurika Jayaraman,9159553836,MH26 QJ 5578,Maruti Ertiga,4.8,14
DRV5959,Mohini Hayre,07642026338,MH9 EZ 4056,Honda City,4.9,2
DRV5960,Balendra Dixit,8981507823,MH30 UQ 1599,Hyundai Creta,3.9,10
DRV5961,Aarnav Dhar,+910512715733,MH41 KZ 9559,Kia Seltos,4.1,7
DRV5962,Ronith Nayak,00548806533,MH33 GA 1923,Toyota Innova,3.8,2
DRV5963,Libni Bath,02359871326,MH44 LW 5422,Tata Nexon,3.9,14
DRV5964,Rachana Barad,+919787233627,MH24 QE 3465,Kia Seltos,4.3,15
DRV5965,Gopal Sahni,05450153180,MH12 LB 0561,Hyundai Creta,4.0,1
DRV5966,Rachana Parekh,5145690378,MH34 HK 7406,Hyundai Creta,4.5,19
DRV5967,Kashish Dubey,00339090322,MH27 NE 3884,Hyundai i20,4.0,5
DRV5968,Anya Radhakrishnan,6525585236,MH48 YS 1458,Toyota Innova,4.1,16
DRV5969,Ikbal Sarma,+912246537112,MH13 YE 9041,WagonR,3.8,2
DRV5970,Zaitra Seshadri,08406277800,MH25 NU 8904,Honda City,4.3,12
DRV5971,Rushil Walia,+913157552840,MH14 YY 6707,Toyota Innova,4.0,2
DRV5972,Bhavini Mane,3711857264,MH28 LV 4780,Tata Nexon,3.8,19
DRV5973,Tanish Reddy,3844634361,MH10 OM 8729,Mahindra XUV700,3.8,20
DRV5974,Agastya Savant,+913521978991,MH6 DL 2603,Kia Seltos,4.8,12
DRV5975,Bhavika Comar,1918273311,MH28 AV 9066,Hyundai i20,4.8,14
DRV5976,Nandini Sinha,07868453790,MH27 FO 7615,Honda City,3.9,16
DRV5977,Tara Krishnamurthy,07821511672,MH29 TX 1147,WagonR,4.8,12
DRV5978,Jagrati Varghese,+914728057695,MH32 EC 9636,Maruti Ertiga,4.3,18
DRV5979,Ekta Dara,+913962056541,MH24 SY 1482,Honda City,4.9,9
DRV5980,Laksh Shenoy,2646873338,MH31 VD 1921,WagonR,3.9,5
DRV5981,Ekbal Parmer,+919462111792,MH11 YP 1931,Maruti Ertiga,4.8,3
DRV5982,Vansha Sule,04664083305,MH32 WN 0783,Kia Seltos,4.8,20
DRV5983,Kevin Mutti,+919269355921,MH19 IC 6138,Swift Dzire,4.5,19
DRV5984,Charita Kadakia,+912878629739,MH10 OU 0222,Honda City,4.3,20
DRV5985,Yochana Khalsa,3984190510,MH50 XB 5044,Kia Seltos,3.9,19
DRV5986,Ucchal Mittal,7823887182,MH15 CM 5075,Hyundai i20,4.2,12
DRV5987,Farhan Som,03593474562,MH31 OC 0188,Tata Nexon,4.8,9
DRV5988,Deepa Bajaj,05099391824,MH45 KK 3390,Tata Nexon,3.7,8
DRV5989,Ganga Jaggi,07625757443,MH7 YT 3044,Hyundai i20,4.6,14
DRV5990,Advika Badami,00635803964,MH6 KJ 8368,Kia Seltos,4.1,15
DRV5991,Wridesh Mane,01822339691,MH38 LD 7247,WagonR,4.4,5
DRV5992,Jagvi Bedi,+913109732427,MH31 YA 2527,Swift Dzire,4.0,1
DRV5993,Banjeet Ray,+917426332133,MH6 QD 8948,Honda City,4.7,20
DRV5994,Netra Shere,3027862503,MH29 WV 1541,Hyundai Creta,4.2,3
DRV5995,Aachal Murthy,7626714746,MH39 JS 8543,Hyundai i20,4.9,9
DRV5996,Oviya Parsa,5997925927,MH47 KO 4719,Tata Nexon,4.6,10
DRV5997,Hemal Oak,+911728172121,MH25 NS 9859,Maruti Ertiga,4.8,18
DRV5998,Vedika Sarin,03300215095,MH42 FP 5135,Toyota Innova,4.6,7
DRV5999,Balveer Dhar,5912281518,MH39 DS 6721,Hyundai Creta,4.7,6
DRV6000,Turvi Pal,01476134005,MH17 WY 9122,Toyota Innova,4.3,4
DRV6001,Omkaar Dhillon,07426808558,MH23 TR 6346,Maruti Ertiga,4.0,14
DRV6002,Eta Gupta,+914713717708,MH15 DL 5461,Tata Nexon,4.9,17
DRV6003,Radhika Mann,+917760710142,MH32 DJ 4088,WagonR,4.9,13
DRV6004,Tamanna Subramaniam,08219985366,MH25 HU 3597,Kia Seltos,4.4,8
DRV6005,Sanya Sachar,00838867457,MH23 HY 9557,Tata Nexon,4.9,17
DRV6006,Neelima Sharma,00002479151,MH7 JM 3813,Hyundai Creta,5.0,12
DRV6007,Bakhshi Agarwal,9893801791,MH16 VY 1068,Mahindra XUV700,4.1,9
DRV6008,Upadhriti Dyal,07638946971,MH18 TC 6130,Mahindra XUV700,3.8,11
DRV6009,Pahal Dora,+917102559921,MH26 OJ 8510,WagonR,3.7,13
DRV6010,Nirja Borah,02096897464,MH48 WW 2269,Kia Seltos,4.1,1
DRV6011,Janaki Khurana,1702844365,MH15 IS 7238,Honda City,4.9,11
DRV6012,Nathaniel Kashyap,05994642904,MH8 ZJ 6248,Mahindra XUV700,3.8,11
DRV6013,Rachana Venkataraman,1835510454,MH16 BQ 3379,Honda City,5.0,5
DRV6014,Rayaan Bhagat,9737872962,MH8 WB 0159,Hyundai Creta,3.9,18
DRV6015,Leena Wason,3698893850,MH40 EP 4974,Kia Seltos,4.6,7
DRV6016,Alka Kurian,00512368589,MH40 FX 3897,Maruti Ertiga,4.8,8
DRV6017,Indira Mukhopadhyay,7759362184,MH26 UC 6285,WagonR,4.9,13
DRV6018,Nirja Goyal,9010929166,MH10 KU 5976,Kia Seltos,4.8,14
DRV6019,Manan Hayer,06977218742,MH33 DR 6731,WagonR,3.7,15
DRV6020,Saksham Kapadia,+910326786434,MH7 FR 0930,WagonR,3.5,9
DRV6021,Jyoti Sandal,00894258404,MH46 XP 2654,Maruti Ertiga,4.8,7
DRV6022,Anita Kari,+911211148846,MH36 JO 2939,Toyota Innova,4.4,8
DRV6023,Bina Narayanan,+914322414588,MH16 KN 4146,Maruti Ertiga,3.7,5
DRV6024,Krisha Shanker,+917398673019,MH21 FS 8006,Hyundai i20,3.6,7
DRV6025,Ikshita Dey,5091790484,MH17 SR 5065,Hyundai i20,5.0,13
DRV6026,Aarini Kamdar,4984317409,MH14 LL 8803,WagonR,5.0,4
DRV6027,Reva Krish,5088651475,MH16 MM 7890,Swift Dzire,4.1,13
DRV6028,Zarna Saraf,00388853202,MH49 UW 8732,Hyundai i20,3.8,17
DRV6029,Zayyan Sarma,+911494802125,MH37 DL 6408,Tata Nexon,4.2,11
DRV6030,Nimrat Raj,3566437772,MH14 PJ 4173,Hyundai Creta,3.5,4
DRV6031,Alka Wable,+919509260094,MH19 HD 7484,Tata Nexon,3.8,10
DRV6032,Jeet Dar,07313552593,MH15 TU 3123,Mahindra XUV700,3.6,8
DRV6033,Rayaan Khalsa,+916079033221,MH39 LS 8421,Swift Dzire,4.8,5
DRV6034,Bishakha Goda,7206327434,MH24 WT 3214,WagonR,4.6,11
DRV6035,Girish Dayal,02124436846,MH31 GD 0736,Mahindra XUV700,4.5,16
DRV6036,Qabil Nath,09735428461,MH40 CJ 4619,Kia Seltos,4.2,7
DRV6037,Kamya Cherian,+917145301709,MH37 SF 1498,Honda City,4.3,4
DRV6038,Gabriel Wagle,0913297410,MH23 MS 5643,WagonR,4.7,11
DRV6039,Ishwar Anand,1157403390,MH35 JN 0281,Maruti Ertiga,4.6,4
DRV6040,Varenya Bassi,+919217478331,MH43 KX 6388,Mahindra XUV700,4.8,9
DRV6041,Daniel Minhas,6633247861,MH14 XU 8820,WagonR,4.4,9
DRV6042,Amaira Jaggi,9928275529,MH31 NJ 7328,Toyota Innova,4.2,20
DRV6043,Finn Comar,+917927017918,MH39 VH 4468,Hyundai Creta,4.9,11
DRV6044,Raksha Pau,06668999908,MH42 OK 4955,Maruti Ertiga,4.4,4
DRV6045,Pranav Joshi,2432860844,MH39 DQ 5904,WagonR,4.6,14
DRV6046,Widisha Bakshi,+915481040251,MH9 KW 4374,Tata Nexon,3.9,2
DRV6047,Elijah Chawla,6598320417,MH3 AQ 8686,WagonR,4.4,3
DRV6048,Shaurya Murty,+912186624600,MH8 RF 9610,Toyota Innova,3.6,19
DRV6049,Elijah Ghose,09483828230,MH14 QR 7692,Toyota Innova,4.3,2
DRV6050,Janya Natarajan,9433745200,MH15 SQ 9984,Toyota Innova,3.9,7
DRV6051,Victor Karpe,+916841698551,MH46 PQ 0191,WagonR,4.4,1
DRV6052,Zashil Chokshi,+912156499318,MH9 OD 0245,Hyundai i20,4.0,12
DRV6053,Mekhala Dhingra,9615015414,MH19 LG 1668,Mahindra XUV700,4.7,1
DRV6054,David Sethi,5943300507,MH39 WB 5513,Maruti Ertiga,3.8,19
DRV6055,Bishakha Arora,+912182254151,MH24 TY 3111,Mahindra XUV700,3.5,2
DRV6056,Bhavika Chaudhari,02493277305,MH42 DF 9908,WagonR,4.8,11
DRV6057,Neel Pandit,03467040157,MH43 PG 0763,Maruti Ertiga,5.0,10
DRV6058,Lohit Chandra,0740734574,MH25 TA 0644,Honda City,4.5,9
DRV6059,Kamya Pal,+916563272130,MH43 HM 2353,Kia Seltos,4.4,5
DRV6060,Lakshit Nigam,06779971518,MH17 UK 4847,Mahindra XUV700,3.5,7
DRV6061,Bhavini Issac,07687819580,MH7 XG 5422,Hyundai i20,4.2,3
DRV6062,Amol Tripathi,+911070057100,MH10 FC 7846,Honda City,4.4,14
DRV6063,Nitesh Verma,2366057525,MH8 YL 4213,Hyundai Creta,4.7,15
DRV6064,Tanish Choudhary,+919141664666,MH26 QI 1555,WagonR,4.1,16
DRV6065,Unnati Kata,4391012509,MH10 CO 6001,Hyundai i20,4.5,3
DRV6066,Libni Raja,9051172139,MH1 CE 6698,Maruti Ertiga,4.7,12
DRV6067,Wishi Sehgal,06082315251,MH42 QK 7635,Hyundai Creta,4.3,10
DRV6068,Wakeeta Hans,6154794315,MH21 SB 8787,Honda City,4.5,12
DRV6069,Yachana Sachar,+910773973579,MH26 WY 0541,WagonR,4.3,10
DRV6070,Warinder Das,+916077321349,MH27 AW 0850,Hyundai i20,4.2,9
DRV6071,Tristan Dhawan,00366482879,MH42 BV 7846,WagonR,4.9,14
DRV6072,Orinder Bhandari,8697375986,MH43 UC 9483,WagonR,4.3,20
DRV6073,Qabil Dhillon,+917982174916,MH41 ZG 1553,Maruti Ertiga,4.7,12
DRV6074,Ekavir Loyal,00800345348,MH34 IA 8499,Kia Seltos,4.7,15
DRV6075,Qushi Vora,8584726609,MH38 CY 5940,Swift Dzire,4.2,8
DRV6076,Pahal Morar,08220301641,MH11 ZR 0760,Maruti Ertiga,4.6,14
DRV6077,Daksha Bose,08815684379,MH43 KN 2322,WagonR,5.0,20
DRV6078,Warinder Hora,09500042403,MH22 HZ 0192,Hyundai i20,4.6,3
DRV6079,Netra Anand,+913954138650,MH10 RF 2098,Mahindra XUV700,3.6,1
DRV6080,Chatresh Aurora,8147675649,MH33 ZT 9252,WagonR,4.2,9
DRV6081,Yadavi Ahluwalia,+914367446907,MH32 TO 5197,Toyota Innova,4.5,12
DRV6082,Indrajit Bora,+916482789387,MH48 VX 5683,Toyota Innova,3.9,14
DRV6083,Vrishti Majumdar,1413432035,MH19 GO 6723,Hyundai i20,4.6,5
DRV6084,Suhani Pandey,5172133786,MH13 UB 7834,Maruti Ertiga,4.6,15
DRV6085,Aayush Brahmbhatt,00556386121,MH35 KB 4023,Mahindra XUV700,4.2,2
DRV6086,Xiti Bera,+911558642429,MH2 VM 4595,Honda City,3.9,9
DRV6087,Rayaan Tripathi,08097841986,MH45 WV 0423,Maruti Ertiga,3.9,3
DRV6088,Chasmum Devi,1100913143,MH24 PX 5390,WagonR,4.8,3
DRV6089,Ethan Ben,+918518911883,MH32 OI 3855,Honda City,3.9,12
DRV6090,Divya Dora,5279944552,MH45 ER 1921,Mahindra XUV700,4.6,2
DRV6091,Arunima Lal,08246024461,MH2 OC 8200,Mahindra XUV700,4.9,17
DRV6092,Mekhala Comar,1948125840,MH38 OW 0972,Kia Seltos,3.8,16
DRV6093,Caleb Deshmukh,2186097703,MH18 PO 0579,Maruti Ertiga,4.1,1
DRV6094,Yachana Basak,+914492315250,MH43 JG 7010,Kia Seltos,3.7,5
DRV6095,Oliver Vora,6857650498,MH27 BE 2125,Swift Dzire,3.9,13
DRV6096,Wakeeta Bhakta,09357509639,MH45 KP 6526,Toyota Innova,4.1,17
DRV6097,Gautam Bora,4492281388,MH42 AZ 7150,Toyota Innova,3.9,19
DRV6098,Harinakshi Venkatesh,00431565559,MH47 AJ 7075,Honda City,4.3,18
DRV6099,Falak Atwal,+915161765833,MH30 ZX 1181,Mahindra XUV700,4.7,15
DRV6100,Teerth Upadhyay,05939608078,MH46 LW 3122,Hyundai i20,4.5,10
DRV6101,Qarin Banik,0746781613,MH3 DU 5054,Swift Dzire,3.8,14
DRV6102,Jagat Sibal,7207898744,MH24 BB 0294,Honda City,4.4,13
DRV6103,Kritika Singh,5053412306,MH24 EW 9156,Tata Nexon,4.9,5
DRV6104,Girik Toor,03774960935,MH40 CZ 7669,Hyundai Creta,4.1,12
DRV6105,Pallavi Sem,+913117458013,MH6 KZ 7110,Maruti Ertiga,3.9,8
DRV6106,Ridhi Prasad,00637674537,MH26 ZW 6267,WagonR,4.1,17
DRV6107,Meghana Wali,07805404235,MH45 FK 2389,Mahindra XUV700,3.9,8
DRV6108,Tanvi Tella,+910682780492,MH3 DU 6164,Toyota Innova,3.9,13
DRV6109,Sara Som,07201866512,MH14 AC 0450,Kia Seltos,4.0,7
DRV6110,Agastya Dewan,+913372964021,MH47 PR 2773,Maruti Ertiga,3.7,10
DRV6111,Avni Zachariah,+912574543532,MH41 BZ 9356,Tata Nexon,4.1,16
DRV6112,Wazir Sood,0752284878,MH48 SE 5674,Hyundai i20,4.2,6
DRV6113,Girindra Gupta,02895685244,MH11 AS 6460,Toyota Innova,4.3,19
DRV6114,Tanish Natt,+911798623519,MH45 BM 3383,Tata Nexon,3.9,15
DRV6115,Ekta Din,06013349078,MH13 NX 5077,Mahindra XUV700,4.4,4
DRV6116,Reyansh Purohit,06562097147,MH50 SD 2817,WagonR,4.2,1
DRV6117,Faqid Nagy,4780287941,MH27 PO 0286,Swift Dzire,4.2,20
DRV6118,Vedhika Mittal,09422209347,MH25 FC 6536,Hyundai i20,4.8,5
DRV6119,Ishani Chopra,09423904032,MH18 EU 5784,Hyundai i20,3.8,1
DRV6120,Ekapad Nagar,02657074686,MH24 SL 3226,Maruti Ertiga,3.5,10
DRV6121,Zarna Wagle,+916600449688,MH38 TN 8918,Toyota Innova,4.2,4
DRV6122,Manbir Goel,04410891423,MH26 HQ 5812,WagonR,3.6,18
DRV6123,Maanav Mander,4675248363,MH1 ZE 9833,Maruti Ertiga,4.8,10
DRV6124,Siya Deo,+918453107341,MH20 ZZ 4933,Toyota Innova,3.6,13
DRV6125,Tanish Saini,5135993477,MH22 IJ 8791,Tata Nexon,4.2,11
DRV6126,Ekta Pall,07689919714,MH20 LY 9411,Toyota Innova,3.6,7
DRV6127,Nikita Minhas,04081377338,MH26 CA 1935,Toyota Innova,4.6,12
DRV6128,Ayaan Mittal,01261893666,MH17 RL 4885,Kia Seltos,4.5,10
DRV6129,Rushil Dass,+913676723644,MH15 QR 4781,Hyundai Creta,3.8,2
DRV6130,Gauri Tara,1213423474,MH48 MU 7964,Hyundai i20,4.6,15
DRV6131,Bimala Shere,4475617773,MH40 DQ 6649,Maruti Ertiga,4.4,10
DRV6132,Ishwar Viswanathan,5431510055,MH37 TY 4788,WagonR,4.0,17
DRV6133,Jackson Ratta,3315022011,MH1 EJ 7363,Maruti Ertiga,5.0,9
DRV6134,Anmol Nagar,+919982127883,MH43 HJ 0397,Toyota Innova,4.3,3
DRV6135,Rachit Handa,+917495815993,MH49 RN 6233,Tata Nexon,3.9,13
DRV6136,Charles Dhawan,8096332752,MH27 LZ 2422,Mahindra XUV700,3.8,15
DRV6137,Madhav Mahajan,+912545159115,MH24 FR 6863,Swift Dzire,4.7,19
DRV6138,Michael Tripathi,+917905307941,MH7 IB 0483,Kia Seltos,3.6,7
DRV6139,Yutika Mani,00762558894,MH30 OP 4673,Honda City,5.0,14
DRV6140,Pooja Sarraf,+911922102529,MH47 ZM 9268,Toyota Innova,4.6,16
DRV6141,Raghav Khatri,03916164510,MH47 VX 8102,Hyundai i20,3.9,17
DRV6142,Riya Ravi,09518965007,MH22 LJ 5767,Hyundai i20,4.6,6
DRV6143,Ishanvi Contractor,3681545645,MH31 PG 9067,Honda City,4.5,16
DRV6144,Saanvi Walia,07308489063,MH38 XC 7691,WagonR,3.6,2
DRV6145,Hemangini Agate,08639932441,MH19 DP 9018,Kia Seltos,4.4,7
DRV6146,Baghyawati Brahmbhatt,+912294025832,MH8 OX 5291,Swift Dzire,3.8,7
DRV6147,Chaitaly Ahuja,+914422901369,MH38 OW 5837,Hyundai Creta,4.6,5
DRV6148,Zansi Nath,1188328596,MH6 VP 2628,Honda City,3.7,10
DRV6149,Abhimanyu Ahluwalia,06699925798,MH47 TF 5422,Mahindra XUV700,3.5,16
DRV6150,Wakeeta Wason,4770402641,MH44 OK 0257,Swift Dzire,4.0,3
DRV6151,Aadi Bansal,5409923782,MH12 JP 6957,Hyundai i20,4.0,1
DRV6152,Agastya Rana,+917701331555,MH40 TS 5717,Kia Seltos,4.8,13
DRV6153,Krishna Khatri,7064768743,MH48 AX 0434,Hyundai Creta,4.0,16
DRV6154,Girish Zacharia,7092309187,MH19 HA 2924,WagonR,4.9,14
DRV6155,Anamika Vig,4251867869,MH42 DC 7903,Honda City,4.8,17
DRV6156,Brijesh Cherian,05916710337,MH16 IQ 0644,Tata Nexon,4.7,17
DRV6157,Divya Konda,01180671028,MH37 NE 5225,Toyota Innova,4.3,4
DRV6158,Ayushman Deshmukh,00956350775,MH30 YO 2584,Maruti Ertiga,4.4,17
DRV6159,Hemangini Koshy,+919108363112,MH4 KX 5568,Tata Nexon,4.5,4
DRV6160,Owen Sarna,06763258990,MH37 WG 1892,Maruti Ertiga,4.7,20
DRV6161,Chakrika Sood,05944480017,MH19 HO 5771,WagonR,4.6,9
DRV6162,Azad Patla,1702169193,MH34 EZ 0428,Kia Seltos,4.1,14
DRV6163,Sathvik Krishnan,9655783680,MH7 WB 5944,Swift Dzire,3.6,11
DRV6164,Fitan Minhas,+919917938344,MH15 CM 5075,Tata Nexon,4.5,13
DRV6165,Turvi Pai,+914452004374,MH11 MS 1019,Toyota Innova,4.4,16
DRV6166,Rachita Narula,0776448268,MH18 QL 9942,Kia Seltos,4.1,5
DRV6167,Waida Kala,5948604074,MH31 TA 2338,Maruti Ertiga,4.8,5
DRV6168,Chanchal Dani,05904242438,MH46 GK 9622,WagonR,4.1,2
DRV6169,Idika Tiwari,03194773054,MH17 EE 5170,Kia Seltos,4.3,8
DRV6170,Divya Mammen,5162231293,MH28 WM 7330,Hyundai Creta,4.7,18
DRV6171,Zarna Saxena,7467883828,MH13 PH 8742,Honda City,4.9,18
DRV6172,Tara Bail,+917779079767,MH13 FT 7195,Hyundai i20,4.0,12
DRV6173,Amara Dhaliwal,8730761893,MH30 RE 2532,Toyota Innova,3.6,3
DRV6174,Isha Sunder,06045487199,MH38 PL 5920,Tata Nexon,4.4,15
DRV6175,Jeremiah Tella,6374140737,MH23 VB 1836,Honda City,3.9,2
DRV6176,Rachit Sule,+911274759560,MH12 KM 8339,Hyundai Creta,4.1,7
DRV6177,Shravya Balakrishnan,+919805883526,MH38 JS 7476,Kia Seltos,3.7,14
DRV6178,Idika Gole,+917763473303,MH16 IY 1611,Maruti Ertiga,3.9,15
DRV6179,Kritika Devan,05916826628,MH49 HI 7376,Toyota Innova,4.2,1
DRV6180,Zaid Chakraborty,00443913797,MH26 LJ 4735,Mahindra XUV700,4.7,20
DRV6181,Dayita Kar,6375076798,MH4 SD 6127,Hyundai Creta,3.8,6
DRV6182,Vamakshi Chanda,+917897433309,MH2 EA 8882,Hyundai i20,4.3,2
DRV6183,Praneel Pant,01063712193,MH13 TE 5012,Toyota Innova,4.1,19
DRV6184,Gabriel Gera,08322735054,MH3 ID 5424,Mahindra XUV700,4.8,4
DRV6185,Waida Pandit,+918683713255,MH34 UL 6441,Hyundai i20,3.7,8
DRV6186,Osha Kothari,9870287725,MH49 OR 4641,Swift Dzire,3.5,10
DRV6187,Samar Chauhan,00880891838,MH2 ZF 2384,Maruti Ertiga,3.5,12
DRV6188,Shaurya Kumar,7141726053,MH46 TG 3214,Mahindra XUV700,4.1,14
DRV6189,Hemangini Samra,+914956690392,MH44 LD 6001,Tata Nexon,4.8,6
DRV6190,Chandran Murty,6076209744,MH27 CQ 6047,Hyundai i20,3.8,4
DRV6191,Oscar Swaminathan,+912551060845,MH50 OQ 2975,Mahindra XUV700,4.3,19
DRV6192,Mitesh Sagar,4772592895,MH37 WV 2592,Swift Dzire,4.5,6
DRV6193,Krisha Thakkar,7491323883,MH41 WB 0337,Maruti Ertiga,4.0,10
DRV6194,Anmol Dasgupta,3411436756,MH47 SE 4016,Kia Seltos,4.3,5
DRV6195,Michael Rai,9602634155,MH10 AO 2203,Mahindra XUV700,3.6,2
DRV6196,Mason Pradhan,1871782778,MH32 ML 0830,Hyundai i20,4.9,4
DRV6197,Ridhi Ahuja,2780562326,MH40 XK 1066,Maruti Ertiga,4.5,20
DRV6198,Irya Ganesh,+915461014055,MH26 VV 3079,Tata Nexon,3.6,12
DRV6199,Unni Kunda,00456986560,MH27 PO 0286,Toyota Innova,4.9,2
DRV6200,Jasmit Peri,02889273936,MH17 CI 2688,Maruti Ertiga,4.3,11
DRV6201,Leena Sur,+915920766217,MH30 HQ 8740,Tata Nexon,4.4,19
DRV6202,Mohammed Cherian,+915641233524,MH19 KA 7061,Toyota Innova,3.8,9
DRV6203,Nakul Gupta,+916416464674,MH23 JC 8099,Toyota Innova,4.2,4
DRV6204,Harita Boase,00080347824,MH19 IJ 9411,Maruti Ertiga,5.0,20
DRV6205,Thomas Bahl,05476974747,MH42 SQ 4360,Mahindra XUV700,4.9,5
DRV6206,Theodore Brahmbhatt,03779015961,MH37 SK 5213,Honda City,4.7,6
DRV6207,Ganga Khare,5654292277,MH49 IY 2935,Hyundai Creta,3.6,15
DRV6208,Yashasvi Garg,+917349033122,MH8 QU 6921,Hyundai i20,3.7,8
DRV6209,Arjun Bir,+914995189768,MH17 PG 2613,Kia Seltos,3.8,10
DRV6210,Lajita Tata,05291172257,MH15 IS 7238,Hyundai Creta,4.8,14
DRV6211,Jonathan Nath,+918210228160,MH15 MX 7083,Hyundai i20,3.8,17
DRV6212,Abhimanyu Narasimhan,01162039271,MH2 YN 4468,Hyundai Creta,4.7,8
DRV6213,Theodore Cheema,03442904677,MH8 SF 2546,Tata Nexon,5.0,3
DRV6214,Tanmayi Thaman,3327486996,MH31 KJ 1254,Hyundai i20,4.8,14
DRV6215,Rohan Bassi,4339327733,MH8 QQ 7820,Swift Dzire,4.2,9
DRV6216,Bina Dugar,+919549629003,MH6 GE 8749,Kia Seltos,3.8,20
DRV6217,Benjamin Ramakrishnan,2540504589,MH33 DA 5396,Hyundai Creta,4.5,9
DRV6218,Libni Sanghvi,4097347438,MH22 TK 3557,Toyota Innova,3.9,8
DRV6219,Girindra Chatterjee,+916819800450,MH33 DN 6054,Hyundai Creta,3.6,4
DRV6220,Max Anand,2969866955,MH28 NL 2665,Hyundai Creta,4.8,8
DRV6221,Ekavir Kulkarni,6105614943,MH20 EH 1852,Toyota Innova,4.7,16
DRV6222,Vivaan Yogi,9929459104,MH50 WG 5176,Honda City,3.7,11
DRV6223,Samesh Narayan,04513101292,MH34 IE 9702,Swift Dzire,4.6,5
DRV6224,Neelima Balay,+911890519360,MH32 KR 4263,Tata Nexon,3.7,4
DRV6225,Madhavi Bhasin,+918408327738,MH17 AY 4239,Hyundai i20,4.6,4
DRV6226,Maya Nair,01803183483,MH6 JA 8490,Honda City,4.7,20
DRV6227,Girish Handa,+913159087450,MH21 ER 8550,Mahindra XUV700,3.9,17
DRV6228,Ria Prabhakar,2542581998,MH14 QJ 7781,Hyundai Creta,4.1,6
DRV6229,Yashoda Oza,+910579094769,MH7 XG 5422,Kia Seltos,4.6,9
DRV6230,Vihaan Jaggi,09847092699,MH5 SI 7201,Swift Dzire,3.9,6
DRV6231,Vedika Bal,+919695730565,MH48 LJ 0310,Toyota Innova,3.9,16
DRV6232,Abhiram Sankaran,+916753573340,MH6 FG 3392,Toyota Innova,4.7,19
DRV6233,Mohammed Barad,08649063201,MH39 LL 2159,Toyota Innova,4.6,12
DRV6234,Ranbir Choudhury,+912128318480,MH16 LI 8016,Swift Dzire,4.7,19
DRV6235,Maanas Jani,05940320296,MH19 UM 8209,Toyota Innova,4.8,1
DRV6236,Shivani Rajan,01012110376,MH49 AJ 8997,Hyundai Creta,5.0,10
DRV6237,Veda Batra,2192064593,MH13 ER 9950,Honda City,3.8,5
DRV6238,Arunima Kara,5611435083,MH16 OI 5934,Swift Dzire,4.8,19
DRV6239,Chameli Narayan,09937037844,MH18 ZT 8544,WagonR,5.0,16
DRV6240,Arjun Memon,8961194196,MH50 AS 0174,Swift Dzire,3.5,11
DRV6241,Naksh Rastogi,+912263026490,MH18 FE 7026,Tata Nexon,4.6,18
DRV6242,Ranbir Ratta,6521236730,MH48 NF 2813,Honda City,4.8,15
DRV6243,Yachana Sarraf,05260259271,MH31 UU 1592,Kia Seltos,3.7,11
DRV6244,Ishita Vora,+917339567943,MH40 PP 7758,Maruti Ertiga,4.9,17
DRV6245,Rehaan Koshy,+917423886895,MH40 HC 3953,Tata Nexon,3.8,7
DRV6246,Naveen Thakkar,08722502461,MH21 IP 0995,Swift Dzire,4.2,18
DRV6247,Jack Mani,02677195098,MH23 TE 6687,Tata Nexon,4.8,9
DRV6248,Lucky Thakur,07491640557,MH1 AH 2101,Mahindra XUV700,4.7,11
DRV6249,Irya Narasimhan,+914947311343,MH37 KP 8336,Mahindra XUV700,4.0,7
DRV6250,Upadhriti Brar,7708603100,MH42 YT 6665,Toyota Innova,4.0,9
DRV6251,Bhavini Bora,02209191670,MH39 CI 0453,Tata Nexon,3.6,11
DRV6252,Jack Rana,5289361201,MH34 QO 9491,Maruti Ertiga,3.5,10
DRV6253,Udyati Memon,+918094938042,MH23 GO 9114,Mahindra XUV700,4.6,10
DRV6254,Quincy Singhal,+912662423018,MH33 XP 4414,WagonR,3.8,4
DRV6255,Parth Mannan,+915439204836,MH4 HD 4849,Honda City,4.2,1
DRV6256,Ekanta Edwin,+917883029200,MH19 CB 0686,Hyundai i20,4.6,18
DRV6257,Adweta Dyal,08889453028,MH45 QO 3880,Hyundai i20,3.7,2
DRV6258,Yasti Bir,01208539118,MH7 XZ 6145,Hyundai Creta,3.8,7
DRV6259,Dalaja Dey,01844192408,MH12 AR 4430,Mahindra XUV700,3.6,15
DRV6260,Elijah Brahmbhatt,01854995446,MH37 LK 7453,Tata Nexon,4.3,18
DRV6261,Tanish Hayre,01197995477,MH24 EQ 8432,Mahindra XUV700,3.6,11
DRV6262,Vaishnavi Aggarwal,03359893982,MH31 BB 0803,WagonR,4.3,5
DRV6263,Adweta Sampath,06412065310,MH24 GD 2790,Swift Dzire,4.3,8
DRV6264,Vedhika Sekhon,+912742545649,MH5 FG 9147,Hyundai i20,3.5,16
DRV6265,Alexander Taneja,+914181972821,MH41 KJ 4007,Mahindra XUV700,4.0,8
DRV6266,Abdul Kuruvilla,4427937347,MH8 NI 2911,Tata Nexon,3.7,9
DRV6267,Vinaya Raj,+910710548129,MH41 JV 3834,Honda City,5.0,19
DRV6268,Daniel Mane,+916161597404,MH27 YP 4052,Maruti Ertiga,4.8,19
DRV6269,Anjali Sandal,07140234017,MH14 EV 1725,Tata Nexon,3.8,7
DRV6270,Agastya Luthra,3407886975,MH19 XP 5422,Hyundai i20,4.3,19
DRV6271,Varenya Bobal,08014435617,MH8 WC 0201,Tata Nexon,4.0,7
DRV6272,Kiaan Nagar,+919128570502,MH41 JQ 7031,Hyundai Creta,4.2,3
DRV6273,Isaac Wadhwa,+918555989470,MH14 ZR 8983,Toyota Innova,4.1,20
DRV6274,Adweta Narain,09445258097,MH19 TP 7352,Toyota Innova,3.7,14
DRV6275,Bishakha Kumar,00595426518,MH29 YB 5430,Toyota Innova,4.6,2
DRV6276,Rudra Suresh,04624076026,MH17 TB 7694,Hyundai i20,3.9,9
DRV6277,Jack Balay,+915181202907,MH11 GT 8678,Swift Dzire,4.8,10
DRV6278,Rachita Contractor,01248815816,MH25 HU 7435,Kia Seltos,4.8,6
DRV6279,Faqid Rai,2530982005,MH25 AG 6161,Hyundai Creta,4.5,9
DRV6280,Imaran Mannan,+914538673536,MH7 PX 7984,Mahindra XUV700,3.9,4
DRV6281,Neel Sidhu,02821802053,MH48 QA 7636,Hyundai Creta,4.2,1
DRV6282,Vinaya Pau,06664033035,MH14 MR 0451,Kia Seltos,5.0,11
DRV6283,Vedhika Nayar,+913037283580,MH43 OU 8689,Hyundai Creta,3.5,15
DRV6284,Jason Bhatti,2266675713,MH20 SH 1113,WagonR,3.6,11
DRV6285,Siya Kumer,+915370535552,MH10 AD 0580,Toyota Innova,4.4,20
DRV6286,Dev Thakur,+916742268742,MH41 NJ 0832,Tata Nexon,3.8,11
DRV6287,Jagrati Rege,1510493761,MH41 XF 4526,Tata Nexon,3.5,6
DRV6288,Alexander Dayal,9494455951,MH13 IC 0268,Kia Seltos,4.1,17
DRV6289,Devika Rau,7927690792,MH18 HD 4163,Swift Dzire,4.3,20
DRV6290,Jagvi Pandey,+918764112296,MH16 ND 4638,Maruti Ertiga,3.9,3
DRV6291,Neelima Vala,02851878695,MH34 TD 6625,Toyota Innova,4.4,3
DRV6292,Qasim Sane,7622225822,MH12 GF 6094,Swift Dzire,4.8,8
DRV6293,Bishakha Saini,+911289664430,MH17 IB 6788,Kia Seltos,4.0,14
DRV6294,Yug Majumdar,+919265559537,MH14 SN 6301,WagonR,3.7,20
DRV6295,Hardik Ganguly,8312371971,MH4 QQ 3675,Toyota Innova,4.0,3
DRV6296,Triya Minhas,7574281607,MH12 TG 5804,Swift Dzire,4.5,4
DRV6297,Jatin Bhatia,+918180694676,MH21 AC 8124,Maruti Ertiga,3.8,14
DRV6298,Aarna Swamy,00099378046,MH34 VX 6821,Kia Seltos,4.6,17
DRV6299,Zilmil Sehgal,00241464793,MH6 ZZ 3181,Maruti Ertiga,3.7,1
DRV6300,Ayushman Vaidya,05635815532,MH49 CF 2878,WagonR,4.3,19
DRV6301,Raghav Reddy,1724359617,MH24 VB 6980,Mahindra XUV700,3.5,14
DRV6302,Jason Bawa,+913787876931,MH9 TK 1573,WagonR,4.3,6
DRV6303,Fitan Sawhney,+912441654869,MH24 RO 8433,Swift Dzire,4.4,20
DRV6304,Dakshesh Parekh,05977741819,MH3 WF 7009,Toyota Innova,4.6,1
DRV6305,Pratyush Deol,04364940619,MH48 MP 5205,Swift Dzire,3.7,7
DRV6306,Xalak Dash,+916782475896,MH17 SX 2219,Toyota Innova,4.0,15
DRV6307,Faqid Grover,08183130732,MH34 FL 7322,WagonR,4.9,3
DRV6308,Hema Naik,08124752900,MH14 HP 6492,Honda City,4.0,13
DRV6309,Nirja Vig,04817768313,MH15 OZ 2135,Toyota Innova,4.1,8
DRV6310,Anya Vaidya,3728267708,MH21 RZ 2662,Hyundai i20,4.9,18
DRV6311,Dev Ghosh,06632813349,MH6 UU 5484,Kia Seltos,4.1,20
DRV6312,Siddharth Lad,+910497074715,MH34 HY 5341,Hyundai i20,4.0,13
DRV6313,Qadim Barad,03910747589,MH40 WX 0098,Hyundai i20,3.7,6
DRV6314,Arin Manne,5619038735,MH28 YG 1077,Hyundai Creta,4.0,19
DRV6315,Yashvi Walla,+910279619472,MH6 AT 9337,Kia Seltos,4.1,16
DRV6316,Sai Shetty,8618851249,MH49 ZM 2750,Hyundai i20,4.5,4
DRV6317,Anvi Goswami,+913300350943,MH24 FI 1862,Hyundai Creta,4.9,4
DRV6318,Maanav Datta,03969437189,MH12 RW 7627,Toyota Innova,3.7,9
DRV6319,Ikbal Kakar,02193934857,MH17 XI 0724,Swift Dzire,3.9,16
DRV6320,Yadavi Narang,6219556856,MH42 VL 1383,Hyundai i20,4.8,10
DRV6321,Sara Sarkar,06288864089,MH46 GU 2913,Hyundai i20,5.0,19
DRV6322,Aahana Soman,05723837065,MH37 EM 2400,Maruti Ertiga,4.2,5
DRV6323,Deepa Jain,05951855431,MH36 SD 7961,Honda City,4.4,5
DRV6324,Parth Boase,05435229739,MH40 DN 9264,Kia Seltos,4.1,2
DRV6325,Lekha Mangat,7972625737,MH4 WQ 2126,Mahindra XUV700,4.6,11
DRV6326,Aadi Parekh,03730594405,MH19 PF 1276,Tata Nexon,3.9,10
DRV6327,Yoshita Bava,07386595304,MH39 TW 9539,Maruti Ertiga,3.7,16
DRV6328,Yug Devi,8279122078,MH17 JN 3112,Kia Seltos,4.6,8
DRV6329,Laksh Ben,+915018163519,MH36 EU 0481,WagonR,4.7,1
DRV6330,Irya Badami,3610377804,MH17 IR 7375,WagonR,3.6,12
DRV6331,Theodore Sabharwal,6454301292,MH11 KR 6893,Hyundai i20,4.3,5
DRV6332,Kabir Naidu,+910205633178,MH8 OA 4772,Hyundai i20,4.9,1
DRV6333,Vyanjana Sarna,09178500601,MH30 AL 6749,WagonR,4.7,19
DRV6334,Upma Dixit,3590667370,MH49 RX 4484,Mahindra XUV700,4.3,14
DRV6335,Yachana More,+911313646607,MH20 QN 3598,Maruti Ertiga,4.0,2
DRV6336,Vedhika Butala,3176236456,MH40 KV 7747,Maruti Ertiga,4.1,10
DRV6337,Nicholas Pandit,2357980002,MH9 UI 9590,Tata Nexon,3.5,19
DRV6338,Ishaan Sane,+914875117308,MH9 AJ 7387,Honda City,4.2,4
DRV6339,Agastya Sangha,1858915867,MH17 RX 0574,Toyota Innova,4.1,2
DRV6340,Aadi Goyal,+910787607705,MH11 UT 5845,Swift Dzire,3.8,20
DRV6341,Hardik Ray,3328352826,MH39 TS 5970,WagonR,4.4,19
DRV6342,Vedant Bhakta,+910908666606,MH16 GS 9436,Honda City,4.3,6
DRV6343,Samaksh Deep,00343273884,MH44 YH 3511,Swift Dzire,4.7,5
DRV6344,Janani Master,00059980390,MH24 VH 7710,Mahindra XUV700,4.9,3
DRV6345,Raagini Hegde,8243606813,MH13 PZ 9314,Hyundai Creta,4.1,7
DRV6346,Ridhi Edwin,+917747277334,MH42 YV 4633,Kia Seltos,3.9,6
DRV6347,Avni Setty,06755122362,MH30 RU 7775,Swift Dzire,4.5,11
DRV6348,Edhitha Garg,+918755683330,MH38 LD 7247,Hyundai i20,4.4,19
DRV6349,Anusha Dugar,9482335733,MH27 BU 2541,Hyundai i20,4.4,4
DRV6350,Vritti Thaman,03469861095,MH24 EZ 3877,Hyundai i20,4.9,20
DRV6351,Laban Dalal,02414919451,MH27 DH 2082,Hyundai Creta,4.1,2
DRV6352,William Manda,+911199054422,MH26 QJ 5578,WagonR,4.2,1
DRV6353,Ansh Sabharwal,5549524091,MH10 IB 3730,Kia Seltos,4.6,7
DRV6354,Warhi Natt,01024258354,MH1 WI 1434,Hyundai i20,4.1,2
DRV6355,Patrick Baria,+913612319548,MH11 TA 4945,Tata Nexon,3.9,12
DRV6356,Teerth Rajagopal,07390531919,MH39 AH 8272,Toyota Innova,4.5,11
DRV6357,Yashasvi Loyal,00508431679,MH5 TH 8010,WagonR,4.1,1
DRV6358,Warjas Sandhu,6175813169,MH23 IX 0798,Kia Seltos,3.5,15
DRV6359,Yashodhara Kapoor,00590745362,MH24 GN 5637,Honda City,5.0,14
DRV6360,Janya Magar,+916570879785,MH27 TZ 9884,Toyota Innova,3.5,1
DRV6361,Eesha Subramanian,+912407617012,MH5 RS 0351,Honda City,4.5,8
DRV6362,Aahana Pandit,+917374124708,MH25 FQ 6964,Hyundai i20,3.8,14
DRV6363,Ekanta Nath,00967511376,MH16 UO 0489,Hyundai i20,3.6,10
DRV6364,Ranveer Tak,1582882950,MH50 UA 5967,Kia Seltos,4.3,11
DRV6365,Geetika Bansal,+919353939247,MH39 OP 0619,Hyundai Creta,4.3,2
DRV6366,Sathvik Mahal,+918474743239,MH9 AS 1086,Mahindra XUV700,4.7,2
DRV6367,Fariq Dave,2591115428,MH28 AT 1218,Mahindra XUV700,3.9,14
DRV6368,Zayyan Pau,2399475831,MH29 SX 2264,Honda City,3.9,15
DRV6369,Jonathan Suri,06008463009,MH18 VU 5203,WagonR,4.2,10
DRV6370,Abha Madan,01341959972,MH15 TQ 8918,WagonR,4.9,12
DRV6371,Banjeet Sahota,04784142057,MH14 YK 2427,WagonR,4.4,4
DRV6372,Krish Mane,+913242294864,MH44 BJ 2923,Hyundai i20,3.5,8
DRV6373,Yashawini Vig,07769120569,MH19 KQ 7049,Kia Seltos,4.0,17
DRV6374,Udant Jain,7959875737,MH7 RX 0378,Mahindra XUV700,4.9,4
DRV6375,Pallavi Sachdev,7551212902,MH43 VP 5616,Kia Seltos,4.9,18
DRV6376,Lipika Prabhakar,+914675070262,MH36 SF 6193,Maruti Ertiga,3.8,9
DRV6377,Wridesh Sarna,+910514327749,MH35 LX 3249,Maruti Ertiga,4.1,2
DRV6378,Aarini Chanda,+914438750593,MH15 DG 8067,Maruti Ertiga,4.2,8
DRV6379,Chanchal Mukhopadhyay,02077872557,MH18 HV 9459,Toyota Innova,4.2,13
DRV6380,Yashawini Pillay,03613201892,MH44 KG 5858,Maruti Ertiga,3.9,20
DRV6381,Saanvi Mangal,09884656371,MH19 VQ 5849,Honda City,3.5,20
DRV6382,Bimala De,7179033771,MH2 AA 3783,Maruti Ertiga,4.3,11
DRV6383,Sai Kar,+916527345509,MH9 DA 5046,Honda City,3.8,14
DRV6384,Krish Narang,+910359243159,MH1 IO 5303,Toyota Innova,4.0,18
DRV6385,Xiti Bandi,04797118540,MH50 RF 6508,WagonR,4.7,9
DRV6386,Kamala Kala,02580286418,MH38 WQ 1532,Hyundai i20,4.3,12
DRV6387,Kavya Kalla,04070879902,MH35 CA 4692,Kia Seltos,4.0,20
DRV6388,Oscar Kothari,3987583625,MH8 KH 0298,Honda City,4.8,1
DRV6389,Keya Boase,8768400035,MH45 AP 8291,Hyundai Creta,3.6,5
DRV6390,Anay Mohanty,+913909554614,MH35 WL 4923,Hyundai Creta,4.5,9
DRV6391,Diya Mane,+917319897491,MH40 ME 2346,Hyundai Creta,4.2,20
DRV6392,Samar Ravi,+917043547753,MH29 YM 9745,Maruti Ertiga,3.8,2
DRV6393,Wakeeta Shah,4291860588,MH39 XU 2479,Hyundai i20,4.9,19
DRV6394,Balvan Edwin,0361737723,MH44 AH 1240,Swift Dzire,4.8,18
DRV6395,Rachana Wadhwa,7906724473,MH5 XZ 3361,Hyundai i20,3.7,12
DRV6396,Saksham Hari,01016393498,MH35 RR 6305,Tata Nexon,3.5,1
DRV6397,Matthew Tandon,8044564587,MH10 IN 2497,Hyundai i20,4.2,20
DRV6398,Gunbir Bir,+911054587490,MH38 DJ 3329,Kia Seltos,3.6,8
DRV6399,Rachita Rastogi,03415358792,MH32 QQ 0142,Kia Seltos,3.9,10
DRV6400,Sneha Puri,03944367691,MH6 II 1593,Hyundai Creta,4.9,9
DRV6401,Janya Narasimhan,09121307911,MH19 FK 7640,Tata Nexon,3.6,10
DRV6402,Dayamai Hayer,+918841529765,MH13 BD 7967,Mahindra XUV700,4.5,1
DRV6403,Amruta Issac,8580840250,MH7 XG 5422,Toyota Innova,4.0,1
DRV6404,Luke Koshy,08851567099,MH32 QQ 0142,Toyota Innova,4.6,10
DRV6405,Shaurya Puri,08180982336,MH38 AJ 3587,Tata Nexon,4.0,17
DRV6406,Indrajit Luthra,+916190751320,MH39 BZ 1758,Hyundai Creta,4.9,2
DRV6407,Siya Vaidya,06732923194,MH15 TD 1401,Maruti Ertiga,4.9,7
DRV6408,Indali Warrior,+919426611306,MH24 LW 3264,Hyundai i20,3.6,1
DRV6409,Amara Sodhi,+918606614236,MH3 NF 9124,Hyundai Creta,4.5,12
DRV6410,Mohini Sha,2141992111,MH21 LV 0869,Swift Dzire,4.4,9
DRV6411,Sathvik Deshmukh,3892721317,MH16 RA 9824,WagonR,3.9,12
DRV6412,Yashawini Vala,03560307090,MH28 JQ 9916,Honda City,4.3,14
DRV6413,Reva Nath,00327337827,MH22 GU 1404,Maruti Ertiga,4.4,7
DRV6414,Isaiah Rama,3696249649,MH17 LH 1236,Kia Seltos,4.1,15
DRV6415,Deepa Chatterjee,6301547903,MH25 QK 1701,Mahindra XUV700,4.3,14
DRV6416,Lakshmi Shankar,+917100822389,MH31 PE 9887,Maruti Ertiga,3.8,14
DRV6417,Aachal Butala,06840527148,MH16 FQ 1615,WagonR,4.7,15
DRV6418,Dipta Sagar,05186406843,MH21 DT 0298,Toyota Innova,4.7,6
DRV6419,Ekta Sethi,+913543558093,MH28 KA 0697,WagonR,4.9,18
DRV6420,Xavier Mishra,08881935371,MH26 CE 3659,Tata Nexon,4.8,17
DRV6421,Leela Dave,01526783153,MH41 VN 7638,Hyundai Creta,4.9,13
DRV6422,Kashvi Deol,3793292313,MH1 CY 8894,Toyota Innova,4.9,1
DRV6423,Jacob Sodhi,01432303270,MH31 YS 8085,Kia Seltos,4.2,8
DRV6424,Vedant Mutti,03217659360,MH11 LM 9932,Maruti Ertiga,4.5,17
DRV6425,Samesh Tiwari,4231691101,MH33 NG 5275,Swift Dzire,4.3,13
DRV6426,Arin Andra,04469572579,MH27 CH 0420,Swift Dzire,3.9,7
DRV6427,Ethan Chopra,+915088312594,MH25 KE 4273,Honda City,3.7,5
DRV6428,Umang Biswas,+917754797235,MH12 IJ 2314,Maruti Ertiga,4.6,8
DRV6429,Sanaya Chakraborty,03354360172,MH24 YI 7019,Toyota Innova,3.5,12
DRV6430,Ekani Pingle,8024489198,MH41 MW 1882,Honda City,4.3,3
DRV6431,Sara Bhatt,01216314384,MH18 GR 2469,WagonR,4.8,7
DRV6432,Vrinda Parikh,+911964249419,MH28 RN 0514,Mahindra XUV700,4.6,19
DRV6433,Elijah Dutta,04419214549,MH42 IH 3231,Mahindra XUV700,3.9,11
DRV6434,Mugdha Master,6884336465,MH45 GO 2516,Maruti Ertiga,5.0,19
DRV6435,Isaac Mangal,0255298028,MH20 RR 1158,Maruti Ertiga,3.5,4
DRV6436,Zaid Bhatia,0813021163,MH29 IR 1990,Kia Seltos,4.3,12
DRV6437,Keya Parikh,0733820644,MH5 ZW 8872,Toyota Innova,4.4,7
DRV6438,Ubika Kapur,08407954763,MH36 GJ 2328,Kia Seltos,4.2,14
DRV6439,Yutika Seth,03578750307,MH32 SX 1692,WagonR,3.8,1
DRV6440,Anamika Atwal,3118186782,MH13 MN 3133,Kia Seltos,4.9,14
DRV6441,Nitara Ahuja,3672283953,MH17 UD 4841,Hyundai Creta,3.7,18
DRV6442,Yashvi Bhandari,01577935108,MH4 HB 6192,Kia Seltos,4.7,1
DRV6443,Girish Sachar,02734453567,MH28 IJ 5189,Honda City,4.1,17
DRV6444,Ranveer Raju,+910940606694,MH34 HG 1847,Swift Dzire,4.4,18
DRV6445,Vedhika Sehgal,1860027003,MH1 YL 6129,Swift Dzire,3.9,15
DRV6446,Qadim Dhillon,04863809604,MH4 NV 2318,Tata Nexon,4.6,18
DRV6447,Yamini Basu,2744497517,MH47 CO 6082,Honda City,4.6,3
DRV6448,Nikita Soni,5642063541,MH46 MT 9070,Maruti Ertiga,4.0,18
DRV6449,Saanvi Baral,05718029308,MH9 XR 0462,Hyundai i20,3.9,14
DRV6450,Harish Issac,+912986381500,MH50 XE 1256,Honda City,5.0,20
DRV6451,Atharv Kari,+915855404010,MH9 EZ 4056,Kia Seltos,4.7,6
DRV6452,Jeet Sagar,5930851354,MH3 OO 7065,Kia Seltos,4.4,2
DRV6453,Saanvi Ramaswamy,06991875516,MH1 RE 3777,Tata Nexon,4.2,1
DRV6454,Kamala Banik,8124685866,MH37 BO 6022,Maruti Ertiga,4.9,10
DRV6455,Leena De,+912333153557,MH18 ZL 9794,Tata Nexon,5.0,9
DRV6456,Oeshi Virk,+912406367913,MH38 WQ 2913,Mahindra XUV700,3.5,15
DRV6457,Yash Mani,08878142576,MH44 JI 6209,Hyundai i20,4.0,4
DRV6458,Oviya Gera,+913345833574,MH50 SB 4307,Toyota Innova,3.6,4
DRV6459,Pranit Koshy,+910210412108,MH41 BG 5982,WagonR,4.8,17
DRV6460,Zarna Magar,+915044670971,MH20 MV 4624,Hyundai i20,4.9,6
DRV6461,Praneel Kaur,+912047642354,MH12 MX 1215,Mahindra XUV700,4.4,9
DRV6462,Urvi Sarma,+910564389372,MH12 PI 6396,Toyota Innova,3.9,6
DRV6463,Lavanya Hegde,9163012637,MH37 BU 4410,Kia Seltos,3.8,18
DRV6464,Nihal Basu,2923477526,MH44 FJ 2431,Toyota Innova,3.7,15
DRV6465,Leela Srinivas,09780997856,MH2 IJ 0383,Maruti Ertiga,4.1,14
DRV6466,Unnati Mukhopadhyay,5856367764,MH8 QZ 8471,Honda City,3.8,11
DRV6467,Falguni Ghosh,0656822428,MH17 HN 5687,Tata Nexon,4.2,17
DRV6468,Hamsini Sur,07160533487,MH41 MX 4693,Tata Nexon,3.9,4
DRV6469,Yauvani Lata,04219802838,MH3 WY 0806,WagonR,4.4,15
DRV6470,Ekantika Chacko,03900883904,MH24 ZJ 7025,Honda City,4.7,11
DRV6471,Widisha Ratti,+911459815141,MH12 PS 4121,Hyundai Creta,3.7,9
DRV6472,Gautami Shenoy,+912337336235,MH20 JE 1156,Kia Seltos,4.5,17
DRV6473,Patrick Bhatt,+915828002696,MH3 UR 7080,Mahindra XUV700,4.4,11
DRV6474,Pratyush Saran,+914049378966,MH32 VY 4276,Honda City,4.2,8
DRV6475,Kai Joshi,5386609099,MH32 SM 7761,Mahindra XUV700,4.8,15
DRV6476,Varsha Jaggi,+916907186703,MH25 WA 3583,Hyundai i20,4.4,20
DRV6477,Diya Johal,+918060613033,MH45 EL 2399,Honda City,3.8,9
DRV6478,Lavanya Balay,+918493474346,MH12 HV 6957,Kia Seltos,4.8,9
DRV6479,Jagdish Bhat,05900789695,MH42 JW 5906,Mahindra XUV700,4.3,8
DRV6480,Rachit Murthy,02955182531,MH14 TK 0855,Swift Dzire,4.5,13
DRV6481,Tarak Mistry,01711037367,MH49 SL 3332,Toyota Innova,4.1,14
DRV6482,Yuvraj Raja,+918954994622,MH26 MG 1673,Honda City,4.2,20
DRV6483,Nitesh Sachdeva,+916770992479,MH21 NU 6145,Kia Seltos,3.8,12
DRV6484,Rajata Pradhan,5854578743,MH20 IG 3604,Swift Dzire,4.2,3
DRV6485,Faraj Parmar,06908226633,MH16 EU 2638,Honda City,4.6,1
DRV6486,Zayan Kumar,2022296896,MH44 FJ 8311,Maruti Ertiga,3.8,19
DRV6487,Kashish Subramanian,00518644639,MH19 HO 5771,Hyundai i20,4.6,12
DRV6488,Vanya Bandi,04338101004,MH9 SB 9119,Toyota Innova,3.7,11
DRV6489,Aradhana Dugal,+911800238119,MH37 OB 6854,Mahindra XUV700,4.5,2
DRV6490,Madhavi Sanghvi,06183260157,MH44 HI 8246,Maruti Ertiga,3.9,9
DRV6491,Thomas Jani,+911519773782,MH44 WQ 5567,Swift Dzire,4.5,14
DRV6492,Ojasvi Mital,5271794268,MH3 IG 5688,Hyundai i20,3.5,11
DRV6493,Rudra Krish,04764264251,MH44 GA 7047,Tata Nexon,5.0,4
DRV6494,Anamika Gokhale,+919557767000,MH14 KW 9074,Kia Seltos,3.7,16
DRV6495,Vasana Kumer,4804207912,MH28 SP 6902,Hyundai Creta,3.7,7
DRV6496,Hemani Mital,02846353169,MH42 YS 3550,Mahindra XUV700,4.5,7
DRV6497,Amol Ghose,03220718625,MH13 HC 9176,Toyota Innova,4.2,18
DRV6498,Azad Pau,+914342350365,MH35 WL 4923,Hyundai i20,3.6,13
DRV6499,Vihaan Mukherjee,4487375240,MH13 GI 2957,Honda City,3.7,11
DRV6500,Hemal Dani,+914075297086,MH31 SA 3186,WagonR,4.0,18
DRV6501,Christopher Peri,06459529573,MH5 XU 7436,Maruti Ertiga,4.0,13
DRV6502,Ganga Chhabra,6502934116,MH32 DC 3308,Mahindra XUV700,4.0,20
DRV6503,Gaurang Varughese,+912023048311,MH44 AU 5407,Hyundai Creta,4.6,14
DRV6504,Lekha Hans,+919221608743,MH12 CX 0588,Mahindra XUV700,4.8,16
DRV6505,Max Varghese,1236162808,MH20 QT 8174,Mahindra XUV700,3.7,12
DRV6506,Niharika Hayer,0877463771,MH46 DU 8501,Swift Dzire,4.5,14
DRV6507,Sneha Chakraborty,9502871058,MH26 TG 7834,Mahindra XUV700,4.9,20
DRV6508,Girindra Tank,05413415262,MH16 FU 7231,Kia Seltos,3.7,11
DRV6509,Zilmil Arora,6630751552,MH6 XF 1751,Hyundai i20,4.5,18
DRV6510,Chanchal Brahmbhatt,03160728626,MH9 CE 1247,Tata Nexon,4.0,18
DRV6511,Nisha Shah,+912869999843,MH3 CT 8469,Honda City,4.3,5
DRV6512,Dipta Patil,7126861441,MH9 EQ 6515,Toyota Innova,4.5,2
DRV6513,Yasti Natt,00680516938,MH43 YL 5919,Hyundai Creta,4.4,19
DRV6514,Laban Manda,05533142592,MH32 OK 2689,Swift Dzire,3.5,2
DRV6515,Praneel Sibal,+913600581541,MH27 VP 8861,Mahindra XUV700,3.8,15
DRV6516,Krishna Khare,08100607313,MH10 HK 2282,Toyota Innova,3.8,15
DRV6517,Yochana Shenoy,09325118056,MH40 HP 0342,Hyundai i20,5.0,6
DRV6518,Abeer Doctor,4853659414,MH19 BS 7522,Tata Nexon,4.3,2
DRV6519,Qarin Dar,03270377093,MH29 NA 1272,Maruti Ertiga,5.0,10
DRV6520,Yashica Pai,06924354650,MH25 NE 4138,Hyundai i20,4.9,18
DRV6521,Vihaan Varughese,1461374945,MH49 PI 2647,WagonR,4.9,6
DRV6522,Vedant Sahota,05777430744,MH4 TS 0660,Swift Dzire,3.9,13
DRV6523,Unni Cherian,+916677254395,MH25 EQ 1912,Kia Seltos,4.9,9
DRV6524,Chameli Krishna,09392006461,MH6 DI 9404,Toyota Innova,4.2,1
DRV6525,Chakradhar Cherian,6944692011,MH2 VJ 1254,Maruti Ertiga,3.8,4
DRV6526,Warda Buch,09897327804,MH38 BO 6246,Maruti Ertiga,4.1,15
DRV6527,Harshil Sur,+911337015276,MH28 IM 0359,Swift Dzire,4.7,9
DRV6528,Nirja Deshpande,6462611282,MH1 CE 6698,Kia Seltos,4.4,17
DRV6529,Vedhika Jhaveri,00604241548,MH29 JC 6068,Honda City,4.4,20
DRV6530,Oliver Kannan,3606903987,MH17 GO 2789,Swift Dzire,3.7,1
DRV6531,Barkha Parekh,08353109653,MH48 IZ 1991,Hyundai i20,3.9,12
DRV6532,Brijesh Mital,+910710353305,MH9 DT 1449,Hyundai Creta,4.3,10
DRV6533,Vasudha Amble,1760711973,MH9 ZO 6869,Swift Dzire,4.1,5
DRV6534,Viraj Rajagopalan,+910431923138,MH32 ZM 9462,Toyota Innova,4.9,17
DRV6535,Wriddhish Bava,+919713609979,MH42 DV 4806,Mahindra XUV700,4.5,3
DRV6536,Rajeshri Goswami,1767204341,MH15 KH 0842,Honda City,4.1,9
DRV6537,Sachi Tank,5514350357,MH34 HU 4387,WagonR,4.8,3
DRV6538,Krish Chahal,+913272201384,MH45 LI 4777,Mahindra XUV700,3.8,16
DRV6539,Upma Vala,01288291672,MH2 VG 4637,Toyota Innova,4.3,3
DRV6540,Geetika Subramanian,+917286317115,MH14 EM 5715,Toyota Innova,4.3,15
DRV6541,Manan Patel,00467049327,MH2 EJ 9089,Hyundai Creta,4.5,11
DRV6542,Eiravati Barman,05304008224,MH6 QD 8948,Tata Nexon,4.8,2
DRV6543,Laksh Krishnamurthy,00792113177,MH16 DW 2115,Kia Seltos,3.7,11
DRV6544,Logan Dey,1371026497,MH3 NH 9007,Mahindra XUV700,3.7,5
DRV6545,Vedant Suri,+912442088813,MH11 FC 5140,Tata Nexon,4.0,3
DRV6546,Wahab Gopal,04111814313,MH47 GL 1765,Mahindra XUV700,4.4,17
DRV6547,Nisha Barman,07851241771,MH27 GF 4317,Hyundai Creta,4.2,8
DRV6548,Kritika Sabharwal,06203951840,MH20 PR 2222,Swift Dzire,4.9,14
DRV6549,Neelima Prabhakar,06784004034,MH43 OI 1499,Mahindra XUV700,4.0,12
DRV6550,Balhaar Kanda,02615990283,MH4 BA 1160,Toyota Innova,3.7,14
DRV6551,Maya Jhaveri,6693939858,MH31 EU 3313,Swift Dzire,4.1,10
DRV6552,Balendra Divan,00231126725,MH32 DC 3308,Swift Dzire,4.0,13
DRV6553,Liam Koshy,07497683690,MH47 EP 6878,Mahindra XUV700,3.5,10
DRV6554,Reva Mahajan,+917047301142,MH32 FQ 4130,Honda City,4.1,10
DRV6555,Veer Basak,05391858866,MH3 RW 6080,Toyota Innova,3.9,12
DRV6556,Utkarsh Dubey,04421466551,MH4 FF 1194,Maruti Ertiga,4.4,13
DRV6557,Chakradev Subramaniam,5235539438,MH3 HD 8661,Tata Nexon,4.0,15
DRV6558,Yauvani Chhabra,08872225008,MH25 PN 9558,Maruti Ertiga,3.9,20
DRV6559,Gautami Dutta,+915660872459,MH46 TG 3214,Swift Dzire,4.8,12
DRV6560,Yasti Patil,3008331161,MH29 UY 0848,Hyundai Creta,3.8,15
DRV6561,Daksh Kibe,+916545904524,MH29 AB 4319,Hyundai Creta,3.7,17
DRV6562,Yadavi Patel,+917329511106,MH22 VR 5466,Maruti Ertiga,4.8,16
DRV6563,Nitara Bajwa,+910510348707,MH2 CP 5817,WagonR,3.5,9
DRV6564,Azaan Dayal,2808764737,MH21 AL 4648,Hyundai i20,4.5,1
DRV6565,Zayyan Naidu,+916387644096,MH1 AO 1739,Maruti Ertiga,3.7,5
DRV6566,Idika Wagle,03457322749,MH15 SY 4539,Mahindra XUV700,4.5,2
DRV6567,Bhavini Bail,6799453474,MH7 IR 5842,Hyundai Creta,3.6,3
DRV6568,Baljiwan Apte,+916079594141,MH5 WM 4862,Swift Dzire,3.8,12
DRV6569,Veda Brahmbhatt,+912316325568,MH32 AN 6120,Kia Seltos,4.3,9
DRV6570,Eshana Tiwari,+910921359647,MH1 UW 8779,Toyota Innova,5.0,4
DRV6571,Anirudh Borra,+919098548977,MH9 GG 5662,Hyundai i20,4.0,7
DRV6572,Balveer Sachar,05487882588,MH34 WO 4931,Honda City,4.2,17
DRV6573,Dhruv Tata,02539857543,MH43 XP 0529,Swift Dzire,4.4,7
DRV6574,Idika Thakkar,+913032465371,MH41 EG 5873,Hyundai i20,4.7,18
DRV6575,Aarush Bera,+910464273727,MH29 DS 7287,Hyundai Creta,4.6,15
DRV6576,Vedhika Bir,05400973424,MH39 JN 8211,Toyota Innova,3.8,13
DRV6577,Bhavini Gokhale,06230340036,MH36 UU 3987,Swift Dzire,3.6,20
DRV6578,Leena Iyer,00642323251,MH21 NG 1743,Kia Seltos,4.5,14
DRV6579,Lavanya Dubey,2261939078,MH12 JN 6478,WagonR,3.9,12
DRV6580,Bhavika Jani,06135213394,MH40 DD 0712,Swift Dzire,3.6,18
DRV6581,Raghav Iyengar,7444588879,MH3 QH 7329,Swift Dzire,4.1,15
DRV6582,Zilmil Atwal,+912905976524,MH22 GJ 3779,Kia Seltos,4.2,2
DRV6583,Bimala Sathe,+915924003302,MH43 SR 2578,WagonR,4.8,17
DRV6584,Gaurang Mutti,+913709047073,MH35 RR 6305,Maruti Ertiga,3.9,6
DRV6585,Damini Thakkar,00668726618,MH32 RY 5524,WagonR,4.4,20
DRV6586,Gauri Bhatia,08617385877,MH35 GJ 4376,Mahindra XUV700,3.7,10
DRV6587,Yutika Bhatt,09585133335,MH13 JN 3752,Mahindra XUV700,4.9,16
DRV6588,Ria Anne,03083718437,MH44 BX 8547,Honda City,3.7,15
DRV6589,Ridhi Bala,+918169996941,MH21 LV 0869,Kia Seltos,4.8,8
DRV6590,Chaitaly Jha,09558348215,MH39 BM 3375,Toyota Innova,3.9,1
DRV6591,Garima Deo,+912917405917,MH21 UQ 1237,Honda City,4.1,10
DRV6592,Ishani Sankar,07331125331,MH50 GX 4383,Maruti Ertiga,3.7,12
DRV6593,Ekaja Batta,01299179390,MH4 AL 7035,Maruti Ertiga,4.4,1
DRV6594,Madhav Dara,02048590030,MH45 ER 1921,WagonR,4.6,20
DRV6595,Elijah Dugal,+910555384400,MH19 SP 8525,Swift Dzire,4.9,7
DRV6596,Mahika Thaman,+915753650185,MH11 SD 5348,Hyundai i20,4.9,5
DRV6597,Upadhriti Kala,6596971587,MH36 VQ 9880,Maruti Ertiga,4.7,12
DRV6598,Vedika Thakur,06322046198,MH17 WK 3546,Toyota Innova,3.7,20
DRV6599,Radhika Pandit,02875420828,MH3 ND 0836,WagonR,4.3,9
DRV6600,Jyoti Kari,9664474547,MH33 TP 4392,Mahindra XUV700,4.9,16
DRV6601,Michael Arya,+912016280979,MH32 TX 5959,Hyundai i20,3.5,13
DRV6602,Robert Varma,06588273791,MH10 HS 1767,Kia Seltos,4.7,15
DRV6603,Vansha Karpe,3437439651,MH22 DV 9901,WagonR,3.7,16
DRV6604,Amrita Mittal,04074291935,MH13 BH 0453,Mahindra XUV700,4.3,13
DRV6605,Alexander Barad,0122073159,MH45 MO 7905,Tata Nexon,4.8,7
DRV6606,Lakshmi Chokshi,07292628984,MH7 IJ 3229,Hyundai Creta,4.9,7
DRV6607,Falguni Patla,1498120050,MH7 EB 1599,Maruti Ertiga,4.6,20
DRV6608,Arjun Karpe,04736019438,MH3 AT 5278,Maruti Ertiga,4.5,4
DRV6609,Gavin Memon,06689190964,MH8 OJ 2798,Hyundai i20,3.7,11
DRV6610,Mason Yogi,08063190321,MH43 AD 9121,Toyota Innova,4.8,16
DRV6611,Warjas Narang,09981607381,MH6 CD 8695,Tata Nexon,3.7,15
DRV6612,Pahal Pathak,06859253694,MH28 SN 1412,Mahindra XUV700,3.9,19
DRV6613,Nidra Char,2418939408,MH30 DD 7119,Maruti Ertiga,3.9,7
DRV6614,Amaira Batra,4523450150,MH2 BT 0568,Tata Nexon,4.8,7
DRV6615,Urvi Patil,02494216846,MH36 LT 1251,Hyundai Creta,3.9,11
DRV6616,Eesha Lad,+916789794018,MH42 MP 2017,Toyota Innova,4.2,19
DRV6617,Idika Minhas,+917782170569,MH23 GX 0676,Mahindra XUV700,4.1,7
DRV6618,Peter Hayre,09993856698,MH50 IE 1528,Hyundai Creta,4.6,8
DRV6619,Henry Puri,09687960236,MH23 IA 7613,Hyundai i20,3.7,4
DRV6620,Yashica Rege,08836598592,MH8 GS 7482,WagonR,4.4,8
DRV6621,Meghana Mall,+915722121948,MH34 AT 7089,WagonR,3.9,9
DRV6622,Zashil Banerjee,+913359539318,MH12 KM 8339,Hyundai i20,4.2,4
DRV6623,Netra Deshpande,+917729948882,MH44 CM 6820,Tata Nexon,3.7,14
DRV6624,Imaran Grover,+918383745678,MH27 CO 8114,Toyota Innova,3.8,20
DRV6625,Abeer Apte,+916415836023,MH23 DI 0930,Honda City,3.7,14
DRV6626,Jackson Roy,00496785040,MH36 BT 9414,Hyundai i20,3.7,16
DRV6627,Sachi Majumdar,05056607794,MH26 QS 4708,Hyundai i20,3.9,8
DRV6628,Raagini Sampath,06941863689,MH50 QS 7740,Tata Nexon,4.3,11
DRV6629,Hemangini Hora,+911348376654,MH9 SP 1519,Swift Dzire,3.8,7
DRV6630,Vrishti Bhat,2283008162,MH1 ZN 1535,Toyota Innova,4.0,7
DRV6631,Diya Chad,07632504658,MH4 RC 6881,Toyota Innova,4.4,18
DRV6632,Yochana Pillai,06187630786,MH23 XS 3949,Kia Seltos,4.0,16
DRV6633,Waida Hari,+917456940041,MH46 XP 2654,Swift Dzire,5.0,6
DRV6634,Oliver Agarwal,+915761608015,MH27 DL 9119,Toyota Innova,4.1,9
DRV6635,Laksh Shankar,7120755547,MH12 LB 0561,Hyundai Creta,4.5,9
DRV6636,Eshana Tella,+919030757403,MH27 AZ 8107,Kia Seltos,4.1,6
DRV6637,Omisha Ramanathan,5244450583,MH28 EM 6900,Toyota Innova,4.4,2
DRV6638,Varenya Manda,05221358535,MH19 SQ 5567,Maruti Ertiga,4.1,15
DRV6639,Raagini Deo,+913116916520,MH4 ZN 4866,Honda City,3.9,4
DRV6640,Niharika Subramanian,6500517988,MH47 RE 0313,Hyundai Creta,5.0,19
DRV6641,Baljiwan Babu,00949198337,MH42 AZ 7150,Maruti Ertiga,4.1,16
DRV6642,Saanvi Sridhar,03068151967,MH2 KL 1981,Hyundai Creta,4.8,10
DRV6643,Jagrati Saini,04722078790,MH44 HI 8246,Hyundai Creta,4.0,16
DRV6644,Joshua Dayal,+918792396186,MH7 YG 2118,Hyundai i20,4.2,9
DRV6645,Jai Aurora,0468531365,MH39 JF 5873,WagonR,3.9,7
DRV6646,Forum Toor,+911129856876,MH47 PD 9516,Kia Seltos,4.5,6
DRV6647,Megha Goyal,05621924299,MH26 ZW 0328,Toyota Innova,4.0,19
DRV6648,Barkha Bhat,+911375214471,MH25 QU 2667,Hyundai Creta,4.0,14
DRV6649,Raagini Raju,+916805412500,MH30 VT 7034,Hyundai i20,4.7,14
DRV6650,Libni Kashyap,4412745046,MH48 QV 7887,Hyundai Creta,4.2,19
DRV6651,Benjamin Sen,05904843370,MH18 YD 3022,Tata Nexon,4.4,10
DRV6652,Eesha Sarna,08034347779,MH8 KL 7925,Hyundai i20,4.0,5
DRV6653,Arjun Banik,07128802243,MH9 DY 8879,Toyota Innova,3.7,8
DRV6654,Janya Varghese,+914126683600,MH17 EQ 8532,Hyundai i20,4.8,15
DRV6655,Dev Shetty,02145096825,MH34 YT 7213,Tata Nexon,3.9,19
DRV6656,Chandresh Shere,+918240569659,MH37 SV 4231,Kia Seltos,4.5,18
DRV6657,Mitesh Shroff,6584618185,MH31 OE 4268,Swift Dzire,3.6,16
DRV6658,Abeer Dey,3787877014,MH50 BU 8187,Mahindra XUV700,5.0,7
DRV6659,Bina Garg,02271738348,MH1 CQ 0058,WagonR,4.0,3
DRV6660,Osha Mander,03420968212,MH8 LG 8504,Maruti Ertiga,4.9,15
DRV6661,Rachana Kurian,00821175522,MH9 EZ 4056,WagonR,4.7,5
DRV6662,Pranit Agrawal,+913111065827,MH45 PB 3661,Toyota Innova,3.7,10
DRV6663,Frado Bhargava,+910462718581,MH42 NQ 9221,WagonR,4.9,16
DRV6664,Hredhaan Sabharwal,08523309208,MH10 CP 9839,Mahindra XUV700,4.3,15
DRV6665,Shravya Sheth,00396217928,MH2 GL 3919,Kia Seltos,4.5,18
DRV6666,Balvan Gola,04770037319,MH13 DT 5524,Hyundai i20,3.6,17
DRV6667,Vanya Sinha,+916920278082,MH8 OK 0655,Toyota Innova,4.4,15
DRV6668,Charita Uppal,00744165742,MH2 LV 7454,Tata Nexon,4.1,11
DRV6669,Vamakshi Mahal,+918369976606,MH22 SN 9942,Hyundai Creta,4.9,16
DRV6670,Manbir Nori,02318850806,MH2 NS 3355,Tata Nexon,4.2,18
DRV6671,Champak Prabhu,08839119118,MH42 DR 0647,Hyundai Creta,4.9,16
DRV6672,Yashvi Narain,8225915387,MH50 VB 2919,Swift Dzire,3.8,2
DRV6673,Vedika Mand,00706258283,MH20 ZM 3053,Hyundai i20,4.2,7
DRV6674,Yachana Balan,3730279178,MH19 SQ 5567,Hyundai i20,4.1,18
DRV6675,Anvi Vohra,3472914262,MH11 MJ 6742,Mahindra XUV700,4.5,17
DRV6676,Ikbal Deol,3979875970,MH46 PP 0263,Swift Dzire,4.8,18
DRV6677,Ekbal Chokshi,+918414280861,MH37 QS 8002,Mahindra XUV700,3.8,6
DRV6678,Mason Sawhney,05277848847,MH8 YI 1680,Hyundai i20,4.9,15
DRV6679,Yauvani Sastry,5420128862,MH5 RY 3475,Hyundai Creta,4.6,17
DRV6680,Jonathan Sami,07962684805,MH1 SR 4320,Hyundai i20,4.8,18
DRV6681,Leela Bhatia,+917208472534,MH7 MB 3054,Hyundai Creta,4.3,7
DRV6682,Daksh Naidu,2898680699,MH49 ON 1445,Swift Dzire,3.8,13
DRV6683,Sara Bajwa,+913149440690,MH48 PE 3221,Toyota Innova,4.2,15
DRV6684,Hitesh Dugal,09474060939,MH47 WI 9852,Hyundai i20,4.3,20
DRV6685,Aadi Mann,2912886297,MH9 IF 5676,WagonR,4.8,3
DRV6686,Shivansh Pillai,4608363753,MH43 XA 3075,Mahindra XUV700,4.3,11
DRV6687,Yauvani Kota,+912479135916,MH17 WZ 0143,Tata Nexon,3.7,15
DRV6688,Jackson Sidhu,06125891422,MH4 SE 2800,Hyundai i20,4.1,7
DRV6689,Yahvi Ramachandran,1904027337,MH44 OI 1607,WagonR,4.3,1
DRV6690,Lekha Shanker,+912353760987,MH21 DK 1801,Hyundai Creta,3.8,9
DRV6691,Aarnav Mann,8500948047,MH10 BZ 2773,Swift Dzire,3.9,11
DRV6692,Shivansh Kurian,00299366605,MH49 JA 5426,Hyundai Creta,4.5,11
DRV6693,Guneet Sawhney,04963634618,MH29 UA 9951,Maruti Ertiga,3.7,19
DRV6694,Pallavi Menon,4611334954,MH40 OC 1576,Hyundai i20,4.7,5
DRV6695,Rayaan Buch,+910876874153,MH48 ZY 9048,Maruti Ertiga,4.1,16
DRV6696,Aarna Dalal,7506776793,MH28 TU 9367,Maruti Ertiga,3.8,10
DRV6697,Kamya Arora,08480029682,MH15 SY 4539,Maruti Ertiga,4.3,3
DRV6698,Praneel Parmer,2379957286,MH6 IF 7128,Mahindra XUV700,4.9,2
DRV6699,Advaith Bali,01636667347,MH26 LV 6217,Tata Nexon,4.0,11
DRV6700,Girik Choudhury,+919208126716,MH6 BH 2602,Kia Seltos,3.6,6
DRV6701,Madhav Balay,9648650868,MH47 UX 5590,Toyota Innova,3.6,9
DRV6702,Jonathan Morar,6004432185,MH8 GW 3332,Swift Dzire,3.7,8
DRV6703,Xiti Badami,+910622366545,MH17 BT 3160,Honda City,4.9,3
DRV6704,Isaiah Bhalla,+911671045591,MH12 PS 4121,Kia Seltos,4.3,13
DRV6705,Vihaan Parsa,06308830156,MH23 DM 2585,Swift Dzire,4.4,8
DRV6706,Lila Prabhu,02892591367,MH10 MJ 7896,Maruti Ertiga,3.5,8
DRV6707,Diya Date,+916673988412,MH10 MA 3703,Honda City,5.0,3
DRV6708,Raagini Lata,04219638015,MH50 NZ 7473,Hyundai i20,4.7,19
DRV6709,Bachittar Dar,+910486023669,MH12 YF 7128,Hyundai i20,4.6,17
DRV6710,Harrison Ganesan,03360589266,MH5 RY 3475,WagonR,4.9,17
DRV6711,Suhani Mishra,07217699773,MH23 SA 5716,Maruti Ertiga,3.8,5
DRV6712,Shivansh Kalita,+910555652630,MH21 XJ 1501,Hyundai Creta,3.9,12
DRV6713,Amruta Sura,5207252315,MH46 AL 6003,Maruti Ertiga,4.2,15
DRV6714,Yasti Subramaniam,2703158954,MH49 EY 1029,Tata Nexon,3.6,12
DRV6715,Zaitra Ramaswamy,9014132386,MH39 UI 8879,Tata Nexon,4.4,6
DRV6716,Advik Sahni,5720787913,MH19 ER 5242,Maruti Ertiga,3.7,8
DRV6717,Chameli Sarkar,02603168903,MH46 YO 9220,Honda City,4.2,13
DRV6718,Kashish Mahal,01194675535,MH20 WP 1425,Swift Dzire,3.9,13
DRV6719,Thomas Vyas,9361074625,MH26 TQ 6742,Hyundai Creta,4.6,4
DRV6720,Alexander Kara,06220160821,MH7 XV 7558,Swift Dzire,4.2,12
DRV6721,Amaira Behl,04929776766,MH24 KP 3163,Maruti Ertiga,4.1,5
DRV6722,Wyatt Gaba,5973568897,MH45 QO 3880,Honda City,3.9,10
DRV6723,Radhika Ganesan,05092481031,MH49 OO 1716,WagonR,4.5,12
DRV6724,Alexander Dash,03475794601,MH26 RI 7202,Honda City,3.7,1
DRV6725,Charles Magar,0193704596,MH21 VG 1768,Hyundai i20,4.6,8
DRV6726,Vanya Barman,00684770732,MH35 DV 0744,Hyundai i20,4.4,16
DRV6727,Qarin Ghosh,4513757273,MH21 DW 6608,Honda City,4.5,18
DRV6728,Charles Chaudhuri,+913971870155,MH43 OP 3854,Hyundai Creta,4.2,9
DRV6729,Qarin Bath,07124518055,MH9 JH 7785,Hyundai Creta,5.0,8
DRV6730,Jonathan Mane,+912576196476,MH24 DD 1505,Tata Nexon,4.2,11
DRV6731,Indrajit Bhakta,04935383137,MH15 JD 8601,Honda City,4.9,6
DRV6732,Vasana Krishnan,+912548113507,MH41 SH 1216,WagonR,4.4,12
DRV6733,Lila Ranganathan,5276366148,MH44 BO 9262,Tata Nexon,4.4,13
DRV6734,Charles Pingle,8592652276,MH19 KA 7061,Swift Dzire,4.5,17
DRV6735,Aishani Bhalla,6536644172,MH4 PE 1597,Swift Dzire,4.6,1
DRV6736,Manan Sheth,+914054630205,MH25 NA 1223,Honda City,4.9,20
DRV6737,Daniel Raman,08241536760,MH50 UV 2751,Maruti Ertiga,4.4,19
DRV6738,Theodore Karpe,07501226249,MH22 PW 3666,Mahindra XUV700,3.9,20
DRV6739,Urmi Oommen,1908580598,MH13 MS 5503,Hyundai Creta,4.6,13
DRV6740,Raksha Jaggi,+912190114963,MH36 KG 8715,Tata Nexon,4.3,9
DRV6741,Anjali Buch,+912536400286,MH26 JF 1318,WagonR,4.3,19
DRV6742,Janani Taneja,00450265215,MH49 SL 3332,Mahindra XUV700,4.4,20
DRV6743,Bakhshi Sundaram,5890780702,MH42 PI 3225,Honda City,4.8,11
DRV6744,Vasana Luthra,6123511469,MH30 WO 8409,Hyundai Creta,4.2,12
DRV6745,Qadim Kamdar,+911690903499,MH6 CX 4856,Swift Dzire,4.0,14
DRV6746,Gaurang Mani,+919225651234,MH21 OJ 7433,Honda City,4.3,20
DRV6747,Pratyush Pal,6157783573,MH40 ES 7914,Kia Seltos,3.9,9
DRV6748,Xavier Goel,+911510329427,MH11 HV 0472,WagonR,4.9,15
DRV6749,Dhruv Chatterjee,08757718288,MH3 YJ 0818,Tata Nexon,4.2,15
DRV6750,Aditya Mangal,08001289223,MH30 PR 7745,Hyundai Creta,4.6,6
DRV6751,Chasmum Bassi,4999805580,MH28 TW 3559,Kia Seltos,3.7,19
DRV6752,Yashvi Radhakrishnan,+916872218039,MH39 HS 2544,Kia Seltos,3.9,14
DRV6753,Megha Sachar,00984530442,MH46 MD 2908,Mahindra XUV700,3.5,12
DRV6754,Samaksh Chatterjee,+911056809055,MH43 FS 9739,Mahindra XUV700,4.2,2
DRV6755,Chaman Chatterjee,+918899582706,MH18 FD 9525,Swift Dzire,4.6,1
DRV6756,Balveer Mandal,7356322318,MH3 BL 5298,Toyota Innova,4.1,20
DRV6757,Logan Subramanian,7526317427,MH38 QB 1978,Honda City,3.7,13
DRV6758,Ishani Subramanian,2171226549,MH21 UE 2104,Tata Nexon,3.9,15
DRV6759,Advay Tandon,4559425623,MH15 EU 8315,Maruti Ertiga,4.9,13
DRV6760,Yasti Kurian,1808909819,MH20 TO 0941,Tata Nexon,4.9,4
DRV6761,Lipika Handa,04963926465,MH38 QZ 7682,Maruti Ertiga,4.4,16
DRV6762,Vamakshi Chanda,5216824594,MH40 HZ 8358,WagonR,3.6,13
DRV6763,Samuel Wagle,+912167432969,MH41 YO 1801,Tata Nexon,4.9,1
DRV6764,Jyoti Shankar,1824141612,MH7 PX 7984,Swift Dzire,3.8,4
DRV6765,Fariq Chahal,3940472839,MH24 DK 3730,Tata Nexon,4.6,16
DRV6766,Chaitaly Borra,2947456519,MH2 KR 0430,Hyundai Creta,4.8,5
DRV6767,Yashoda Mutti,8007049084,MH10 KS 1027,Swift Dzire,4.9,1
DRV6768,Bhavna Srinivasan,3851052101,MH43 KN 2322,Kia Seltos,4.7,16
DRV6769,Girik Suri,01846603882,MH18 KV 8720,Mahindra XUV700,4.3,12
DRV6770,Raagini Karan,+914283782118,MH35 IM 5196,WagonR,4.9,1
DRV6771,Harshil Khosla,07830332630,MH47 HF 2366,Toyota Innova,4.6,2
DRV6772,Damini Mani,+914176779020,MH11 GC 6858,Mahindra XUV700,3.9,19
DRV6773,Dayita Nagi,+914428039032,MH10 UB 2356,Tata Nexon,3.5,16
DRV6774,Oliver Purohit,+911103982433,MH17 GW 5586,WagonR,4.5,7
DRV6775,Nisha Dani,02509211000,MH19 NB 9629,Hyundai i20,4.5,7
DRV6776,Qushi Chandran,+913982940022,MH2 OQ 7923,Kia Seltos,4.7,11
DRV6777,Tamanna Aurora,2313063663,MH6 GZ 1743,Hyundai Creta,4.0,6
DRV6778,Naveen Bala,5702520675,MH42 QW 1903,Mahindra XUV700,4.2,6
DRV6779,Wakeeta Dara,+913645678181,MH11 QL 4843,Hyundai i20,4.6,12
DRV6780,Pooja Modi,9907634858,MH23 KV 2959,WagonR,3.7,15
DRV6781,Yatan Balan,+911970102652,MH20 HR 5429,WagonR,4.0,8
DRV6782,Lohit Din,5287600615,MH12 UZ 6537,Maruti Ertiga,4.1,1
DRV6783,Ekani Mitra,+911080542473,MH47 ST 3975,Hyundai Creta,4.3,10
DRV6784,Azaan Madan,+918560456626,MH37 FA 6267,Swift Dzire,3.6,2
DRV6785,Daksha Prakash,07471950346,MH23 XV 7628,Honda City,4.9,9
DRV6786,Yuvraj Puri,+913789941751,MH50 PZ 6640,Kia Seltos,4.2,20
DRV6787,Hemal Rastogi,04918832178,MH39 UG 8500,Tata Nexon,3.7,2
DRV6788,Hiral Sangha,+916375040485,MH4 PE 1012,WagonR,4.6,15
DRV6789,Michael Madan,+913748358954,MH48 FG 8730,WagonR,4.2,12
DRV6790,Victor Bassi,8454599678,MH14 UA 1845,Swift Dzire,4.9,11
DRV6791,Ikshita Loke,00595338638,MH31 SB 5603,Swift Dzire,4.4,20
DRV6792,Isaiah Andra,+913709945939,MH36 KI 6542,WagonR,4.9,18
DRV6793,Shivani Gulati,7030952989,MH42 JZ 0766,Kia Seltos,4.9,13
DRV6794,Inaya Dara,00765789657,MH7 BK 8858,Hyundai Creta,3.8,20
DRV6795,Neha D’Alia,+911874183394,MH18 OY 9814,Swift Dzire,3.8,3
DRV6796,Bimala Chaudhari,+916801764295,MH47 KZ 3204,Maruti Ertiga,3.6,15
DRV6797,Zaitra Chaudhari,08468718984,MH1 VA 3028,Honda City,4.7,4
DRV6798,Ojas Choudhary,01535143022,MH27 VL 9546,Mahindra XUV700,3.9,17
DRV6799,Arin Pathak,00941172568,MH32 SG 2175,Mahindra XUV700,4.6,12
DRV6800,Gaurika Goyal,3163268044,MH34 YW 9414,Kia Seltos,3.9,12
DRV6801,Saumya Ganguly,8529751098,MH50 TB 4053,Tata Nexon,3.7,10
DRV6802,Nandini Upadhyay,8279806646,MH37 FA 6267,WagonR,4.6,16
DRV6803,Reyansh Butala,+918706817378,MH26 VG 7494,Mahindra XUV700,3.6,13
DRV6804,Aarav Bhatnagar,+912376281203,MH33 WN 9763,WagonR,4.5,4
DRV6805,Sneha Golla,+913059428331,MH36 OE 7961,Toyota Innova,4.5,19
DRV6806,Libni Mody,5379854324,MH33 VH 6199,Hyundai i20,4.2,10
DRV6807,Yashasvi Raghavan,04141937184,MH41 YZ 3954,Maruti Ertiga,4.3,12
DRV6808,Robert Borah,04976942314,MH43 YT 1468,Swift Dzire,3.8,11
DRV6809,Leela Wali,+914381925242,MH48 VI 7355,Maruti Ertiga,3.6,5
DRV6810,Upasna Samra,07078646385,MH34 TN 1478,WagonR,3.8,12
DRV6811,Anthony Brar,4247646249,MH48 ZN 3986,Tata Nexon,3.6,9
DRV6812,Warinder Hayer,+917340759856,MH50 AS 7894,WagonR,3.6,16
DRV6813,Odika Kakar,01858769756,MH7 QY 3211,Hyundai Creta,4.9,20
DRV6814,Manya Gala,+916624999929,MH16 NA 2949,Kia Seltos,4.2,10
DRV6815,Yatin Lad,05609712452,MH23 UL 3962,Swift Dzire,4.8,1
DRV6816,Yug Madan,2477144438,MH36 FR 0323,WagonR,4.5,10
DRV6817,Jyoti Sami,08492221213,MH50 PZ 6640,Hyundai i20,4.3,12
DRV6818,Nitara Kakar,+917495964114,MH39 OI 2089,Mahindra XUV700,4.9,13
DRV6819,Jonathan Dhingra,9024420151,MH24 CA 6057,Mahindra XUV700,3.8,15
DRV6820,Mason Badami,+916160159861,MH26 OW 4000,Hyundai Creta,4.1,3
DRV6821,Brijesh Kumer,00922484624,MH39 GZ 7981,Tata Nexon,4.4,2
DRV6822,Devansh Gara,02024260652,MH21 CV 7429,Maruti Ertiga,4.2,10
DRV6823,Jagvi Mohanty,04682349980,MH36 NH 7017,Mahindra XUV700,4.6,17
DRV6824,Aradhana Mann,+910484683864,MH18 RZ 5165,Swift Dzire,4.8,2
DRV6825,Frederick Mand,08231519768,MH44 JI 6209,Hyundai Creta,4.4,16
DRV6826,Oliver Behl,5585381954,MH2 EA 8882,Kia Seltos,3.7,17
DRV6827,Osha Bir,04945496322,MH29 QK 9592,Mahindra XUV700,3.8,17
DRV6828,Chanchal Choudhury,+918174719559,MH35 UI 6519,Mahindra XUV700,4.6,3
DRV6829,Harshil Garde,+914335852837,MH24 PV 7444,Hyundai Creta,4.6,10
DRV6830,Yochana Doshi,+919873449342,MH39 OO 4241,Hyundai Creta,3.7,6
DRV6831,Adya Kakar,+910776183026,MH37 CI 1095,Mahindra XUV700,4.0,8
DRV6832,Ati Randhawa,7041104362,MH20 RX 2707,Swift Dzire,3.7,8
DRV6833,Lipika Khare,+919250801232,MH35 AG 1756,WagonR,3.9,19
DRV6834,Hamsini Rau,08333335815,MH6 XJ 7862,Honda City,3.9,15
DRV6835,Yashasvi Sarin,00140563189,MH25 YT 4690,Toyota Innova,4.1,5
DRV6836,Vedhika Gill,7315061663,MH18 AT 3383,Hyundai i20,3.9,16
DRV6837,Diya Sehgal,07244223242,MH43 MQ 0845,Swift Dzire,4.1,3
DRV6838,Fiyaz Peri,1671586809,MH3 YA 1190,Honda City,4.8,16
DRV6839,Gaurangi Arora,+918062210489,MH36 AK 1720,Hyundai i20,3.5,17
DRV6840,Nachiket Mital,03341643813,MH26 LV 6217,Swift Dzire,4.0,12
DRV6841,Baljiwan Basak,07614782261,MH45 SU 3283,Swift Dzire,3.7,8
DRV6842,Samaksh Bhasin,4917942658,MH28 FK 5688,Maruti Ertiga,4.4,3
DRV6843,Kalpit Mody,1235457738,MH46 AV 0646,Mahindra XUV700,4.5,3
DRV6844,Tamanna Bansal,+913638893934,MH33 VM 6461,Swift Dzire,4.6,13
DRV6845,Janya Pandya,+914005095565,MH8 QE 5892,Toyota Innova,4.2,2
DRV6846,Yatin Acharya,+917587462281,MH21 EA 3787,Kia Seltos,3.9,20
DRV6847,Abhimanyu Karpe,07634950975,MH9 QA 0080,Tata Nexon,4.6,16
DRV6848,Laksh Golla,03812614192,MH6 MX 4265,Hyundai i20,4.0,17
DRV6849,Chaitaly Mital,+915067363519,MH23 YV 1954,Toyota Innova,3.9,17
DRV6850,Raksha Yadav,07828179506,MH43 ZX 2405,WagonR,3.7,19
DRV6851,Banjeet Kapur,+919162559012,MH5 XH 8320,Maruti Ertiga,4.6,6
DRV6852,Chaaya Sood,07413665126,MH1 MU 5623,Hyundai Creta,3.9,19
DRV6853,Rudra Gara,2023140653,MH50 ZA 2311,Hyundai i20,4.3,1
DRV6854,Adweta Virk,+913638604241,MH6 CD 8695,Hyundai Creta,4.4,9
DRV6855,Darika Kapoor,+910172219881,MH49 LL 9386,Hyundai Creta,4.2,5
DRV6856,Azad Acharya,00286585799,MH39 BZ 1758,Maruti Ertiga,4.7,14
DRV6857,Girik Deol,4574043118,MH22 OR 6203,Swift Dzire,3.7,16
DRV6858,Harinakshi Kaul,4903991314,MH9 ZB 5831,Kia Seltos,3.6,4
DRV6859,Lavanya Mander,+919176368866,MH37 LX 7316,Hyundai i20,4.0,19
DRV6860,Triya Madan,+910188275170,MH44 TO 1373,Hyundai i20,4.2,8
DRV6861,Ladli Shah,3950420020,MH14 NA 9130,Hyundai i20,4.0,9
DRV6862,Harrison Singhal,05938440418,MH15 FQ 6234,Maruti Ertiga,4.0,20
DRV6863,Manya Sachar,07097279956,MH15 HZ 1110,Honda City,4.8,17
DRV6864,Pavani Chaudhuri,6085696721,MH5 XC 8327,Mahindra XUV700,4.5,5
DRV6865,Chakradev Garde,+914844703742,MH2 LB 3031,Kia Seltos,4.1,10
DRV6866,Urvi De,04847430888,MH49 QU 2826,Hyundai i20,3.5,3
DRV6867,Teerth Luthra,5828112105,MH18 YN 8872,Tata Nexon,4.4,13
DRV6868,Jack Koshy,06169392090,MH14 NZ 2700,Tata Nexon,4.1,20
DRV6869,Dipta Ratti,+917663557852,MH12 FN 3265,Kia Seltos,4.9,15
DRV6870,Urmi Kari,+915287180422,MH5 TA 4305,Honda City,4.0,14
DRV6871,Omaja Yogi,05067336047,MH9 VS 8723,Maruti Ertiga,3.5,11
DRV6872,Vanya Chand,0035825531,MH28 YT 7303,Hyundai Creta,4.3,18
DRV6873,Vaishnavi Sekhon,+917669489328,MH17 VH 6212,Tata Nexon,4.0,15
DRV6874,Urmi Rattan,+918468895613,MH6 EZ 7735,Hyundai i20,4.9,20
DRV6875,Sai Dugar,03893109492,MH15 EO 5615,Tata Nexon,3.6,20
DRV6876,Gopal Kohli,+913815669544,MH31 MG 0403,Mahindra XUV700,4.9,2
DRV6877,Bakhshi Ratta,01077180562,MH44 XW 5096,Tata Nexon,3.6,5
DRV6878,Chakrika Gill,+914682121773,MH15 DL 8686,Maruti Ertiga,4.0,6
DRV6879,Sanaya Wadhwa,+916687186499,MH42 UI 2760,Maruti Ertiga,4.1,17
DRV6880,Kalpit Chander,05774001563,MH16 NL 0431,Hyundai Creta,4.1,18
DRV6881,Anthony Ganguly,0477560065,MH3 NL 4228,Tata Nexon,4.6,5
DRV6882,Lipika Talwar,+915734034600,MH32 KR 4263,Kia Seltos,3.7,17
DRV6883,Agastya Mitter,1362575176,MH6 GZ 1743,Toyota Innova,4.6,19
DRV6884,Ekbal Vyas,3191928836,MH7 PK 5241,WagonR,4.2,1
DRV6885,Oviya Bhatt,+916366007112,MH49 QF 1293,Mahindra XUV700,4.3,9
DRV6886,Andrew Balay,5178269178,MH8 JS 1075,Tata Nexon,3.9,4
DRV6887,Karan Basak,1472176466,MH38 UP 5092,Honda City,3.7,13
DRV6888,Noah Sachdev,+914938473633,MH13 VZ 1598,Mahindra XUV700,3.6,20
DRV6889,Aadhya Savant,04602370815,MH39 EE 2826,Mahindra XUV700,4.1,8
DRV6890,Azad Mall,+914927080228,MH24 LD 4514,Kia Seltos,4.3,7
DRV6891,Hemang Verma,1040918580,MH7 DB 7283,Hyundai i20,4.4,20
DRV6892,Arjun Keer,+915942038686,MH34 HY 5341,Kia Seltos,3.5,6
DRV6893,Girik Narang,+917656943544,MH31 KC 8230,Hyundai Creta,4.1,11
DRV6894,Ikshita Sura,+911336815913,MH5 WQ 2578,Honda City,3.6,16
DRV6895,Anvi Konda,9154477285,MH39 HD 2623,Toyota Innova,4.2,16
DRV6896,Shaurya Bains,+911846643363,MH22 FY 6213,Swift Dzire,3.8,6
DRV6897,Wazir Kohli,09481443023,MH5 HK 4028,Mahindra XUV700,4.7,13
DRV6898,Aarnav Pradhan,02855504148,MH43 XA 3075,WagonR,3.8,17
DRV6899,Anamika Krish,4991178360,MH38 AB 5423,Hyundai Creta,4.6,6
DRV6900,Yahvi Ganesh,02539110580,MH7 NQ 9653,Kia Seltos,4.7,2
DRV6901,Nathaniel Srinivasan,0329196745,MH24 CR 1807,Mahindra XUV700,3.8,7
DRV6902,Dhriti Krishnan,6221733250,MH5 AI 5310,Hyundai i20,4.2,14
DRV6903,Kashvi Hans,+917458437774,MH31 OM 7165,Honda City,4.1,8
DRV6904,Ishita Mangal,+911840991247,MH42 LO 4720,Mahindra XUV700,4.6,14
DRV6905,Keya Radhakrishnan,01260014158,MH48 FZ 9315,Tata Nexon,3.7,17
DRV6906,Aarush Bahri,08379446186,MH32 AE 1902,Mahindra XUV700,4.7,4
DRV6907,Nathaniel Wable,9228415217,MH34 QK 8560,WagonR,3.9,1
DRV6908,Vritti Anne,02538498674,MH30 ZS 9917,Maruti Ertiga,4.6,13
DRV6909,Ayush Master,03259726449,MH5 XP 5811,Honda City,3.7,14
DRV6910,Warhi Gupta,04215368553,MH28 RB 3433,Honda City,4.9,16
DRV6911,Anika Dasgupta,+918898282741,MH30 LY 6458,Honda City,3.9,13
DRV6912,Samuel Vig,5190531703,MH46 KC 2645,Hyundai Creta,4.3,12
DRV6913,Banjeet Agarwal,08424842735,MH15 BW 0178,Mahindra XUV700,4.6,20
DRV6914,Tanay Bawa,+917111759362,MH49 GX 9958,Hyundai Creta,4.3,6
DRV6915,Kalpit Chakrabarti,+915037861973,MH5 XP 5811,Toyota Innova,4.4,12
DRV6916,Urvi Garg,+914016000466,MH2 BC 9123,Honda City,4.8,10
DRV6917,Sai Vala,02476747712,MH34 XV 2850,Swift Dzire,4.0,11
DRV6918,Devika Prashad,9984613583,MH45 UL 7590,Maruti Ertiga,5.0,12
DRV6919,Sachi Sibal,+918616055105,MH5 YB 5584,Toyota Innova,3.9,5
DRV6920,Raghav Chatterjee,5480554521,MH49 PI 8786,Toyota Innova,3.8,19
DRV6921,Ekta Dave,7333368645,MH19 UM 8209,Kia Seltos,3.7,9
DRV6922,Vyanjana Cherian,02036930263,MH10 DN 4837,Maruti Ertiga,4.1,10
DRV6923,Samarth Grover,+919100479580,MH30 BM 4299,Maruti Ertiga,3.7,10
DRV6924,Faras Khurana,+915212289165,MH8 VH 7676,Maruti Ertiga,4.5,5
DRV6925,Jhalak Om,+917128804260,MH13 FW 3284,Swift Dzire,3.9,17
DRV6926,Chasmum Lal,3717582592,MH35 QO 4794,Hyundai Creta,3.5,17
DRV6927,Chameli Varma,06330060179,MH31 TA 2338,WagonR,4.7,8
DRV6928,Janaki Bumb,+917949650103,MH36 AW 4688,Hyundai i20,4.8,3
DRV6929,Anusha Kant,8673550867,MH30 QF 4770,Tata Nexon,3.8,9
DRV6930,Abha Borde,2899912525,MH24 YA 0303,Kia Seltos,4.7,16
DRV6931,Isha Nori,+915087697228,MH50 JJ 7970,Toyota Innova,4.9,2
DRV6932,Lipika Loyal,+913973184180,MH45 VL 9862,Swift Dzire,4.7,7
DRV6933,Kevin Barad,0038224680,MH3 AD 3125,Mahindra XUV700,3.9,5
DRV6934,Parth Patla,02683366722,MH34 TB 9780,Tata Nexon,4.9,9
DRV6935,Viraj Gara,+919289539419,MH30 NJ 2382,Hyundai i20,3.6,17
DRV6936,Omisha Goda,3875630295,MH22 OG 2620,Kia Seltos,4.0,12
DRV6937,Vihaan Virk,7491991027,MH31 XL 1883,Honda City,4.0,10
DRV6938,Tanmayi Purohit,6558708453,MH3 CN 1763,Kia Seltos,4.5,7
DRV6939,Bhavya Dugar,+912900451085,MH8 UM 8977,Toyota Innova,4.8,19
DRV6940,Ria Bhandari,+918990522719,MH34 TB 8088,Honda City,3.5,4
DRV6941,Zashil Krishnamurthy,+918079532551,MH13 VZ 1598,Swift Dzire,4.2,10
DRV6942,Robert Soman,09407378151,MH26 ZV 8371,Tata Nexon,4.3,17
DRV6943,Oscar Maharaj,5564432120,MH35 QZ 5493,Hyundai Creta,3.8,16
DRV6944,Megha Toor,00331935507,MH19 TU 2203,Mahindra XUV700,4.1,19
DRV6945,Yatan Sarkar,+914897152854,MH10 ED 9345,Tata Nexon,4.5,3
DRV6946,Mekhala Karpe,00969141195,MH33 FG 5070,Hyundai i20,4.8,8
DRV6947,Chaaya Mahajan,+913324731407,MH40 UT 3897,Honda City,4.0,7
DRV6948,Maya Sarin,+910513559091,MH2 HI 3708,Toyota Innova,3.5,16
DRV6949,Ojas Wagle,02936654530,MH27 OT 3675,Toyota Innova,5.0,4
DRV6950,Raksha Mistry,02908043905,MH29 VE 2805,WagonR,4.1,13
DRV6951,Ekavir Vasa,04495120648,MH17 QR 7629,Mahindra XUV700,4.9,18
DRV6952,Libni Agarwal,+912868957526,MH46 NP 1166,Maruti Ertiga,4.1,13
DRV6953,Jeet Bath,+918934426233,MH24 CD 2268,Toyota Innova,4.6,9
DRV6954,Hemangini Venkataraman,07495339563,MH8 WM 6558,Toyota Innova,4.9,12
DRV6955,Chatura Chaudhari,04622459094,MH47 NK 5186,WagonR,5.0,16
DRV6956,Qabil Naidu,2450379998,MH13 GL 9574,Hyundai i20,4.4,9
DRV6957,Neha Ganguly,03884943662,MH27 QM 8720,Honda City,4.8,2
DRV6958,Falan Mahajan,7750514578,MH30 BR 2802,Mahindra XUV700,4.7,4
DRV6959,Yashawini Cheema,7396664803,MH12 CW 9494,Tata Nexon,4.3,9
DRV6960,Yachana Yadav,+916936137887,MH11 HV 0472,Swift Dzire,3.8,1
DRV6961,Janya Thakkar,+915462132494,MH17 LG 7293,Kia Seltos,4.1,2
DRV6962,Omkaar Brahmbhatt,0070499976,MH22 TD 5376,Maruti Ertiga,4.1,8
DRV6963,Charles Mohan,07448995320,MH20 ZO 7915,Swift Dzire,4.1,6
DRV6964,Guneet Nayar,08192650770,MH13 FW 7704,Toyota Innova,4.0,2
DRV6965,Pooja Kala,09180793921,MH7 GN 2116,Swift Dzire,3.7,18
DRV6966,Kala Narang,05780600939,MH47 ST 3975,WagonR,4.2,5
DRV6967,Aradhana Raghavan,+910309775132,MH42 SQ 4360,Honda City,4.2,5
DRV6968,Mekhala Bhatnagar,07779344019,MH21 JA 8182,Toyota Innova,4.4,8
DRV6969,Vritti Chander,03491616201,MH28 SP 0994,WagonR,4.9,4
DRV6970,Faris Oza,0918956436,MH28 GL 5302,Hyundai Creta,3.8,10
DRV6971,Rehaan Peri,2157828390,MH32 PT 5011,Mahindra XUV700,3.8,18
DRV6972,Omaja Jani,08566963386,MH13 IF 7126,Mahindra XUV700,4.8,12
DRV6973,Vedika Borra,8188422655,MH49 CF 2878,Toyota Innova,4.7,6
DRV6974,Siddharth Modi,00605522850,MH32 PD 4719,Honda City,5.0,9
DRV6975,Nidhi Rattan,05673984814,MH30 IL 3548,Swift Dzire,4.5,12
DRV6976,Irya Chakraborty,6642433620,MH32 GI 9725,WagonR,4.0,19
DRV6977,Bahadurjit Badal,2404699588,MH13 CR 6459,Tata Nexon,3.6,15
DRV6978,Parth Dey,3426810689,MH40 EX 4445,Honda City,4.5,13
DRV6979,Pushti Mistry,+917841384907,MH34 TL 3511,Tata Nexon,4.3,2
DRV6980,Harrison Panchal,6891852716,MH31 GX 8205,Maruti Ertiga,4.0,3
DRV6981,Vedant Panchal,1818854886,MH28 QJ 9754,WagonR,3.5,14
DRV6982,Anay Pall,+910996331364,MH42 JU 0914,Kia Seltos,4.7,18
DRV6983,Shravya Kalita,7542880649,MH42 WV 2876,Toyota Innova,4.4,20
DRV6984,Eshana Bhandari,03705397183,MH19 MZ 1404,Hyundai i20,3.7,3
DRV6985,Oeshi Taneja,00820851515,MH2 EA 8882,Hyundai i20,3.5,7
DRV6986,Pallavi Rattan,+912357811321,MH23 KH 7860,Kia Seltos,4.1,13
DRV6987,Girindra Garde,0910911762,MH7 PX 7992,WagonR,3.9,17
DRV6988,Jalsa Butala,02198176667,MH40 UW 1890,Hyundai i20,3.8,8
DRV6989,Anirudh Reddy,3835435687,MH31 WP 8122,Swift Dzire,4.3,14
DRV6990,Laban Samra,+910800986979,MH12 OR 0434,WagonR,4.4,19
DRV6991,Ekaja Kalita,6690892142,MH44 ZG 6097,Toyota Innova,4.3,19
DRV6992,Matthew Bala,4602978327,MH2 FU 9122,Honda City,4.1,20
DRV6993,Omaja Ravi,6392187955,MH36 AQ 8444,Kia Seltos,4.0,8
DRV6994,Vasudha Varkey,07741679332,MH31 ZS 0063,Honda City,4.1,10
DRV6995,Pranav Iyengar,6107712221,MH30 FY 2026,Hyundai Creta,4.1,10
DRV6996,Lopa Soman,02824698291,MH22 FY 6213,Hyundai Creta,3.6,8
DRV6997,Krish Wali,04990978320,MH4 WI 1217,Hyundai i20,4.9,16
DRV6998,Anay Upadhyay,06723070934,MH12 CT 8698,Maruti Ertiga,4.8,12
DRV6999,Jhalak Bandi,4530955522,MH38 KL 4403,Honda City,4.8,17
DRV7000,Yug Kumer,+912725855936,MH28 UN 1399,Toyota Innova,4.2,17
DRV7001,Oni Mander,8895916230,MH46 SD 7107,Maruti Ertiga,3.5,3
DRV7002,Sarthak Banik,+910512440956,MH23 FB 5370,Hyundai Creta,4.7,8
DRV7003,Aahana Ravi,7194529927,MH14 OM 7631,Toyota Innova,3.9,13
DRV7004,Urmi Prabhakar,00607991103,MH34 RK 8893,Hyundai i20,4.8,4
DRV7005,Girindra Narang,+912174667220,MH12 SW 2887,Mahindra XUV700,4.0,14
DRV7006,Ishwar Gopal,+915356264543,MH10 GK 0303,Kia Seltos,4.4,13
DRV7007,Raagini Bains,+914883418339,MH48 YA 5320,Toyota Innova,4.0,3
DRV7008,Neha Hans,+911847953806,MH11 YG 0131,Tata Nexon,4.7,2
DRV7009,Unnati Mane,+915906513057,MH38 LB 3545,Honda City,5.0,3
DRV7010,Warinder Panchal,+917147988401,MH32 QD 8469,WagonR,4.5,3
DRV7011,Robert Choudhary,+910599312714,MH46 EM 0934,Kia Seltos,4.4,13
DRV7012,Ranveer Bala,09802045615,MH44 GI 2091,Maruti Ertiga,4.3,17
DRV7013,Dakshesh Acharya,+916330664136,MH40 BO 5515,Mahindra XUV700,3.7,10
DRV7014,Reva Modi,02702705267,MH13 BD 7967,Kia Seltos,4.2,1
DRV7015,Christopher Aggarwal,8205103167,MH4 PJ 3009,WagonR,4.9,18
DRV7016,Advika Golla,07728213947,MH2 HQ 9208,Hyundai Creta,4.4,18
DRV7017,Ikbal Patil,+910553570368,MH28 NH 5116,Honda City,3.6,16
DRV7018,Benjamin Butala,06666392609,MH9 VU 9579,Maruti Ertiga,4.4,18
DRV7019,Daksha Dash,+915555176708,MH48 SB 6724,Hyundai i20,3.8,12
DRV7020,Zayan Shenoy,02087065018,MH40 IA 8302,Tata Nexon,4.4,12
DRV7021,Christopher Balay,6710001150,MH19 CK 9552,Honda City,4.0,6
DRV7022,Riya Saini,02414940786,MH43 NR 1541,Swift Dzire,4.8,19
DRV7023,Kamya Varkey,3522633473,MH24 WE 3060,Maruti Ertiga,4.6,11
DRV7024,Fariq Tara,+911410616436,MH24 NU 4569,WagonR,5.0,19
DRV7025,Abhimanyu Warrior,+912124627050,MH40 JL 3994,Mahindra XUV700,4.1,4
DRV7026,George Tripathi,+915573157040,MH10 GQ 8403,Hyundai Creta,3.9,14
DRV7027,Farhan Wason,08567378528,MH35 VZ 0246,Swift Dzire,3.8,9
DRV7028,Wakeeta Babu,+913710888499,MH13 HC 9176,Mahindra XUV700,3.8,3
DRV7029,Vinaya Bose,2460084547,MH31 RU 1809,Honda City,4.1,6
DRV7030,Jeet Mody,6330243291,MH32 YL 9691,Hyundai i20,4.0,17
DRV7031,Adweta Devi,+917990620904,MH20 SL 7658,WagonR,3.8,18
DRV7032,Advay Kulkarni,+915094283120,MH33 SO 0977,Swift Dzire,4.5,10
DRV7033,Wazir Zachariah,6623635292,MH26 LC 9115,Hyundai i20,3.7,5
DRV7034,Mugdha Venkataraman,0489564476,MH4 QL 2721,Hyundai i20,4.5,2
DRV7035,Teerth Krish,+915305456347,MH40 ZR 3742,Toyota Innova,4.2,3
DRV7036,Ubika Randhawa,9221734393,MH42 BC 0461,Swift Dzire,4.1,19
DRV7037,Unnati Sundaram,08532288933,MH27 WD 8447,WagonR,5.0,13
DRV7038,Qadim Ben,+912535706498,MH15 FS 9921,Mahindra XUV700,4.4,7
DRV7039,Charvi Goel,03089571873,MH33 ZF 6675,Kia Seltos,4.5,8
DRV7040,Tristan Barad,07197049615,MH8 AJ 2281,Mahindra XUV700,3.6,15
DRV7041,Eta Tandon,+914017577544,MH39 CU 8711,Toyota Innova,4.8,15
DRV7042,Wyatt Kata,02170290921,MH40 SH 1482,Mahindra XUV700,4.7,2
DRV7043,Arya Hari,0803774165,MH25 KZ 8213,Toyota Innova,4.7,13
DRV7044,Harrison Suri,7723335767,MH45 IW 7984,Hyundai Creta,4.2,3
DRV7045,Advik Natarajan,+918101500396,MH4 CF 1358,Maruti Ertiga,4.6,15
DRV7046,Raghav Barad,8611675362,MH13 IL 2215,Hyundai Creta,4.8,13
DRV7047,Sara Lad,+912514279398,MH17 MA 5313,Toyota Innova,4.1,12
DRV7048,Inaya Lanka,07225950495,MH46 QF 1411,Honda City,3.8,6
DRV7049,Isha Raj,00689735494,MH36 DX 5927,Swift Dzire,3.6,2
DRV7050,Priya Mittal,07733527523,MH43 KQ 2280,Kia Seltos,4.8,7
DRV7051,Ranveer Buch,00479419319,MH1 DF 3814,Swift Dzire,3.7,2
DRV7052,Ucchal Loyal,+917527753780,MH21 CS 1546,Swift Dzire,3.7,18
DRV7053,Anita Shenoy,6574318146,MH42 AZ 7150,Honda City,4.2,13
DRV7054,Kashish Lanka,3786519304,MH28 WX 3142,WagonR,4.8,3
DRV7055,Caleb Ray,+916567935665,MH18 YT 9243,Swift Dzire,4.0,4
DRV7056,Falak Dani,+919094593152,MH24 IO 4720,WagonR,4.9,12
DRV7057,Forum Ramanathan,+919768790603,MH32 SQ 7803,Hyundai Creta,4.6,4
DRV7058,Logan Grewal,0031246178,MH2 HY 4661,Tata Nexon,4.6,4
DRV7059,Urmi Sridhar,03956841962,MH27 FX 6815,Tata Nexon,4.0,1
DRV7060,Mitali Vohra,+910387775882,MH48 ZY 9048,Maruti Ertiga,4.0,8
DRV7061,Oscar Prakash,06005055293,MH34 OB 6391,Hyundai i20,4.7,9
DRV7062,Dayita Tripathi,+913092049027,MH22 XW 5449,WagonR,3.6,6
DRV7063,Jeremiah Wadhwa,3880594923,MH3 AM 9611,Hyundai i20,3.7,18
DRV7064,Sanya Rastogi,+914847628811,MH47 IJ 1318,Honda City,3.7,14
DRV7065,Frado Murty,06665854971,MH13 JL 4900,Maruti Ertiga,3.6,10
DRV7066,Balhaar Nigam,+919216282437,MH32 DW 8509,Toyota Innova,3.8,10
DRV7067,Jai Sheth,+912495373298,MH30 TZ 1964,Kia Seltos,3.6,14
DRV7068,Dhriti Khanna,+917051426438,MH48 UJ 9887,Maruti Ertiga,4.6,20
DRV7069,Eiravati Swaminathan,08542516767,MH19 ZL 0101,Hyundai Creta,4.2,17
DRV7070,Irya Nori,5605018396,MH34 AA 2015,Mahindra XUV700,5.0,10
DRV7071,Tristan Gola,6876169194,MH42 VK 3793,Toyota Innova,4.0,2
DRV7072,Rayaan Batra,+911940124993,MH10 PZ 3224,Mahindra XUV700,4.2,11
DRV7073,Sarthak Mukherjee,7147570537,MH44 IM 4484,Swift Dzire,4.2,5
DRV7074,Charles Sood,06208486736,MH47 IG 8885,Hyundai Creta,4.3,6
DRV7075,Arin Date,05288911561,MH9 KM 0064,Hyundai i20,3.9,15
DRV7076,Ronith Chopra,7122750967,MH48 XR 9585,Hyundai i20,3.5,13
DRV7077,Idika Nagarajan,+916928603977,MH11 GS 7526,Maruti Ertiga,4.1,16
DRV7078,Xiti Dyal,+916383271245,MH36 DX 5927,Hyundai Creta,4.6,15
DRV7079,Wishi Sem,+912482751007,MH5 GC 2154,Hyundai Creta,3.6,13
DRV7080,Orinder Tella,+914304047537,MH49 MK 4835,Maruti Ertiga,4.4,2
DRV7081,Naveen Ramaswamy,05979656734,MH36 UV 6309,Kia Seltos,4.9,4
DRV7082,Utkarsh Ramachandran,0443190455,MH10 NG 5795,Toyota Innova,4.2,1
DRV7083,Hema Guha,1475633077,MH36 KT 5207,Toyota Innova,4.1,2
DRV7084,Chaaya Lal,+916717177656,MH41 PC 4598,Hyundai i20,4.7,8
DRV7085,Onveer Dube,06332645216,MH5 PX 9384,Tata Nexon,4.5,4
DRV7086,Dev Bajaj,02495532571,MH10 BU 4142,WagonR,3.8,19
DRV7087,Vivaan Tata,+912266342721,MH15 GR 0862,Tata Nexon,3.6,4
DRV7088,Samaksh Madan,04369920821,MH3 UF 7186,Hyundai i20,4.1,10
DRV7089,Sanaya Pant,06615579784,MH29 TT 2031,Hyundai Creta,4.0,18
DRV7090,Lekha Ratta,1922325624,MH43 YZ 8368,Hyundai i20,4.9,8
DRV7091,Leela Tailor,+919462450689,MH9 ZS 1671,Honda City,4.0,2
DRV7092,Frado Dixit,+915384087889,MH10 JY 0403,Swift Dzire,4.8,11
DRV7093,Kamala Tata,7709972335,MH40 TT 0929,Maruti Ertiga,4.8,1
DRV7094,Krish Barad,03360807471,MH40 IR 8060,Kia Seltos,3.8,10
DRV7095,Neel Thakkar,08740125769,MH34 UK 2376,Tata Nexon,4.0,11
DRV7096,Urvashi Sandhu,+913950191071,MH13 NQ 3542,Maruti Ertiga,3.7,16
DRV7097,Lohit Purohit,6801782157,MH20 WR 5029,Hyundai Creta,4.6,8
DRV7098,Janani Sankaran,+915847200554,MH29 NS 4126,Mahindra XUV700,4.7,1
DRV7099,Nitesh Balakrishnan,08256328446,MH40 LU 1414,Tata Nexon,4.9,12
DRV7100,Mohammed Loke,1647748392,MH50 PF 9996,Hyundai Creta,4.5,5
DRV7101,Harish Menon,04537539887,MH21 FB 2216,Honda City,4.1,6
DRV7102,Yoshita Chander,+919321167424,MH28 DA 1117,Toyota Innova,4.8,7
DRV7103,Bhavani Pal,06864895031,MH5 ZM 6418,Mahindra XUV700,3.9,11
DRV7104,Manthan Roy,07142055619,MH2 GM 6472,Hyundai Creta,3.6,8
DRV7105,Ubika Randhawa,08748559667,MH40 EL 5501,Honda City,3.9,9
DRV7106,Balendra Nayar,+916226726271,MH45 ZF 4625,Maruti Ertiga,4.7,13
DRV7107,Ekta Mangal,0392487108,MH21 IV 5176,Toyota Innova,3.8,13
DRV7108,Praneel Sood,+916661039311,MH2 VK 4348,Hyundai Creta,4.8,2
DRV7109,Tanveer Krish,+916573084175,MH13 IW 3229,Hyundai Creta,4.5,15
DRV7110,Kiaan Puri,+914308871572,MH46 GK 9622,WagonR,4.5,18
DRV7111,Nathan Kapadia,03864317986,MH19 KQ 7049,Hyundai Creta,4.5,20
DRV7112,Samuel Ratti,+916520683387,MH7 IB 0483,Toyota Innova,3.8,3
DRV7113,Peter Golla,08389623824,MH17 DW 2089,WagonR,3.7,5
DRV7114,Ranbir Aggarwal,8814899074,MH13 WN 9134,Mahindra XUV700,4.6,8
DRV7115,Owen Lanka,2910101699,MH11 OM 3401,Hyundai Creta,4.7,13
DRV7116,Owen Shukla,+919837206169,MH30 FX 9521,Maruti Ertiga,4.9,3
DRV7117,Indali Sastry,+912617270043,MH38 BW 9560,Kia Seltos,4.7,1
DRV7118,Yashodhara Sandhu,+910059423710,MH27 XB 9261,WagonR,4.8,9
DRV7119,Anya Kala,03520513243,MH24 XU 7674,Kia Seltos,4.3,18
DRV7120,Nicholas Aurora,08506301359,MH8 TT 6567,Toyota Innova,5.0,7
DRV7121,Lajita Hora,+915855987342,MH35 MT 1867,Kia Seltos,3.5,12
DRV7122,Vasana Grover,9915689193,MH21 AC 8124,Swift Dzire,3.7,19
DRV7123,Samar Borah,3143300367,MH24 DN 0549,Hyundai Creta,4.1,3
DRV7124,Shravya Sarin,04547222208,MH2 KF 0664,Honda City,4.3,20
DRV7125,Xalak Misra,2779852255,MH15 DH 3353,Kia Seltos,3.7,19
DRV7126,Mohini Saha,2542904696,MH23 ZB 3390,Honda City,4.4,19
DRV7127,Meera Garde,06025780244,MH45 ZR 8544,Hyundai i20,4.6,10
DRV7128,Jhalak Raman,0040979475,MH46 PE 5400,Maruti Ertiga,4.6,14
DRV7129,Divya Bava,0110924213,MH39 KC 6169,Maruti Ertiga,4.5,19
DRV7130,Zinal Nayar,+915597987044,MH48 CN 7463,Swift Dzire,4.0,18
DRV7131,Arya Ganesh,08506077132,MH4 JT 1533,WagonR,4.9,20
DRV7132,Ishanvi Cherian,06357869422,MH8 IX 1055,Mahindra XUV700,4.3,6
DRV7133,Avni Aurora,+912431909725,MH41 VN 7638,Kia Seltos,4.7,4
DRV7134,Jackson Taneja,07332863654,MH25 QC 6296,Mahindra XUV700,4.7,10
DRV7135,Lajita Seshadri,04834187995,MH36 HH 1630,Swift Dzire,4.9,2
DRV7136,Rayaan Jha,05261118172,MH36 QY 3762,Toyota Innova,4.5,15
DRV7137,Avni Raman,03836693641,MH43 VK 7717,Hyundai i20,3.7,15
DRV7138,Hemal Gade,7356088117,MH5 JV 4707,Hyundai i20,3.8,1
DRV7139,Aadi Ben,08718321175,MH46 TQ 9349,Toyota Innova,4.7,2
DRV7140,Hema Bala,7430543526,MH31 OM 7165,Maruti Ertiga,4.9,16
DRV7141,Eshana Thakur,+916969220563,MH14 UQ 4985,Swift Dzire,5.0,16
DRV7142,Jasmit Bora,+916020150059,MH12 AD 5445,Swift Dzire,4.7,12
DRV7143,Wriddhish Sami,+919245552435,MH7 SF 2992,Swift Dzire,4.7,12
DRV7144,Vrishti Sarma,4414045485,MH23 QC 9135,Toyota Innova,5.0,11
DRV7145,Faqid Sen,+910611023631,MH43 ME 9557,Tata Nexon,4.9,17
DRV7146,Radha Chawla,04778497245,MH37 MD 8037,Kia Seltos,4.0,1
DRV7147,Madhavi Saraf,06605582035,MH8 CA 9623,WagonR,4.6,9
DRV7148,Laban Srinivasan,01484997482,MH26 HQ 5812,Toyota Innova,3.9,12
DRV7149,Vincent Krishnamurthy,+911801776942,MH15 WY 4323,WagonR,3.9,11
DRV7150,Tristan Bora,+912449189583,MH49 CP 9598,Honda City,3.6,15
DRV7151,Advay Krishna,+915578807356,MH12 WE 0625,Hyundai i20,4.8,5
DRV7152,Shaurya Ravel,+912600963573,MH7 UO 8139,Kia Seltos,4.7,12
DRV7153,Neel Bedi,3165808254,MH42 KY 0602,Honda City,4.6,10
DRV7154,Jasmit Hora,+914175636434,MH41 IO 4512,WagonR,5.0,2
DRV7155,Nitara Mutti,+911686561276,MH4 JZ 0729,Kia Seltos,4.2,9
DRV7156,Fariq Dada,+910707245359,MH9 ST 2255,Toyota Innova,3.8,4
DRV7157,Udarsh Wali,+912670723471,MH39 HD 2623,Mahindra XUV700,3.6,7
DRV7158,Urvi Chaudhuri,01208607415,MH49 OR 4641,Swift Dzire,4.7,13
DRV7159,Jagvi Sarin,+917772799067,MH31 ZT 1435,Swift Dzire,4.3,19
DRV7160,Ishani Vora,0100998813,MH49 IJ 5244,Kia Seltos,3.9,3
DRV7161,Warda Sachdev,4580693588,MH34 AW 0566,Hyundai Creta,4.2,7
DRV7162,Ganga Nanda,03733597380,MH29 TB 9679,Hyundai i20,3.9,19
DRV7163,Anita Bajwa,03775496158,MH7 ZI 1446,Hyundai Creta,4.8,19
DRV7164,Qadim Sharma,+910791591995,MH50 UA 5967,Swift Dzire,3.7,7
DRV7165,Umang Pradhan,+913764686671,MH13 CR 6459,Toyota Innova,4.6,3
DRV7166,Amara Garde,3771272041,MH40 IA 8302,Mahindra XUV700,4.6,10
DRV7167,Ekbal Bali,+911644088552,MH6 UL 1443,Toyota Innova,4.4,14
DRV7168,Hemangini Dyal,01873974789,MH38 IU 9956,Tata Nexon,4.9,19
DRV7169,Samar Ghose,7022527719,MH38 WF 5183,Honda City,3.9,4
DRV7170,Champak Bala,+915786598295,MH40 NY 2795,Kia Seltos,4.6,9
DRV7171,Shivansh Chahal,03607616429,MH24 BQ 9028,Tata Nexon,4.5,10
DRV7172,Pranav Bail,+911574464834,MH42 LS 0100,Mahindra XUV700,3.9,14
DRV7173,Wridesh D’Alia,8029316233,MH50 HY 4170,Honda City,3.5,14
DRV7174,Pavani Pingle,3451903103,MH25 EQ 1912,Swift Dzire,4.2,1
DRV7175,Jhalak Bhalla,06536310671,MH21 FT 8452,Tata Nexon,3.5,12
DRV7176,Ikshita Soman,01924776188,MH6 FR 2402,Toyota Innova,4.5,6
DRV7177,Kashvi Murthy,7288165621,MH29 UO 2861,Swift Dzire,4.4,17
DRV7178,Hemal Raja,+910978013114,MH47 QW 3008,WagonR,3.7,1
DRV7179,Urvashi Chada,08511882785,MH30 YO 2584,Maruti Ertiga,4.0,15
DRV7180,Gayathri Ramakrishnan,04468023305,MH48 ZH 6715,WagonR,3.6,2
DRV7181,Teerth Shere,09750071710,MH21 NQ 7061,Toyota Innova,4.6,1
DRV7182,Max Kaur,08910931369,MH17 ST 7157,Toyota Innova,4.5,9
DRV7183,Azad Mitter,06357399170,MH26 VV 3079,Maruti Ertiga,4.6,19
DRV7184,Yoshita Bajwa,+919578646764,MH15 VI 1318,Maruti Ertiga,4.7,1
DRV7185,Faris Parsa,+912229875692,MH28 TA 3928,Toyota Innova,4.8,2
DRV7186,Andrew Vohra,02536298062,MH10 NA 0123,Hyundai i20,3.8,10
DRV7187,Wakeeta Kari,00471248784,MH28 WR 4556,Hyundai i20,4.7,2
DRV7188,Bachittar Choudhry,2187612781,MH32 HA 3142,Toyota Innova,3.8,16
DRV7189,Ishanvi Dey,04865105526,MH32 AE 1902,Maruti Ertiga,4.0,14
DRV7190,Max Deshmukh,08222614373,MH8 UU 1496,Tata Nexon,5.0,17
DRV7191,Karan Swaminathan,4310745798,MH11 XN 4757,Honda City,4.7,6
DRV7192,Kritika Khatri,03526750138,MH39 MW 2402,WagonR,3.9,9
DRV7193,Aarav Sabharwal,+911514844953,MH6 CD 8695,Hyundai Creta,3.7,13
DRV7194,Orinder Reddy,03934599240,MH18 DU 9311,Kia Seltos,4.7,6
DRV7195,Dipta Chana,7988937554,MH39 LA 8659,WagonR,4.5,17
DRV7196,Eiravati Shanker,1145887317,MH22 GA 5993,Tata Nexon,3.5,6
DRV7197,Aayush Bhatia,+910194718529,MH7 HM 8030,Tata Nexon,5.0,4
DRV7198,Chameli Kale,+917507971879,MH28 FH 6115,Mahindra XUV700,4.2,8
DRV7199,Ekavir Mammen,03922214811,MH22 OR 2230,Hyundai i20,4.0,17
DRV7200,Hardik Bobal,1216516789,MH46 CE 3146,Maruti Ertiga,4.1,9
DRV7201,Neel Tripathi,07797891988,MH15 BW 0178,Honda City,4.8,19
DRV7202,Yatin Behl,+911530000192,MH33 EM 4430,Maruti Ertiga,4.3,10
DRV7203,Max Ganguly,+919921780369,MH8 JU 5405,Toyota Innova,4.1,17
DRV7204,Ekta Bansal,5580143232,MH16 QA 9476,Mahindra XUV700,4.0,2
DRV7205,Jasmit Kalla,5937939941,MH6 YV 5339,Tata Nexon,3.9,8
DRV7206,Dayita Lad,+912338587361,MH10 SM 8807,Hyundai i20,5.0,17
DRV7207,Jason Ray,6789515832,MH44 KE 1212,Hyundai Creta,3.6,16
DRV7208,Forum Nayar,0057212395,MH1 WO 2100,Maruti Ertiga,4.5,15
DRV7209,Hiral Suresh,+913674935947,MH6 BS 5742,Toyota Innova,4.7,4
DRV7210,Mason Thaker,7248814634,MH1 JM 7867,Kia Seltos,4.4,15
DRV7211,Saanvi Warrior,+918733093614,MH35 TO 6361,Tata Nexon,4.6,17
DRV7212,Vihaan Saraf,2864067034,MH4 FE 5974,Toyota Innova,4.8,3
DRV7213,Jalsa Sandal,8701109970,MH19 WD 8601,Hyundai i20,4.9,2
DRV7214,Raagini Rana,+916739160384,MH39 PM 8940,Maruti Ertiga,4.7,9
DRV7215,Warhi Khatri,5726220125,MH6 GG 6635,WagonR,3.8,8
DRV7216,Kavya Jha,+913275441087,MH14 RR 6453,Tata Nexon,3.5,7
DRV7217,Aayush Dutt,+911870616976,MH30 DB 9226,Hyundai Creta,3.6,14
DRV7218,Ishanvi Mukhopadhyay,08557392774,MH47 NN 2532,Hyundai Creta,3.9,4
DRV7219,Triya Varma,7942278293,MH12 TB 3258,Honda City,3.9,12
DRV7220,Omkaar Ramaswamy,8752139100,MH25 PK 7889,Tata Nexon,4.1,14
DRV7221,Agastya Dutt,04020113685,MH46 DU 8501,Toyota Innova,4.5,16
DRV7222,Anamika Som,+912357706141,MH11 BL 2228,Hyundai Creta,4.5,14
DRV7223,Anirudh Koshy,2039758561,MH39 PM 8940,Hyundai Creta,4.9,5
DRV7224,Varenya Gill,2178107593,MH33 DR 6731,Tata Nexon,3.7,15
DRV7225,Jacob Garg,6525262673,MH31 UE 7307,WagonR,3.6,5
DRV7226,Urmi Patel,+916128631548,MH37 IU 9814,Hyundai Creta,3.9,7
DRV7227,Devansh Mand,01650001305,MH42 AX 2351,Honda City,4.0,5
DRV7228,Indrajit Ahluwalia,3983355857,MH28 KX 6776,Kia Seltos,4.6,20
DRV7229,Unnati Parikh,09701264638,MH35 MW 6235,Hyundai i20,3.6,11
DRV7230,Fitan Sarraf,+918902056321,MH20 GK 6012,Honda City,3.9,5
DRV7231,Ranveer Padmanabhan,0825037391,MH37 SA 9177,Maruti Ertiga,4.9,3
DRV7232,Rachit Andra,09177705867,MH29 ES 3499,Tata Nexon,4.2,18
DRV7233,Ekta Sami,07514390620,MH29 QY 7258,Hyundai i20,4.8,12
DRV7234,Charles Rastogi,8437427756,MH48 XH 1801,Swift Dzire,3.8,12
DRV7235,Widisha Lad,+916044049875,MH48 DH 7844,Toyota Innova,4.2,9
DRV7236,Caleb Saran,+918435900110,MH19 IC 6138,Swift Dzire,4.1,1
DRV7237,Manbir Samra,00068910772,MH45 IW 7984,Maruti Ertiga,4.9,17
DRV7238,Vedant Jhaveri,05901906397,MH7 PY 3266,Kia Seltos,4.2,11
DRV7239,Prisha Mammen,07051473106,MH44 ZF 1899,Swift Dzire,4.8,15
DRV7240,Ojas Sha,3319858965,MH22 VA 2618,Toyota Innova,4.5,12
DRV7241,Yashica Thakur,+912852235817,MH50 GW 2277,Maruti Ertiga,3.7,9
DRV7242,Pratyush Bhatti,00244833149,MH23 GS 7961,Toyota Innova,3.7,11
DRV7243,Abdul Sarin,+916019481631,MH42 RC 9764,Hyundai Creta,5.0,15
DRV7244,Ekaja Lata,6894318432,MH15 GR 0862,Maruti Ertiga,3.6,3
DRV7245,Turvi Sharaf,+913573187067,MH24 VG 0219,Hyundai i20,4.2,5
DRV7246,Samar Contractor,+913195488545,MH48 VI 7355,Maruti Ertiga,4.5,13
DRV7247,Manbir Kata,03404966495,MH33 VQ 8297,Kia Seltos,3.8,18
DRV7248,Zayyan Boase,3646242450,MH49 NL 5930,Kia Seltos,3.8,12
DRV7249,Baghyawati Batra,08414402365,MH33 BJ 8546,WagonR,4.6,18
DRV7250,Matthew Sehgal,3103497415,MH45 UA 7510,Tata Nexon,3.8,14
DRV7251,Tripti Khosla,+911107919173,MH13 GY 7893,Maruti Ertiga,4.1,13
DRV7252,Chaman Bhakta,2960967237,MH36 AC 5540,Kia Seltos,4.5,14
DRV7253,Dayamai Panchal,4858422162,MH20 UH 9778,Hyundai Creta,4.9,20
DRV7254,Warda Dugar,2256080760,MH1 KQ 4714,Mahindra XUV700,3.6,20
DRV7255,Robert Kata,04231980255,MH31 GD 0736,Hyundai Creta,4.9,15
DRV7256,Vasatika Banik,+919686252333,MH4 GC 6473,Swift Dzire,4.8,3
DRV7257,Radha Khalsa,3132403568,MH6 HW 4038,Hyundai i20,5.0,2
DRV7258,Falan Sood,1635097409,MH42 YT 6665,Mahindra XUV700,4.8,10
DRV7259,Gavin Bumb,+916297013828,MH10 LL 2234,Kia Seltos,4.6,9
DRV7260,Ganga Master,9389670085,MH19 CR 8690,Honda City,4.2,18
DRV7261,Rohan Borde,9725131628,MH45 KP 2479,WagonR,3.6,6
DRV7262,Widisha Deshpande,+917910532849,MH19 YG 8584,Swift Dzire,3.8,1
DRV7263,Dayamai Mander,+919732815761,MH13 EK 1006,Toyota Innova,4.4,14
DRV7264,Chaitanya Chowdhury,04095690836,MH50 CP 4425,Maruti Ertiga,4.3,7
DRV7265,Praneel Vohra,08743058492,MH16 TY 5537,Honda City,4.1,16
DRV7266,Praneel Kar,+913806008982,MH22 CI 9907,Swift Dzire,4.3,17
DRV7267,Yachana Shukla,+916509698180,MH18 WB 8950,Toyota Innova,4.9,5
DRV7268,Daksh Nayar,03696920455,MH36 NW 5752,Swift Dzire,4.4,9
DRV7269,Alka Palla,05141107172,MH26 VG 7494,Maruti Ertiga,4.1,7
DRV7270,Jacob Rajan,+914072059056,MH16 LW 9800,Hyundai i20,4.7,14
DRV7271,Vasana Khanna,+916128976026,MH37 FY 3258,Honda City,4.5,8
DRV7272,Chasmum Borde,03406046303,MH6 CE 6882,Toyota Innova,3.7,17
DRV7273,Bhavya Rajan,0036843527,MH46 UH 0973,Tata Nexon,5.0,20
DRV7274,Warda Khatri,06414051976,MH35 EK 1770,Tata Nexon,3.7,6
DRV7275,Tanveer Narang,+910381793416,MH9 DU 0904,Tata Nexon,4.4,18
DRV7276,Urmi Soman,7255544851,MH14 OY 9501,Hyundai Creta,4.4,14
DRV7277,Yahvi Tank,6655189268,MH19 NB 9629,WagonR,4.6,1
DRV7278,Triya Nagar,+919094461250,MH43 CY 5090,Maruti Ertiga,4.3,1
DRV7279,Hiral Balan,07860588212,MH3 RR 2125,Kia Seltos,4.2,5
DRV7280,Kala Devi,5451192445,MH21 YM 8412,Mahindra XUV700,4.4,12
DRV7281,Saumya Saha,+914672236397,MH17 DN 1617,WagonR,4.8,10
DRV7282,Samuel Nair,07699360283,MH17 OS 2519,Toyota Innova,3.6,8
DRV7283,Teerth Deo,+911699983702,MH44 EP 0957,Honda City,4.5,7
DRV7284,Raksha Reddy,03859109690,MH7 EZ 3598,Kia Seltos,4.5,5
DRV7285,Neelima Bhagat,8466470446,MH40 VP 6544,Hyundai Creta,4.8,19
DRV7286,Yug Mandal,3988062058,MH23 OR 6027,Hyundai i20,4.4,7
DRV7287,Gaurangi Nagi,+914091856387,MH35 IP 1279,Tata Nexon,3.5,11
DRV7288,Triveni Din,+913051857758,MH27 QF 1793,Kia Seltos,3.7,14
DRV7289,Hitesh Swamy,02295279065,MH3 SE 9147,Kia Seltos,3.9,11
DRV7290,Indrajit Bir,1371400127,MH18 KB 6022,Honda City,3.6,19
DRV7291,Christopher Ratta,+910180491829,MH6 HE 0391,Kia Seltos,4.2,19
DRV7292,Bhavya Contractor,5172464312,MH10 DT 7112,Hyundai i20,4.3,7
DRV7293,Nakul Varma,+916282257820,MH27 DN 0212,Honda City,3.6,19
DRV7294,Umang Kara,7738313171,MH4 CF 1358,Toyota Innova,3.7,18
DRV7295,Manya Saraf,7255154341,MH29 BD 0119,Kia Seltos,4.4,8
DRV7296,Girindra Arya,1162481280,MH15 RX 3344,Mahindra XUV700,3.8,4
DRV7297,Ikshita Dara,09394197218,MH36 UO 5285,Swift Dzire,4.7,1
DRV7298,Dhriti Brar,1183153200,MH11 JQ 1865,Tata Nexon,3.7,20
DRV7299,Indrajit Rout,0182555070,MH24 XK 4239,Hyundai i20,4.2,15
DRV7300,Chameli Sethi,+914453556080,MH22 AD 6349,Swift Dzire,4.5,1
DRV7301,Tara Sawhney,07785772806,MH39 OO 4241,Maruti Ertiga,3.7,9
DRV7302,Isha Chad,+913233185325,MH19 GM 4159,Tata Nexon,4.4,15
DRV7303,Amol Bhatti,7457240305,MH39 RQ 4389,Toyota Innova,3.7,2
DRV7304,Azaan Seshadri,4491937939,MH43 GN 0994,Tata Nexon,4.6,15
DRV7305,Dayamai Dalal,+914097776876,MH9 IM 9611,Swift Dzire,4.4,5
DRV7306,Warda Luthra,+910387914149,MH9 FR 6030,Tata Nexon,4.4,14
DRV7307,Manbir Ghosh,+914899612646,MH29 KL 0625,Hyundai Creta,4.5,18
DRV7308,Ekani Sen,6617580217,MH18 IY 8583,Honda City,3.5,9
DRV7309,Yamini Bedi,5398499125,MH47 SC 2871,Mahindra XUV700,3.8,11
DRV7310,William Aggarwal,+912078574989,MH3 RW 6080,WagonR,4.4,3
DRV7311,Udyati Choudhry,00558532719,MH16 IA 0255,Toyota Innova,4.8,16
DRV7312,Bhavika Gopal,09601544361,MH17 NS 7616,Mahindra XUV700,4.7,2
DRV7313,Barkha Loke,05224515008,MH8 PV 9821,Mahindra XUV700,3.9,16
DRV7314,Riya Kala,+918046829452,MH34 LG 1222,Honda City,4.6,2
DRV7315,Vyanjana Bal,+913397700565,MH18 EC 9360,Honda City,4.5,19
DRV7316,Yashvi Lal,6972645784,MH43 NY 5301,Hyundai Creta,3.8,19
DRV7317,Aarnav Buch,3877971530,MH20 KC 7563,WagonR,4.3,9
DRV7318,Meghana Arya,+917958950706,MH13 MN 7474,Kia Seltos,4.8,16
DRV7319,Gunbir Ramachandran,06805990592,MH5 PG 6320,Hyundai Creta,4.6,19
DRV7320,Tamanna Soni,2709382495,MH27 OV 5454,Hyundai Creta,3.8,15
DRV7321,Watika Saraf,+917327578914,MH20 GK 6012,Mahindra XUV700,4.9,2
DRV7322,Ayushman Kar,7411133186,MH26 KU 1739,Swift Dzire,4.1,18
DRV7323,Upma Dasgupta,8891998991,MH15 HF 3486,Honda City,4.2,13
DRV7324,Ira Ganguly,+912030487556,MH29 SW 8139,Maruti Ertiga,4.5,9
DRV7325,Dalbir Dugal,+910499457169,MH50 IE 1528,Swift Dzire,4.7,4
DRV7326,Anirudh Oza,+911093386570,MH49 OW 8362,Mahindra XUV700,4.5,18
DRV7327,Yuvraj Maharaj,7618240293,MH10 HA 4887,WagonR,4.2,14
DRV7328,Kai Setty,+915242442000,MH6 PL 2396,Tata Nexon,3.5,12
DRV7329,Jeremiah Bhatt,+918669019324,MH26 OW 2639,Tata Nexon,4.6,6
DRV7330,Lopa Nori,09308934822,MH20 ZK 6123,Hyundai Creta,4.9,6
DRV7331,Anirudh Choudhury,+910632363391,MH48 EK 1769,Tata Nexon,4.3,16
DRV7332,Eshana Batta,+915750643833,MH48 IC 1857,Hyundai Creta,4.3,15
DRV7333,Baljiwan Iyer,+914936238167,MH38 NK 9580,Swift Dzire,3.7,4
DRV7334,Nitesh Yadav,+912139696521,MH46 PX 1656,WagonR,5.0,8
DRV7335,Kabir Deo,01258924225,MH30 SS 5047,Mahindra XUV700,3.7,3
DRV7336,Robert Krishnan,07964207119,MH39 FM 2970,Tata Nexon,4.4,15
DRV7337,Urvi Magar,00976985606,MH12 II 9155,WagonR,4.6,13
DRV7338,William Bajaj,05382772712,MH28 ZA 0208,WagonR,3.5,4
DRV7339,Aahana Naidu,8770280449,MH6 OE 9782,Hyundai Creta,4.7,15
DRV7340,Ekbal Vyas,+910679289434,MH21 FC 5199,Kia Seltos,4.8,12
DRV7341,Falguni Kaur,04847474644,MH28 CT 4654,Mahindra XUV700,4.7,9
DRV7342,Jairaj Gopal,+916277148191,MH42 MK 2455,Mahindra XUV700,3.6,13
DRV7343,Jagat Pai,5458574376,MH18 FV 1080,WagonR,4.1,4
DRV7344,Anjali Rattan,08101258414,MH48 SE 5674,Maruti Ertiga,3.5,14
DRV7345,Tarak Parmer,4826189064,MH2 KG 3168,Tata Nexon,4.9,7
DRV7346,Aashi Dugar,8349797036,MH32 US 5796,Swift Dzire,4.6,2
DRV7347,Rachana Apte,+913958126580,MH28 LV 4780,WagonR,4.1,8
DRV7348,Simon Hayer,04090223769,MH26 II 4642,WagonR,4.2,20
DRV7349,Widisha Bhargava,+918655505618,MH15 GM 0918,Kia Seltos,4.8,12
DRV7350,Lajita Iyengar,+910849749919,MH48 YD 0539,Mahindra XUV700,4.4,3
DRV7351,Vedant Chaudhuri,01758361536,MH32 SM 7761,Kia Seltos,4.6,6
DRV7352,Vivaan Borde,03670931350,MH31 VY 8865,WagonR,3.9,17
DRV7353,Faras Kulkarni,+919649536397,MH48 ZX 0765,Toyota Innova,4.3,14
DRV7354,Chandani Desai,2679638144,MH20 TE 1883,Swift Dzire,4.6,13
DRV7355,Aryan Karnik,+913534946646,MH41 BY 9642,Mahindra XUV700,3.6,12
DRV7356,Krishna Rege,8970151578,MH32 TO 5197,Tata Nexon,4.4,3
DRV7357,Adya Gala,+911285888322,MH11 AA 6031,Honda City,4.7,4
DRV7358,Christopher Sami,6470202148,MH28 NG 0999,Tata Nexon,4.4,5
DRV7359,Mason Dora,4494710130,MH20 HX 9391,Toyota Innova,4.1,6
DRV7360,Udarsh Raj,05328618934,MH18 LI 4515,Swift Dzire,4.9,10
DRV7361,Simon Kunda,04399155280,MH45 FE 9965,Toyota Innova,4.9,15
DRV7362,Osha Konda,+910995565895,MH44 IR 5984,Honda City,4.0,13
DRV7363,Azaan Chopra,7516625857,MH48 IF 9560,Hyundai i20,3.9,2
DRV7364,Hiral Yogi,07283736968,MH5 WM 4862,Maruti Ertiga,4.2,13
DRV7365,Ethan Bhardwaj,09616964245,MH1 VU 2237,Kia Seltos,4.4,14
DRV7366,Samarth Khanna,+912713660831,MH9 GF 3231,Toyota Innova,3.5,14
DRV7367,Megha Nazareth,+915161036527,MH24 QV 9817,WagonR,4.0,3
DRV7368,Balhaar Mannan,02402531927,MH19 GR 8188,Swift Dzire,3.9,5
DRV7369,Advika Khanna,+915301027901,MH29 CZ 8695,Toyota Innova,4.7,13
DRV7370,Robert Morar,+915951168548,MH6 NA 0252,Tata Nexon,4.8,8
DRV7371,Hemani Ratta,+918905253691,MH20 WP 1425,Kia Seltos,3.8,2
DRV7372,Yashasvi Ben,+916603436390,MH28 BV 9209,Hyundai i20,3.7,10
DRV7373,Qarin Behl,+911345536579,MH37 II 8780,Maruti Ertiga,4.4,3
DRV7374,Ayush Babu,+910668120745,MH44 BQ 7576,Hyundai i20,4.9,6
DRV7375,Chakrika Cherian,+917584283367,MH18 KG 3692,Kia Seltos,3.7,17
DRV7376,Januja Patil,00841155013,MH38 VB 4793,Swift Dzire,3.7,19
DRV7377,Atharv Dara,3027993123,MH2 VG 4637,WagonR,3.8,15
DRV7378,Yoshita Sarma,2239423175,MH33 DR 6731,Toyota Innova,3.7,2
DRV7379,Sudiksha Narula,+912776440303,MH38 CW 5871,Maruti Ertiga,3.8,11
DRV7380,Bhavika Jayaraman,5473982269,MH1 CR 8066,Honda City,3.9,9
DRV7381,Aarini Nath,4959819903,MH32 QX 5781,Toyota Innova,3.7,15
DRV7382,Maanas Nagar,09953881128,MH10 HS 5746,Hyundai Creta,4.8,1
DRV7383,Rachita Walia,08326943829,MH31 GA 7062,Kia Seltos,5.0,12
DRV7384,Rajeshri Brahmbhatt,5189661523,MH40 UI 9296,Honda City,4.8,6
DRV7385,Bakhshi Das,+913200555309,MH20 XT 8549,Maruti Ertiga,4.5,5
DRV7386,Gayathri Sur,+918073325333,MH21 CH 1777,Kia Seltos,3.6,15
DRV7387,Anirudh Mody,+913172311565,MH27 NW 5448,Mahindra XUV700,3.8,14
DRV7388,Wridesh Sarna,06813774081,MH14 MN 1944,WagonR,3.5,6
DRV7389,Faraj Mane,8776879868,MH39 NL 7225,WagonR,4.8,1
DRV7390,Vaishnavi Mannan,05885656417,MH34 TI 0612,Toyota Innova,4.8,5
DRV7391,Reyansh Sethi,5328073707,MH43 LV 0726,Kia Seltos,4.7,12
DRV7392,Neha Agate,07444515880,MH10 GE 6153,Mahindra XUV700,3.7,15
DRV7393,Ridhi Ranganathan,+918375828103,MH21 HH 7931,Toyota Innova,3.8,5
DRV7394,Neelima Lad,06327419084,MH10 TV 2315,Hyundai Creta,4.3,10
DRV7395,Gunbir Oza,+910486052238,MH46 JB 8630,WagonR,3.9,19
DRV7396,Wridesh Yohannan,07197695796,MH15 TY 9238,WagonR,3.8,12
DRV7397,Falak Pathak,5195390693,MH31 QN 9653,Hyundai Creta,4.0,20
DRV7398,Daksha Cheema,+918954646320,MH25 UG 2212,Kia Seltos,4.2,8
DRV7399,Zehaan Boase,+914857804692,MH3 HJ 9649,Tata Nexon,3.9,2
DRV7400,Anika Jani,+917139295193,MH49 TF 1552,Hyundai Creta,4.4,16
DRV7401,Tristan Bhagat,04357127636,MH3 DW 0307,WagonR,3.6,13
DRV7402,Gunbir Hayer,+917599946215,MH15 BQ 6762,Kia Seltos,4.6,10
DRV7403,Kamala Bahl,8326172173,MH14 FR 0357,Hyundai i20,4.7,15
DRV7404,Maya Parikh,9251399310,MH18 GI 9599,Tata Nexon,3.7,2
DRV7405,Ekantika Sanghvi,+917080161514,MH20 LD 2178,Maruti Ertiga,3.7,6
DRV7406,Simon Sankar,7612451624,MH17 OR 7092,Honda City,5.0,4
DRV7407,Gavin Srivastava,+912210997733,MH31 PK 8163,Tata Nexon,4.3,16
DRV7408,Kevin Savant,+914338146682,MH48 RD 8869,Maruti Ertiga,4.8,4
DRV7409,Yamini Chander,+912274713578,MH20 SB 0091,Hyundai i20,3.9,6
DRV7410,Sara Gour,+914139602411,MH6 TO 7838,Honda City,3.6,13
DRV7411,Amruta Memon,+911675656951,MH7 IL 4419,Tata Nexon,4.9,20
DRV7412,Maya Ganguly,+913378733352,MH25 IC 4152,Mahindra XUV700,4.2,16
DRV7413,Jyoti Maharaj,09265714682,MH25 YT 4690,Maruti Ertiga,3.7,11
DRV7414,Panini Ratti,02952779585,MH39 TS 7239,WagonR,4.6,16
DRV7415,Rishi Koshy,+913754993542,MH16 FQ 5633,Maruti Ertiga,3.7,4
DRV7416,Aadi Kapoor,8879150404,MH38 PT 1789,Maruti Ertiga,4.2,7
DRV7417,Ubika Murthy,+912149494224,MH21 AS 1339,Tata Nexon,3.6,1
DRV7418,Reyansh Prasad,07873782045,MH37 WG 1892,Tata Nexon,4.2,4
DRV7419,Ekapad Dora,+914448622037,MH49 XJ 9098,Maruti Ertiga,3.8,10
DRV7420,Brinda Mitter,09950675061,MH1 CN 7393,Kia Seltos,3.9,19
DRV7421,Ijaya Ghosh,04120199289,MH3 DP 6374,Toyota Innova,3.5,2
DRV7422,Aarnav Hans,9780290219,MH25 VF 3858,Kia Seltos,4.1,7
DRV7423,Naveen Nazareth,+913307287642,MH21 HS 8227,Mahindra XUV700,4.7,11
DRV7424,Ojas Desai,09112639922,MH39 DS 6721,Maruti Ertiga,3.9,14
DRV7425,Darpan Mangat,3186160087,MH48 SI 8452,WagonR,3.7,16
DRV7426,Sai Bhatt,05417189193,MH39 HI 6004,Hyundai Creta,4.8,6
DRV7427,Imaran Memon,+916514113932,MH39 EE 2826,Mahindra XUV700,4.8,8
DRV7428,Chanchal Borde,2584429451,MH15 YD 3816,Tata Nexon,4.4,1
DRV7429,Amara Srivastava,+915077296035,MH2 BB 0469,Hyundai i20,4.7,3
DRV7430,Faris Trivedi,04146008658,MH27 CK 5071,WagonR,5.0,1
DRV7431,Unnati Venkataraman,08844499013,MH6 GG 6635,Maruti Ertiga,4.6,20
DRV7432,Charita Acharya,+912146812011,MH37 LQ 3620,Toyota Innova,3.7,8
DRV7433,Eesha Varghese,05878753446,MH32 AS 1841,Hyundai i20,4.8,10
DRV7434,Quincy Khatri,5807726032,MH7 XG 5422,Honda City,4.9,12
DRV7435,Vasana Trivedi,05901319841,MH49 VS 8705,WagonR,3.8,5
DRV7436,Aradhana Gokhale,07814064212,MH45 LI 4777,WagonR,4.9,16
DRV7437,Jonathan Chaudry,02441327089,MH4 NY 9066,Swift Dzire,4.8,13
DRV7438,Mitesh Soni,04945045511,MH10 FY 0026,Hyundai i20,3.5,15
DRV7439,Krish Chahal,00783305403,MH38 AQ 0948,Hyundai Creta,3.7,7
DRV7440,Janaki Guha,+918566526614,MH13 WN 9134,Swift Dzire,3.9,4
DRV7441,Ishaan Zachariah,09740023709,MH2 OP 3627,Honda City,4.7,17
DRV7442,Rehaan Khurana,2365876226,MH40 MC 7614,Toyota Innova,4.7,19
DRV7443,Pushti Balasubramanian,5438395720,MH34 UR 2420,WagonR,3.8,19
DRV7444,Vedhika Om,01227539435,MH44 AH 1240,Honda City,4.2,9
DRV7445,Utkarsh Singhal,+918333835132,MH19 LS 0294,Swift Dzire,4.1,16
DRV7446,Xiti Seth,+917510148290,MH6 MN 6928,Toyota Innova,4.4,20
DRV7447,Ekani Mander,6508481875,MH40 NH 9405,Kia Seltos,4.2,17
DRV7448,Zilmil Baral,06252106614,MH30 OP 6597,Tata Nexon,3.8,9
DRV7449,Wridesh Atwal,8684778040,MH2 UF 9442,Honda City,4.9,12
DRV7450,Hemani Nagi,01899407498,MH46 TQ 3667,Kia Seltos,3.5,16
DRV7451,Timothy Sarkar,+910764382639,MH49 XQ 0054,Mahindra XUV700,4.5,1
DRV7452,Lucky Bobal,+915765655977,MH2 AA 3783,Maruti Ertiga,4.2,6
DRV7453,Idika Seshadri,+916212463549,MH37 EX 5966,Hyundai i20,4.2,8
DRV7454,Fitan Singhal,6522208978,MH48 TG 1223,Toyota Innova,3.5,3
DRV7455,Riya Menon,+912853250656,MH50 FX 5806,Hyundai Creta,4.4,9
DRV7456,Jacob Bhat,5121485976,MH2 LV 7454,Toyota Innova,4.4,13
DRV7457,Vaishnavi Raman,5665633266,MH2 MJ 9372,Mahindra XUV700,4.1,19
DRV7458,Chaman Suresh,08361010754,MH47 SF 5887,Kia Seltos,3.7,16
DRV7459,Urvashi Lad,+919079565382,MH11 AA 6031,Tata Nexon,4.3,5
DRV7460,Tara Apte,+911861357896,MH24 NY 5982,Toyota Innova,4.8,16
DRV7461,Om Dani,7959370268,MH31 DL 4330,Tata Nexon,3.5,4
DRV7462,Azaan Bains,+916247660413,MH3 AD 3125,Toyota Innova,3.8,3
DRV7463,Gaurang Chana,+918202670874,MH17 DW 2089,Swift Dzire,4.7,18
DRV7464,Oviya Natt,08902087289,MH17 EQ 8532,Mahindra XUV700,4.4,13
DRV7465,Anjali Kant,2452539542,MH39 WC 6217,Honda City,4.3,4
DRV7466,Pavani Sachar,+919472144587,MH5 VJ 9090,WagonR,3.7,17
DRV7467,Tanay Chand,+918594629718,MH10 XD 1423,WagonR,3.6,12
DRV7468,Arin Date,+910814753627,MH27 LX 7247,Kia Seltos,4.4,15
DRV7469,Dalbir Mani,+916728019149,MH21 MH 2532,Maruti Ertiga,4.5,12
DRV7470,Baljiwan Sinha,09595769730,MH19 WJ 0888,Maruti Ertiga,4.5,10
DRV7471,Priya Chaudhuri,05680946544,MH33 DB 8150,Kia Seltos,4.4,18
DRV7472,Michael Arora,06376574195,MH1 IO 7216,Honda City,4.9,7
DRV7473,Kavya Ghosh,03108206901,MH21 FC 5199,Hyundai Creta,4.1,8
DRV7474,Hiral Chandran,+919580564142,MH30 FT 1594,Swift Dzire,3.6,11
DRV7475,Yashodhara Gera,+918394160318,MH30 OP 6597,Tata Nexon,4.7,14
DRV7476,Aarna Dara,02703562166,MH23 GH 0130,WagonR,4.5,11
DRV7477,Chaitanya Kulkarni,+911474768912,MH6 OO 3085,Honda City,4.0,7
DRV7478,Joshua Hora,02511363946,MH6 MN 6928,Hyundai i20,4.1,15
DRV7479,Nidhi Sachdev,+917335551624,MH9 OD 7555,Honda City,5.0,10
DRV7480,Devika Mody,02790662922,MH7 WF 8710,Hyundai i20,4.7,11
DRV7481,Nitara Jain,+912267803860,MH26 TL 0193,Toyota Innova,4.9,16
DRV7482,Sanaya Seth,02652520483,MH46 OK 8291,Toyota Innova,3.7,18
DRV7483,Turvi Bakshi,5428052654,MH28 TS 4648,Swift Dzire,4.4,11
DRV7484,Ijaya Nanda,+913273656359,MH22 LY 3403,Maruti Ertiga,4.3,18
DRV7485,Nikita Bera,04355396098,MH21 AS 1339,Hyundai i20,4.0,8
DRV7486,Ekanta Kant,+912446182356,MH5 CY 2324,Mahindra XUV700,4.8,2
DRV7487,Saanvi Chawla,06165084768,MH40 TM 4057,Swift Dzire,5.0,12
DRV7488,Dakshesh Bhattacharyya,03125692337,MH37 JY 4621,Mahindra XUV700,4.1,11
DRV7489,Atharv Hayre,01841469795,MH25 UE 1606,Honda City,3.7,6
DRV7490,Aachal Sani,06924009801,MH3 QI 9816,Tata Nexon,4.2,2
DRV7491,Hema Baral,06024536000,MH31 HG 2091,Toyota Innova,4.6,17
DRV7492,Faras Bandi,4521712243,MH50 YK 8639,Honda City,4.8,19
DRV7493,Lakshit Apte,5346999490,MH18 HV 9459,Tata Nexon,4.4,13
DRV7494,Ethan Sathe,6658745867,MH37 GN 6069,Kia Seltos,4.8,16
DRV7495,Advay Sura,8729188328,MH35 EI 3873,Hyundai Creta,3.8,12
DRV7496,Onveer Lad,03718969251,MH18 QO 2539,Hyundai i20,4.4,16
DRV7497,Kashish Parmar,+916855432367,MH38 TN 8918,Hyundai i20,4.5,11
DRV7498,Yug Goswami,5800981497,MH16 DB 2020,Hyundai i20,4.8,2
DRV7499,Udarsh Biswas,00967117389,MH40 TT 6470,Hyundai Creta,5.0,10
DRV7500,Gabriel Mody,8412965337,MH7 PO 2925,WagonR,4.6,1
DRV7501,Upma Vohra,+913891619518,MH34 OM 4686,Mahindra XUV700,4.6,6
DRV7502,Anirudh Banerjee,06493044652,MH35 JN 0281,Tata Nexon,4.0,19
DRV7503,Amara Jani,06757775144,MH27 VE 6604,Hyundai Creta,3.9,15
DRV7504,Nandini Baral,+913205752252,MH6 SZ 1527,Tata Nexon,4.9,16
DRV7505,Kiaan Bawa,+917769078492,MH17 GW 5586,Maruti Ertiga,3.7,14
DRV7506,Sai Randhawa,07837256695,MH49 ID 1812,WagonR,4.6,5
DRV7507,Wakeeta Mand,6496064630,MH6 GE 0994,WagonR,4.5,8
DRV7508,Chatresh Shan,9749071151,MH18 DM 4236,Kia Seltos,4.7,2
DRV7509,Ayushman Dara,+912682120222,MH48 AB 7898,Maruti Ertiga,4.1,16
DRV7510,Krisha Goel,1382031779,MH44 MM 8720,Mahindra XUV700,5.0,9
DRV7511,Vivaan Dayal,+916892297615,MH25 FU 8861,WagonR,4.0,18
DRV7512,Neel Dhar,+911395868348,MH1 DF 3814,Kia Seltos,3.6,20
DRV7513,Girindra Palan,+914693163236,MH3 AT 5278,Toyota Innova,4.1,14
DRV7514,Manya Suresh,+916528043745,MH44 HP 7821,Swift Dzire,4.5,2
DRV7515,Pratyush Bhargava,01592496848,MH18 TV 5856,Maruti Ertiga,3.5,9
DRV7516,Divya Kulkarni,2893218160,MH24 SV 3822,Hyundai i20,4.4,7
DRV7517,Matthew Batta,06154854459,MH2 KR 0430,Hyundai Creta,3.6,15
DRV7518,Janaki Konda,3889290881,MH12 FN 3265,Hyundai i20,4.5,7
DRV7519,Amara Yohannan,03893300889,MH33 PV 6074,WagonR,4.3,16
DRV7520,Yash Dhar,5523797508,MH32 BZ 7917,WagonR,5.0,6
DRV7521,Zayan Oak,+919590767810,MH24 TY 3111,Kia Seltos,4.9,12
DRV7522,Baghyawati Som,07147196808,MH50 ME 9848,Honda City,4.3,20
DRV7523,Nidra Yadav,5840726949,MH3 NH 9007,Swift Dzire,3.7,9
DRV7524,Abhimanyu Madan,6331888375,MH42 YV 4633,Kia Seltos,4.4,14
DRV7525,Gayathri Pillai,5642186445,MH6 BS 5042,Swift Dzire,3.7,16
DRV7526,Chandran Mittal,+911393151652,MH31 ZD 1101,WagonR,4.7,12
DRV7527,Varenya Shah,2010983119,MH25 VU 9086,Toyota Innova,4.9,15
DRV7528,Gayathri Dalal,03147992678,MH1 QL 2933,Kia Seltos,4.4,20
DRV7529,Naksh Chakraborty,00559349606,MH36 LZ 1261,Swift Dzire,4.8,7
DRV7530,Damini Barman,+919959386373,MH9 BX 3647,Hyundai i20,4.2,7
DRV7531,Tanveer Mallick,+915942335182,MH41 QK 7129,Mahindra XUV700,3.6,3
DRV7532,Yachana Gulati,09438384332,MH10 BZ 2773,Kia Seltos,4.1,20
DRV7533,Warhi Majumdar,01742993013,MH42 AZ 2051,Hyundai i20,4.0,6
DRV7534,Christopher Mohan,+914637035727,MH10 PU 9022,Toyota Innova,3.5,18
DRV7535,Wakeeta Khurana,8654268847,MH28 MA 6000,Hyundai i20,3.5,6
DRV7536,Tanish Rao,+919624619030,MH35 SV 2004,WagonR,4.4,15
DRV7537,Pooja Master,1696209287,MH37 LM 3896,Tata Nexon,4.7,8
DRV7538,Abhiram Handa,+912935027632,MH3 IB 8013,Maruti Ertiga,3.8,12
DRV7539,Qarin Jhaveri,02739506788,MH25 FD 8306,Hyundai i20,3.5,9
DRV7540,Sarthak Savant,1360409709,MH48 VF 6426,Maruti Ertiga,4.7,12
DRV7541,Harsh Radhakrishnan,8628936525,MH6 YI 5845,Hyundai i20,4.8,4
DRV7542,Rehaan Behl,01457593545,MH16 FF 2323,Tata Nexon,4.3,2
DRV7543,Frederick Gaba,5883233115,MH24 SW 2633,Honda City,4.1,7
DRV7544,Chakradhar Sha,4608233539,MH4 UV 1262,Hyundai i20,4.8,1
DRV7545,Ranveer Pant,+915269582822,MH7 EY 3526,Hyundai i20,4.7,13
DRV7546,Reva Nazareth,01144057512,MH37 LI 9483,Swift Dzire,5.0,11
DRV7547,Onkar Prashad,+916036897709,MH42 YQ 5012,Swift Dzire,4.9,18
DRV7548,Warjas Srinivas,4268039877,MH22 SR 5635,Kia Seltos,4.7,15
DRV7549,Dalbir Dua,04157569089,MH43 PQ 5212,Maruti Ertiga,4.1,1
DRV7550,Vamakshi Luthra,04125704602,MH50 UA 0991,Mahindra XUV700,4.0,14
DRV7551,Om Ganguly,+911167543855,MH17 XL 2127,Swift Dzire,3.5,20
DRV7552,Sathvik Hans,07389486251,MH41 JO 5721,Tata Nexon,3.6,14
DRV7553,Raagini Rau,3496039005,MH3 DU 6164,Swift Dzire,3.5,1
DRV7554,Warinder Kothari,+912938326501,MH7 LR 2088,Hyundai i20,4.0,2
DRV7555,Ayushman Krish,+915913803457,MH48 GJ 2948,Toyota Innova,4.1,7
DRV7556,Falan Bhatt,7434991395,MH33 QN 4877,Mahindra XUV700,4.6,11
DRV7557,Kiaan Nadkarni,02105676612,MH50 ZJ 1320,Hyundai i20,4.9,16
DRV7558,Reva Date,03969312346,MH41 PW 2214,Swift Dzire,4.4,18
DRV7559,William Swamy,3760162949,MH41 GI 1031,Tata Nexon,4.4,4
DRV7560,Ridhi Bobal,09727654037,MH36 DL 8223,Hyundai i20,3.7,3
DRV7561,Balendra Edwin,+912966512437,MH49 XN 0011,Swift Dzire,3.9,3
DRV7562,Vedika Wason,+917639886832,MH38 QS 5746,Mahindra XUV700,4.6,17
DRV7563,Janani Konda,+917100657434,MH43 PQ 5212,Maruti Ertiga,4.2,13
DRV7564,Chandran Nagy,7156216988,MH9 TK 1573,Hyundai Creta,4.4,9
DRV7565,Samuel Lalla,+914273768123,MH6 YD 5432,Hyundai Creta,4.0,5
DRV7566,Gunbir Garde,+910338084745,MH48 AT 5800,Hyundai i20,4.4,15
DRV7567,Yatan Ganesh,+913258286475,MH26 XL 1583,Kia Seltos,3.8,9
DRV7568,Urmi Johal,+911292595538,MH34 AC 0163,Toyota Innova,4.5,3
DRV7569,Bakhshi Suresh,01424690273,MH9 FP 4117,Swift Dzire,4.9,9
DRV7570,Champak Panchal,08864277705,MH47 IP 0114,Hyundai i20,4.0,7
DRV7571,Vrishti Srivastava,+916696769998,MH50 LT 9068,Kia Seltos,4.5,4
DRV7572,Shivansh Korpal,02479161169,MH11 YL 6991,Hyundai i20,3.8,7
DRV7573,Amara Narasimhan,8277537774,MH41 WJ 0520,Honda City,4.4,7
DRV7574,Dayamai Kota,1210825040,MH14 KY 1922,Swift Dzire,3.5,15
DRV7575,Vedhika Bobal,02057436044,MH20 ZY 3088,Hyundai Creta,4.5,16
DRV7576,Anya Shenoy,+911414154985,MH22 NN 4542,Swift Dzire,4.0,19
DRV7577,Praneel Dani,05112478392,MH15 ZL 4596,WagonR,3.8,18
DRV7578,Vidhi Barad,03547883009,MH31 CU 1614,Hyundai Creta,3.8,2
DRV7579,Hredhaan Sant,+912564961200,MH8 HN 5567,Toyota Innova,4.7,12
DRV7580,Ladli Sant,1697841627,MH15 HN 5157,Tata Nexon,4.3,7
DRV7581,Ekapad Pingle,02903659416,MH32 QQ 0878,Toyota Innova,3.9,6
DRV7582,Harsh Pal,05194104613,MH37 ST 7744,Honda City,3.6,2
DRV7583,Laban Soman,07963299350,MH36 OS 1719,WagonR,4.1,18
DRV7584,Dominic Singhal,5573276393,MH45 NU 4753,Maruti Ertiga,4.2,9
DRV7585,Chakradev Venkataraman,+917752358049,MH7 VY 4135,Maruti Ertiga,4.2,18
DRV7586,Varenya Deo,1738602952,MH10 RL 7341,Tata Nexon,4.9,13
DRV7587,Panini Gill,+912609177106,MH45 LA 6995,Hyundai Creta,4.6,3
DRV7588,Aarna Sodhi,+912840803027,MH20 EP 9789,Mahindra XUV700,5.0,12
DRV7589,Bahadurjit Pingle,+915804081599,MH15 PO 4615,Hyundai Creta,4.4,4
DRV7590,Eshana Lanka,+913034506636,MH33 ID 4717,Swift Dzire,3.8,18
DRV7591,Tanay Anand,+919515613503,MH1 KT 9947,Hyundai i20,3.9,1
DRV7592,Xavier Chaudhari,+914596072018,MH15 NZ 8950,Kia Seltos,4.5,6
DRV7593,Oliver Bhatt,3451464592,MH5 RY 3475,Toyota Innova,3.7,11
DRV7594,Charan Bhatt,08939861091,MH30 BM 4299,Hyundai Creta,5.0,3
DRV7595,Charles Randhawa,+911822718655,MH16 CY 4537,Swift Dzire,4.2,19
DRV7596,Jonathan Bhatti,8110039448,MH28 XY 8020,Swift Dzire,4.3,14
DRV7597,Neel Agarwal,+910790333618,MH43 UX 1495,WagonR,3.8,9
DRV7598,Rachana Sibal,+912573197849,MH6 UU 5484,Swift Dzire,5.0,17
DRV7599,David Khare,5579450785,MH32 GP 6572,Hyundai Creta,3.6,18
DRV7600,Radha Devi,+917347459780,MH39 LA 8659,Hyundai i20,3.9,19
DRV7601,Kevin Srivastava,1120747779,MH19 IG 3908,Honda City,4.7,8
DRV7602,Thomas Kothari,7971034095,MH30 AW 1259,Swift Dzire,4.0,17
DRV7603,Jyoti Sarna,+916114488255,MH45 RH 3466,Honda City,4.8,1
DRV7604,Tanveer Behl,7248748674,MH44 IR 5984,WagonR,4.1,9
DRV7605,Ira Iyengar,+910224306039,MH45 HC 1940,Toyota Innova,4.1,9
DRV7606,Kai Bhakta,+918087467564,MH34 JI 3068,Hyundai i20,4.4,14
DRV7607,Vedant Kala,02621724821,MH48 NQ 8548,Honda City,4.6,12
DRV7608,Faqid Deo,+913500614732,MH16 PN 0163,Mahindra XUV700,4.5,17
DRV7609,Udant Som,+918300439117,MH41 VB 0525,Honda City,4.4,7
DRV7610,Ridhi Raju,+919307151220,MH46 QF 6606,Maruti Ertiga,4.5,10
DRV7611,Chaaya Chokshi,09355514846,MH39 ON 0814,Honda City,3.8,10
DRV7612,Vasudha Madan,9051421098,MH15 DB 1754,Maruti Ertiga,4.6,16
DRV7613,William Goyal,7531656601,MH44 CN 6168,WagonR,4.1,6
DRV7614,Om Seth,+910271922743,MH43 MQ 0845,Hyundai Creta,3.9,8
DRV7615,Nidhi Hans,01924517095,MH49 MX 6804,WagonR,3.7,7
DRV7616,Wyatt Chauhan,09144739315,MH44 FS 4015,Kia Seltos,4.3,3
DRV7617,Zansi Yohannan,06350691476,MH9 KI 4835,Maruti Ertiga,4.5,13
DRV7618,Hiral Agarwal,6989189926,MH17 TB 7694,WagonR,4.6,10
DRV7619,Mekhala Krishnan,8211408161,MH49 VC 7807,Maruti Ertiga,4.1,9
DRV7620,Gayathri Palla,08844504122,MH5 SN 8251,Maruti Ertiga,3.8,8
DRV7621,Amol Sarna,6429096647,MH22 LG 8147,Maruti Ertiga,4.6,4
DRV7622,Yashodhara Ramakrishnan,06176995099,MH21 OE 3892,Toyota Innova,3.7,8
DRV7623,Isha Chandra,8917894008,MH47 NS 3349,Honda City,3.6,6
DRV7624,Zinal Dua,+916173075393,MH22 YR 2518,Honda City,5.0,18
DRV7625,Inaya Johal,+917822378919,MH13 IC 0268,Kia Seltos,4.0,14
DRV7626,Nathaniel Butala,+917095790195,MH14 FS 8762,WagonR,3.7,12
DRV7627,Maya Singhal,06545128923,MH46 JS 2639,Honda City,4.1,1
DRV7628,Nicholas Lad,8211513340,MH6 CE 6882,Mahindra XUV700,4.4,16
DRV7629,Mohammed Thakkar,+913332398768,MH35 ZW 2631,Swift Dzire,4.0,1
DRV7630,Bimala Lal,03588422915,MH18 CU 9379,WagonR,3.6,12
DRV7631,Chakradev Mallick,+915611162880,MH18 WL 9274,Swift Dzire,3.5,5
DRV7632,Laksh Chada,9105826748,MH40 VZ 6315,Swift Dzire,4.7,14
DRV7633,Ikbal Karnik,04461099581,MH6 DD 7615,Hyundai Creta,3.5,11
DRV7634,Nathan Khanna,08172660889,MH9 AS 1086,WagonR,4.9,7
DRV7635,Vedika Warrior,03336369173,MH3 RW 7832,Swift Dzire,4.1,9
DRV7636,Ati Bhardwaj,+913586438155,MH34 AW 0566,WagonR,3.8,7
DRV7637,Rudra Lad,+912926162037,MH9 OD 0245,Mahindra XUV700,4.8,18
DRV7638,Zehaan Pathak,1967577554,MH49 CA 0114,WagonR,4.9,8
DRV7639,Aachal Varughese,+917461364424,MH42 PY 5283,Hyundai Creta,4.0,1
DRV7640,Kevin Ram,+913660729140,MH11 VW 2698,Maruti Ertiga,3.7,12
DRV7641,Utkarsh Vora,+919245151270,MH36 KG 8715,Hyundai Creta,4.3,11
DRV7642,Zinal Gola,06716053026,MH48 FB 1576,WagonR,3.8,13
DRV7643,Atharv Bir,0134246644,MH19 ZK 8690,Toyota Innova,4.6,20
DRV7644,Xalak Dutt,01860271537,MH13 UG 6565,Swift Dzire,4.0,5
DRV7645,Wahab Modi,00098247102,MH43 HM 2353,Swift Dzire,4.8,18
DRV7646,Rehaan Garg,+912033522137,MH7 EZ 3598,Hyundai Creta,4.1,3
DRV7647,Keya Rajagopalan,01068030596,MH37 NR 4733,Maruti Ertiga,3.8,10
DRV7648,Jonathan Viswanathan,01914014464,MH15 WG 3929,WagonR,4.1,1
DRV7649,Hemangini Gandhi,09043100178,MH17 LH 1236,Hyundai Creta,3.5,10
DRV7650,Anay Chaudhary,4296670264,MH29 RK 2023,Mahindra XUV700,3.9,7
DRV7651,Abha Varughese,+910762441049,MH33 MJ 5627,WagonR,4.0,19
DRV7652,Yashica Kibe,6390033953,MH43 PX 3638,Toyota Innova,4.1,10
DRV7653,Ayaan Lad,5681867812,MH23 ML 8495,Honda City,3.8,12
DRV7654,Nidhi Brahmbhatt,6359686088,MH20 PR 6251,Tata Nexon,3.9,15
DRV7655,Vrinda Chand,4619295032,MH50 KQ 7416,Hyundai Creta,4.9,6
DRV7656,Nachiket Vasa,06870978374,MH35 NV 6219,WagonR,4.7,12
DRV7657,Meera Das,0270401522,MH49 UK 1382,Maruti Ertiga,3.7,12
DRV7658,Shaurya Baral,+917771279011,MH8 NL 2499,Mahindra XUV700,4.6,14
DRV7659,Watika Iyengar,+912913631709,MH7 UO 8139,Hyundai Creta,3.7,17
DRV7660,Indrajit Barman,+914562469398,MH31 MT 6820,Honda City,4.1,9
DRV7661,Quincy Iyengar,02477659146,MH38 PL 5920,Tata Nexon,4.5,11
DRV7662,Ganga Srivastava,5029070576,MH31 XT 7462,WagonR,4.6,8
DRV7663,Ekiya Nadig,02654356972,MH29 LE 9340,Honda City,3.5,20
DRV7664,Sudiksha Toor,3468965365,MH50 MQ 7116,Mahindra XUV700,4.8,7
DRV7665,Tripti Sha,+914968158743,MH12 UN 1942,Hyundai Creta,4.1,9
DRV7666,Neelima Bumb,+917911473973,MH17 SS 3066,Hyundai Creta,4.5,1
DRV7667,Henry Varty,09458234849,MH50 EV 9441,Toyota Innova,3.9,5
DRV7668,Udyati Varughese,00391986366,MH17 JO 5403,Hyundai Creta,3.5,11
DRV7669,Bimala Rai,7232169957,MH41 DY 6480,Kia Seltos,4.7,11
DRV7670,Qabil Sahota,0684522704,MH9 CE 1247,Honda City,3.8,1
DRV7671,Pahal Das,+916228000825,MH49 QF 1293,Kia Seltos,3.6,18
DRV7672,Mitali Bains,+917439058247,MH35 MR 9270,Kia Seltos,4.9,14
DRV7673,Udant Baral,0863263991,MH38 QF 2646,Toyota Innova,4.3,13
DRV7674,Daksha Atwal,+912008896360,MH50 SF 9235,Toyota Innova,4.4,2
DRV7675,Forum Dhingra,8310914019,MH14 SH 0775,Honda City,3.6,2
DRV7676,Samar Sane,4742443890,MH38 GJ 2375,Hyundai i20,5.0,8
DRV7677,Pranit Kapur,7518541721,MH35 OX 8674,Honda City,4.1,8
DRV7678,Saumya Dass,2350129991,MH48 AT 0520,Tata Nexon,3.8,18
DRV7679,Upasna Deshmukh,+919881388229,MH48 XL 0068,Swift Dzire,4.4,9
DRV7680,Aishani Sankar,+911113086444,MH43 OC 0776,Hyundai i20,4.4,1
DRV7681,Dev Sodhi,4281905131,MH30 WG 6982,Toyota Innova,4.7,9
DRV7682,George Kanda,6482851327,MH29 TB 9679,Maruti Ertiga,4.0,20
DRV7683,Aachal Sachdev,+918900179814,MH48 VY 7522,Honda City,3.7,15
DRV7684,Deepa Sachdeva,03516273231,MH28 II 9946,Tata Nexon,3.9,7
DRV7685,Gauri De,+912704859204,MH34 TF 7672,Swift Dzire,4.1,20
DRV7686,Warjas Bains,9368469545,MH21 HF 3653,Mahindra XUV700,4.3,16
DRV7687,Zayyan Gour,08896485692,MH7 XC 7638,Tata Nexon,3.9,17
DRV7688,Leela Rajagopalan,9325757380,MH5 CY 2324,Hyundai Creta,4.3,17
DRV7689,Farhan Sarin,0050115032,MH6 NA 0252,Swift Dzire,3.8,15
DRV7690,Vihaan Kapoor,+916232034815,MH21 KH 8032,Hyundai i20,4.7,1
DRV7691,Aarini Jaggi,8710219647,MH1 MS 9520,Toyota Innova,4.8,4
DRV7692,Suhani Joshi,+914042204400,MH32 RG 0451,Honda City,4.4,7
DRV7693,Zinal Bhalla,+910027450653,MH27 FV 9070,Tata Nexon,4.7,18
DRV7694,Oeshi Radhakrishnan,0118083809,MH50 ID 7726,Hyundai i20,4.6,19
DRV7695,Chameli Raghavan,+916264990253,MH9 RR 6751,WagonR,4.0,1
DRV7696,Tanay Vyas,+911349810438,MH49 ES 3800,Honda City,4.1,5
DRV7697,Chandani Borde,+913093315043,MH45 LN 1186,Tata Nexon,3.9,17
DRV7698,Reva Kaur,+917317192887,MH5 NI 2638,Honda City,4.9,13
DRV7699,Qarin Karan,03952082443,MH28 EP 7355,Swift Dzire,4.6,6
DRV7700,Mitesh Sandhu,7586893169,MH39 JI 2595,Tata Nexon,4.5,20
DRV7701,Noah Dewan,+919447536096,MH8 AG 4583,Swift Dzire,4.3,8
DRV7702,Jagrati Dass,06006331961,MH49 CJ 4714,Toyota Innova,4.9,15
DRV7703,Deepa Batra,+919901276032,MH19 GR 8188,Honda City,3.6,2
DRV7704,Advay Prakash,+918968647697,MH26 MM 7629,Toyota Innova,4.6,14
DRV7705,Panini Wadhwa,9696279786,MH34 JO 9273,WagonR,4.7,10
DRV7706,Dalbir Pai,7131257776,MH38 DJ 3329,Mahindra XUV700,3.8,15
DRV7707,Anita Madan,+919691509273,MH26 JF 1318,Tata Nexon,4.2,15
DRV7708,Madhavi Kannan,09708091567,MH40 LZ 8856,Kia Seltos,4.0,4
DRV7709,Benjamin Pant,+914870282961,MH49 YX 1684,Hyundai Creta,4.4,8
DRV7710,Krishna Goda,2933505294,MH31 TY 2947,Swift Dzire,4.2,3
DRV7711,Dalbir Mohan,+918058799959,MH36 NF 7336,WagonR,4.5,2
DRV7712,Hemang Toor,+917954006487,MH36 HW 1245,WagonR,4.9,18
DRV7713,Dipta Dalal,07857039042,MH24 CZ 3565,Swift Dzire,3.9,13
DRV7714,Neel Narang,05704662011,MH30 SS 5047,Hyundai Creta,4.4,8
DRV7715,Leela Trivedi,+916956252859,MH10 VI 2236,Mahindra XUV700,4.9,11
DRV7716,Netra Chokshi,8025349163,MH38 CE 0850,Tata Nexon,4.0,11
DRV7717,Jairaj Virk,2968135777,MH11 AC 2250,Toyota Innova,4.3,17
DRV7718,Yashasvi Bandi,+915578102158,MH45 VP 5063,Tata Nexon,3.6,19
DRV7719,Gauri Mani,5377890208,MH13 HJ 7144,Hyundai Creta,4.3,11
DRV7720,Sanaya Chaudry,+910182487240,MH13 PP 3607,Kia Seltos,3.7,3
DRV7721,Irya Ramanathan,+918141057690,MH3 IG 5230,Tata Nexon,3.8,13
DRV7722,Bhanumati Bath,04283589271,MH26 AW 1201,Hyundai i20,4.9,15
DRV7723,Anjali Bumb,2347677683,MH19 XP 5422,Toyota Innova,3.8,11
DRV7724,Shivani Singhal,+919543363557,MH40 TT 0929,WagonR,3.6,9
DRV7725,Jeevika Jaggi,2845103763,MH33 NR 6896,Mahindra XUV700,5.0,7
DRV7726,Nakul Dasgupta,+913323039483,MH38 PJ 9173,Kia Seltos,4.3,7
DRV7727,Baljiwan Anne,02234419078,MH48 OI 4762,Hyundai Creta,4.2,14
DRV7728,Yasti Kant,3528618874,MH2 AG 2806,Maruti Ertiga,4.6,15
DRV7729,Darika Narayanan,5085383881,MH41 EJ 3057,Hyundai Creta,3.6,2
DRV7730,Tara Kalita,4924982076,MH44 YU 2249,WagonR,3.7,4
DRV7731,Darpan Din,+918152148213,MH28 DC 3745,Toyota Innova,4.6,6
DRV7732,Ishanvi Din,+915820391575,MH44 JI 6209,Mahindra XUV700,3.7,14
DRV7733,Tanish Kapur,6117335800,MH16 FM 2141,Kia Seltos,4.3,10
DRV7734,Nihal Bir,3520014502,MH27 JN 0386,Tata Nexon,4.4,20
DRV7735,Lohit Dey,01476628102,MH37 KB 7544,Hyundai i20,4.0,6
DRV7736,Abeer Chaudry,+910022221945,MH16 MW 3368,Mahindra XUV700,3.7,13
DRV7737,Pushti Bava,+910946649175,MH41 HV 2358,Mahindra XUV700,3.7,12
DRV7738,Samaksh Kale,6317464541,MH50 QS 7740,Mahindra XUV700,4.1,19
DRV7739,Ekantika Pandey,+917786263138,MH41 CE 3461,Hyundai Creta,3.7,1
DRV7740,Neha Devi,+915339519934,MH15 MT 2343,Hyundai i20,4.3,4
DRV7741,Aashi Shukla,+913141982299,MH7 UI 2257,Honda City,4.3,3
DRV7742,Faraj Venkataraman,08439104140,MH19 LH 4948,WagonR,4.7,9
DRV7743,Baljiwan Chandran,7494472180,MH24 KU 4389,Tata Nexon,4.7,18
DRV7744,Tanveer Aggarwal,06614906390,MH15 NW 8240,Tata Nexon,3.6,19
DRV7745,Robert Bandi,06957908583,MH44 OY 2430,Honda City,4.5,13
DRV7746,Onveer Shukla,0664767243,MH19 OU 4945,Hyundai i20,4.3,17
DRV7747,Amol Chaudhry,00913463908,MH47 NK 5186,Mahindra XUV700,3.7,15
DRV7748,Unni Keer,08878574710,MH10 BU 4142,Swift Dzire,4.9,5
DRV7749,Amrita Raman,7069305223,MH31 GJ 3285,Maruti Ertiga,3.8,14
DRV7750,Adya Bail,0482948881,MH38 WG 1915,Mahindra XUV700,4.3,20
DRV7751,Harshil Mukhopadhyay,2679127826,MH20 ZN 4986,Maruti Ertiga,3.7,10
DRV7752,Pranit Contractor,+911354947480,MH29 EI 1876,Hyundai Creta,4.3,10
DRV7753,Amrita Mukhopadhyay,+917527454364,MH7 WO 5063,Honda City,4.4,14
DRV7754,Peter Sarkar,3265611450,MH7 WW 2340,Hyundai i20,4.5,20
DRV7755,Yashasvi Mani,+910212354569,MH10 WD 9902,Tata Nexon,4.2,8
DRV7756,Xavier Mital,3501781864,MH30 LC 3654,Honda City,4.0,3
DRV7757,Theodore Gole,+913687924601,MH40 SR 1256,Swift Dzire,3.7,7
DRV7758,Ayaan Vora,0312681696,MH13 FQ 1663,Swift Dzire,4.0,4
DRV7759,Urvi Tella,+913072867456,MH46 TK 4297,Swift Dzire,4.1,1
DRV7760,Saumya Bansal,+911317230697,MH50 EO 3318,Tata Nexon,5.0,13
DRV7761,Odika Ram,04767637034,MH11 QZ 4887,Tata Nexon,3.7,4
DRV7762,Ojasvi Ganesh,+918263889134,MH11 LC 9119,Swift Dzire,4.4,15
DRV7763,Barkha Kalla,09841015522,MH45 RG 0237,WagonR,3.8,10
DRV7764,Jeet Sundaram,6312404049,MH33 OT 2165,Tata Nexon,5.0,11
DRV7765,Reyansh Comar,02315179749,MH34 ZK 7945,Tata Nexon,4.3,7
DRV7766,Chasmum Karan,2587874815,MH3 YC 3803,WagonR,4.7,8
DRV7767,Anita Manda,03787379215,MH42 MD 3449,Mahindra XUV700,3.5,18
DRV7768,Oliver Chadha,+915464443072,MH44 JZ 0337,Hyundai i20,4.1,6
DRV7769,Dalaja Bhakta,07571489117,MH39 KW 1848,Maruti Ertiga,4.7,19
DRV7770,Rayaan Cheema,+916349435859,MH14 AU 5954,Toyota Innova,4.6,8
DRV7771,Jeevika Chad,+917294214411,MH16 OJ 2908,Hyundai i20,4.4,13
DRV7772,Dayamai Grewal,+911934673647,MH16 NT 2099,Swift Dzire,3.6,12
DRV7773,Sanya Baria,1761647760,MH3 AO 1217,Hyundai i20,3.8,19
DRV7774,Praneel Goda,7193874161,MH28 UN 1399,Honda City,3.7,9
DRV7775,Diya Korpal,08683861495,MH40 UQ 0845,Maruti Ertiga,3.9,17
DRV7776,Chavvi Dugal,1158848575,MH18 OH 9052,Honda City,4.4,4
DRV7777,Umang Morar,+910408691526,MH29 RZ 1101,Kia Seltos,4.2,3
DRV7778,Odika Lanka,6118351825,MH13 CB 1498,Kia Seltos,4.8,7
DRV7779,Jalsa Bandi,+910517215006,MH46 BB 0553,Kia Seltos,4.9,2
DRV7780,Krishna Singh,03499789282,MH32 DW 8509,Maruti Ertiga,3.9,2
DRV7781,Jonathan Keer,3305218250,MH10 DF 5472,WagonR,4.7,9
DRV7782,Ubika Sidhu,7013420437,MH27 IT 6918,WagonR,4.7,2
DRV7783,Gaurav Kohli,5321864075,MH1 BZ 4253,WagonR,3.6,5
DRV7784,Anirudh Madan,+914710622234,MH8 SX 7850,Hyundai i20,4.9,4
DRV7785,Isaiah Ratta,+910012600645,MH8 QU 6921,Toyota Innova,4.7,6
DRV7786,Chakradev Sehgal,6902332344,MH37 AE 2792,Tata Nexon,4.6,16
DRV7787,Ekapad Karpe,+917014664619,MH40 HZ 8358,Hyundai i20,4.3,10
DRV7788,Riya Bhagat,+918447624052,MH3 TG 2753,Honda City,4.3,19
DRV7789,Isaac Srinivasan,04715899235,MH26 WY 0541,Tata Nexon,4.1,1
DRV7790,Baljiwan Bhasin,2682742358,MH13 AA 8338,Mahindra XUV700,4.6,12
DRV7791,Azad Sabharwal,04649273805,MH14 II 4858,Hyundai Creta,4.2,3
DRV7792,Chakrika Dey,+911307808492,MH44 ST 0152,Hyundai Creta,4.7,15
DRV7793,Widisha Nadig,04217473711,MH50 TF 9065,Hyundai i20,3.6,15
DRV7794,Umang Ramachandran,00486523070,MH25 NW 1283,Toyota Innova,4.7,3
DRV7795,Isaiah Issac,9529758031,MH16 BY 2526,WagonR,4.7,16
DRV7796,Balendra Pai,+914136350267,MH4 XX 8499,Hyundai i20,4.7,19
DRV7797,Irya Setty,0338222012,MH21 FS 8006,Toyota Innova,5.0,9
DRV7798,Siya Sami,9423183349,MH48 DF 1601,WagonR,3.8,4
DRV7799,Abha Chand,9613313453,MH11 VQ 2688,Mahindra XUV700,3.6,8
DRV7800,Wyatt Viswanathan,06447940470,MH34 UG 1379,Hyundai Creta,4.4,18
DRV7801,Zilmil Narasimhan,+914108822783,MH3 TR 6026,Kia Seltos,4.1,6
DRV7802,Aradhana Barman,2358832363,MH40 KQ 9967,Swift Dzire,4.6,12
DRV7803,Naveen Saraf,+914131823650,MH18 GQ 6129,Honda City,4.8,7
DRV7804,Bimala Soni,01592940548,MH18 VM 5813,Swift Dzire,3.6,16
DRV7805,Ekantika Sen,00411437574,MH11 AA 6939,Mahindra XUV700,4.5,10
DRV7806,Aayush Parekh,06038958684,MH32 OM 6215,Hyundai Creta,3.5,5
DRV7807,Quincy Dar,+916063464929,MH45 MK 4895,Toyota Innova,4.2,20
DRV7808,Balhaar Roy,+910934740907,MH19 EM 5466,Kia Seltos,3.9,6
DRV7809,Xavier Varty,01035025603,MH20 QH 5648,Kia Seltos,4.5,9
DRV7810,Hemangini Sodhi,08222469076,MH33 IE 0210,Mahindra XUV700,4.8,3
DRV7811,Sudiksha Pant,2120508001,MH22 OU 8965,Mahindra XUV700,4.0,18
DRV7812,Urvi Gera,+917696587479,MH20 WP 1425,WagonR,4.7,13
DRV7813,Edhitha Pal,03919402671,MH23 AV 5517,Hyundai Creta,4.8,12
DRV7814,Owen Sha,2088518346,MH6 QB 6914,Toyota Innova,3.6,10
DRV7815,Charles Ratti,3627606697,MH50 KS 7390,Honda City,4.0,3
DRV7816,Adya Dalal,7522928711,MH11 BT 5741,Honda City,4.0,14
DRV7817,Veda Luthra,06245806114,MH16 WT 3706,Toyota Innova,4.1,2
DRV7818,Praneel Gopal,1590326843,MH36 MQ 5679,Maruti Ertiga,4.4,7
DRV7819,Hitesh Kade,09038222258,MH12 AO 5198,Maruti Ertiga,3.6,16
DRV7820,Hritik Bose,+916389910321,MH24 ZL 9867,Toyota Innova,4.9,15
DRV7821,Nachiket Khatri,1537523402,MH41 YO 1801,Maruti Ertiga,4.4,14
DRV7822,Maanav Buch,+911483105641,MH1 HC 1461,Toyota Innova,4.7,20
DRV7823,Jhalak Cheema,+916876830864,MH23 EZ 7379,Honda City,4.4,12
DRV7824,Eshana Lanka,4823119921,MH20 KZ 3080,Hyundai i20,4.5,2
DRV7825,Onveer Sachdev,+913959026898,MH47 YG 6400,Maruti Ertiga,4.1,1
DRV7826,Vedika Walla,05720300010,MH14 AQ 2555,Tata Nexon,4.7,2
DRV7827,Alexander Goel,+915754803608,MH26 HQ 5812,Maruti Ertiga,3.8,16
DRV7828,Siddharth Venkataraman,00895182118,MH11 AM 6288,Mahindra XUV700,4.2,9
DRV7829,Jasmit Loyal,1478884639,MH28 MQ 9675,Honda City,4.1,11
DRV7830,Nakul Parsa,01325705047,MH12 JP 7368,Swift Dzire,3.9,20
DRV7831,Omisha Mitra,3261626990,MH40 SP 8702,Toyota Innova,3.7,15
DRV7832,Shivani Sahota,02574443165,MH1 CN 7393,Kia Seltos,4.2,9
DRV7833,Omya Patla,05086604807,MH16 HI 3976,Hyundai i20,4.5,8
DRV7834,Lekha Raman,9882280966,MH2 JP 0769,Hyundai i20,4.4,16
DRV7835,Oni Saini,08841191319,MH41 KU 7389,Hyundai i20,4.6,20
DRV7836,Ati Sekhon,2506192983,MH38 SD 6201,WagonR,3.7,14
DRV7837,Osha Dass,+910924554141,MH46 ES 0830,Swift Dzire,4.9,18
DRV7838,Isha Sarkar,6642795184,MH25 YI 0922,Tata Nexon,3.6,12
DRV7839,Balvan Bala,+918201466387,MH41 TP 2058,WagonR,4.4,20
DRV7840,Advay Ramaswamy,05300950268,MH47 WG 3189,Maruti Ertiga,4.3,17
DRV7841,Daksh Doshi,00482464513,MH2 YF 7746,Tata Nexon,4.4,16
DRV7842,Finn Bhalla,+910108589860,MH27 XP 3330,Toyota Innova,4.0,2
DRV7843,Falak Lall,02339867067,MH46 DU 8501,Hyundai Creta,4.3,15
DRV7844,Pahal Sani,6663692987,MH22 BV 8957,Kia Seltos,4.2,14
DRV7845,Wyatt Mane,9822702639,MH38 MN 1753,WagonR,4.7,9
DRV7846,Pratyush Prabhu,07903672631,MH3 UH 6112,Maruti Ertiga,3.8,16
DRV7847,Abdul Raman,+919532265307,MH19 FJ 6179,Toyota Innova,4.7,17
DRV7848,Libni Dar,+912588122824,MH32 SX 1692,Tata Nexon,4.5,1
DRV7849,Niharika Dani,2640353002,MH46 TE 9583,Swift Dzire,4.4,16
DRV7850,Jatin Kata,+918304002771,MH23 ES 7557,Hyundai Creta,3.5,14
DRV7851,Sudiksha Talwar,8926522676,MH36 FH 5618,Kia Seltos,4.4,16
DRV7852,Logan Basu,9707001330,MH2 TL 8024,Kia Seltos,3.7,10
DRV7853,Vamakshi Samra,+914201565081,MH15 TR 6025,Honda City,3.9,2
DRV7854,Pranit Chaudhuri,3902090971,MH29 SN 4532,Tata Nexon,4.9,12
DRV7855,Unnati Shukla,0427856733,MH49 SI 9328,Maruti Ertiga,4.6,11
DRV7856,Jairaj Krishnamurthy,+916343970427,MH40 IQ 2404,Hyundai i20,4.4,9
DRV7857,Faqid Patil,2620852393,MH22 GR 0636,Hyundai i20,4.9,16
DRV7858,Lakshit Srivastava,+913295728224,MH19 ZL 0101,Honda City,4.8,4
DRV7859,Oviya Gade,+916097737824,MH13 LX 6667,Maruti Ertiga,4.5,15
DRV7860,Madhavi Munshi,+916445509847,MH1 ZK 6685,Swift Dzire,4.6,4
DRV7861,Jyoti Anne,+917381701370,MH46 PL 4068,Hyundai i20,4.9,10
DRV7862,Krisha Handa,05491925385,MH17 KJ 0108,Hyundai i20,3.7,14
DRV7863,Kalpit Basak,+916967145236,MH29 UP 0148,Hyundai i20,4.3,7
DRV7864,Fitan Varma,00116528557,MH26 KK 4073,WagonR,4.7,12
DRV7865,Xavier Dua,01011301897,MH18 AI 0041,Honda City,3.7,7
DRV7866,Joshua Deshmukh,9463315304,MH4 LM 7413,Toyota Innova,4.6,4
DRV7867,Udarsh Sekhon,6361403296,MH25 TT 7325,WagonR,3.6,8
DRV7868,Ladli Dara,08091544617,MH49 IF 5245,Maruti Ertiga,3.6,15
DRV7869,Nilima Rajan,01762198931,MH50 GB 8134,Honda City,4.7,16
DRV7870,Arin Sehgal,03820207856,MH28 JW 9126,Maruti Ertiga,4.7,15
DRV7871,Gaurika Barman,00205636537,MH19 IY 2958,Honda City,4.4,13
DRV7872,Abha Garg,1720152470,MH45 LA 6995,WagonR,4.7,15
DRV7873,Darpan Gaba,06696901639,MH21 PG 2595,Tata Nexon,3.7,18
DRV7874,Ekaraj Agrawal,+917295221850,MH49 MG 9518,Honda City,4.5,9
DRV7875,Faras Bhakta,09355639340,MH46 PY 8065,Hyundai i20,4.8,7
DRV7876,Fitan Saxena,00149144785,MH9 TY 1163,Hyundai i20,4.1,5
DRV7877,Yochana Morar,07019984597,MH38 SJ 9411,WagonR,3.6,19
DRV7878,Timothy Saha,0148690929,MH46 JD 7702,Mahindra XUV700,3.7,6
DRV7879,Anika Grover,+913935090003,MH7 CO 0074,Tata Nexon,3.7,2
DRV7880,Brijesh Gola,+910656860584,MH10 JY 1696,Kia Seltos,4.5,5
DRV7881,Sudiksha Ben,+912589106217,MH32 HA 3142,WagonR,3.7,2
DRV7882,Barkha Sarin,+913111966208,MH6 NT 9354,Honda City,4.7,3
DRV7883,Jagrati Tiwari,+917724196344,MH15 XU 1287,Hyundai Creta,3.7,9
DRV7884,Abeer Swamy,3683288622,MH31 TR 4506,Hyundai Creta,4.7,8
DRV7885,Tejas Narain,7249215702,MH41 DW 0975,Hyundai Creta,4.7,18
DRV7886,Qarin Amble,+912658284604,MH16 CJ 1723,Toyota Innova,3.6,13
DRV7887,Guneet Verma,5119555195,MH35 OJ 7998,Kia Seltos,4.0,1
DRV7888,Chatresh Goswami,06378451855,MH12 LP 1301,Toyota Innova,4.1,3
DRV7889,Harrison Aggarwal,08910435963,MH14 NY 8674,Toyota Innova,3.7,6
DRV7890,Samuel Gade,+919018118145,MH33 RL 0801,Toyota Innova,3.8,4
DRV7891,Warinder Pandey,5666463414,MH20 IG 3516,Hyundai Creta,4.5,12
DRV7892,Quincy Talwar,04183048839,MH28 TR 6710,WagonR,4.0,1
DRV7893,Bimala Kannan,+916228348571,MH36 FM 3350,Mahindra XUV700,4.8,4
DRV7894,Sneha Bobal,05832859975,MH2 GP 3252,Hyundai i20,4.7,9
DRV7895,Abhiram Goswami,04863737062,MH46 LP 5500,Hyundai Creta,4.5,15
DRV7896,Indrajit Sood,04889286655,MH9 LZ 0140,Kia Seltos,4.3,9
DRV7897,Alka Sachdeva,07916253394,MH26 BK 2295,Kia Seltos,4.5,1
DRV7898,Bachittar Choudhury,4015704799,MH21 QV 6807,Tata Nexon,4.8,15
DRV7899,Kabir Bhavsar,+914610979072,MH25 VR 7001,Maruti Ertiga,4.8,6
DRV7900,Fitan Singhal,3048899349,MH5 HC 0632,Tata Nexon,3.5,3
DRV7901,Gavin Deshmukh,2365445558,MH49 LG 2083,WagonR,4.5,6
DRV7902,Sachi Om,9806186635,MH32 WN 0783,Tata Nexon,4.6,9
DRV7903,Ishani Pillai,+917037702513,MH33 XF 4414,Toyota Innova,4.8,5
DRV7904,Mohammed Shah,5061622876,MH42 PS 6432,Swift Dzire,4.1,13
DRV7905,Wishi Dixit,07270291317,MH15 KW 0149,Mahindra XUV700,4.4,3
DRV7906,Turvi Majumdar,+919632907033,MH50 RW 0504,Swift Dzire,4.8,8
DRV7907,Chameli Mangal,+914590591413,MH2 AI 2799,Toyota Innova,4.0,17
DRV7908,Vritti Mangal,7204081214,MH11 JQ 1865,Kia Seltos,4.8,18
DRV7909,Watika Viswanathan,+910424276297,MH3 TS 1314,Swift Dzire,3.9,12
DRV7910,Zashil Venkatesh,+910505128689,MH34 DU 4473,Tata Nexon,4.1,16
DRV7911,Ucchal Oak,2693759268,MH16 BT 6811,Mahindra XUV700,4.2,17
DRV7912,Gauri Parekh,5440037471,MH20 WH 3128,Swift Dzire,4.9,16
DRV7913,Theodore Mann,04266392403,MH31 XU 0836,Hyundai i20,3.7,12
DRV7914,Zaitra Dayal,+912446148173,MH32 MQ 0474,Toyota Innova,4.8,13
DRV7915,Yutika Salvi,7570024357,MH20 LS 9791,WagonR,4.9,5
DRV7916,Advik Saini,+911305321040,MH38 FD 8156,Tata Nexon,4.1,6
DRV7917,Yuvraj Pillai,9494565997,MH5 CY 2324,Tata Nexon,4.0,17
DRV7918,Yuvraj Deshmukh,7480131618,MH50 YS 2514,Toyota Innova,4.9,1
DRV7919,Vansha Subramaniam,5205549490,MH42 LF 6863,Hyundai Creta,4.5,19
DRV7920,Tristan Mody,+915624156020,MH18 EZ 7604,Hyundai i20,4.3,19
DRV7921,Ijaya Agrawal,+910085737200,MH34 PP 5921,Tata Nexon,4.6,3
DRV7922,Abha Lalla,7361638087,MH37 DS 1809,Maruti Ertiga,3.5,9
DRV7923,Eshana Puri,01918166782,MH19 FK 7640,Maruti Ertiga,3.5,14
DRV7924,Matthew Raja,8162470874,MH32 SB 5124,Mahindra XUV700,4.9,8
DRV7925,Abeer Kakar,+919751557081,MH6 EZ 7735,Mahindra XUV700,4.4,8
DRV7926,Lavanya Bhat,+916773985324,MH40 IX 6446,WagonR,4.8,15
DRV7927,Avi Deep,+913161871296,MH5 HK 4028,Kia Seltos,4.3,8
DRV7928,Banjeet Kibe,02157004530,MH17 GW 5586,Hyundai Creta,4.1,9
DRV7929,David Dash,1190006311,MH32 ZU 4897,Honda City,4.0,18
DRV7930,Irya Loyal,8011571549,MH29 SN 4532,Swift Dzire,3.6,20
DRV7931,Tejas Konda,3546501344,MH27 NW 5448,Kia Seltos,4.8,10
DRV7932,Pushti Behl,00874188506,MH17 XL 2127,Hyundai Creta,4.9,12
DRV7933,Amol Chaudhuri,07825562424,MH39 DL 6817,Kia Seltos,3.6,19
DRV7934,Dalbir Chakrabarti,+916983629081,MH50 HH 7434,Hyundai i20,4.3,11
DRV7935,Jacob Nori,+915247668773,MH22 TF 2885,Honda City,4.1,12
DRV7936,Ekantika Mittal,00259328226,MH10 BS 4039,Tata Nexon,4.4,17
DRV7937,Zaid Rai,3724472755,MH4 TN 6053,Maruti Ertiga,3.7,19
DRV7938,Tara Vasa,05779170624,MH4 KG 2074,WagonR,3.7,11
DRV7939,Mohini Keer,+911629356225,MH46 GB 4092,Hyundai i20,3.8,9
DRV7940,Vedant Subramanian,06149886473,MH38 TN 8918,Hyundai i20,4.8,5
DRV7941,Balhaar Sheth,+919287819291,MH47 KF 8523,Mahindra XUV700,4.3,1
DRV7942,Oni Badal,7006291970,MH15 CW 2145,Swift Dzire,3.8,1
DRV7943,Janya Srinivas,+911379690153,MH40 EM 1828,Kia Seltos,3.6,13
DRV7944,Bishakha Devan,8418225359,MH48 FB 1576,Mahindra XUV700,4.0,6
DRV7945,Baljiwan Sharaf,07822052484,MH48 ZD 1917,Hyundai i20,5.0,17
DRV7946,Meera Goel,+913987442072,MH25 TA 0644,Mahindra XUV700,4.5,8
DRV7947,Farhan Loke,+917791865335,MH37 XY 8634,Hyundai Creta,4.5,5
DRV7948,Vrinda Yohannan,+913970951843,MH11 QY 9740,Tata Nexon,3.6,5
DRV7949,Amaira Bora,+911026105197,MH37 DO 4604,Hyundai Creta,4.2,18
DRV7950,Aishani Doshi,+914708672373,MH48 QS 9862,Honda City,4.1,12
DRV7951,Faqid Oak,00448468958,MH16 RV 1686,Hyundai Creta,4.6,3
DRV7952,Dalaja Samra,3578234557,MH17 XB 8791,Tata Nexon,3.8,10
DRV7953,Quincy More,+919411708252,MH1 CK 7234,Toyota Innova,4.6,17
DRV7954,Jack Raman,06320537109,MH15 UD 8992,Swift Dzire,4.4,6
DRV7955,Samuel Kibe,+916322453794,MH28 II 5208,Swift Dzire,4.4,17
DRV7956,Yachana Sundaram,+918585535437,MH6 VN 6406,Kia Seltos,4.6,20
DRV7957,Zinal Sur,0681763542,MH10 VY 0096,Maruti Ertiga,4.7,3
DRV7958,Pavani Palla,+911357192524,MH13 RW 8536,Tata Nexon,4.0,9
DRV7959,Naveen Saini,00470637825,MH3 UB 5315,WagonR,3.9,2
DRV7960,Urvi Rana,5991344885,MH19 YU 7991,Tata Nexon,3.6,3
DRV7961,Charvi Thaker,01221780284,MH48 ZH 9240,WagonR,4.4,9
DRV7962,Rushil Rattan,03690641943,MH36 OY 4573,Hyundai i20,4.9,15
DRV7963,Brinda Ratta,07798236383,MH36 VJ 4834,Maruti Ertiga,4.3,12
DRV7964,Kai Guha,2450862935,MH10 XT 4286,Honda City,4.9,11
DRV7965,Amaira Rau,+911546854152,MH46 BT 1513,Honda City,4.6,5
DRV7966,Victor Kata,9825270865,MH33 BD 1997,WagonR,4.8,4
DRV7967,Aadi Grover,+913949229980,MH26 ZR 2184,Honda City,3.6,13
DRV7968,Dayamai Garg,5024049126,MH6 OO 3085,Toyota Innova,4.3,17
DRV7969,Isha Master,+911064821630,MH36 IR 3186,Hyundai Creta,4.7,11
DRV7970,Ronith Sani,05205900464,MH50 OO 9098,Mahindra XUV700,4.3,7
DRV7971,Akshay Nigam,+918126298000,MH7 XD 1520,Kia Seltos,4.0,6
DRV7972,Netra Sachdev,05100329950,MH4 DJ 1494,Mahindra XUV700,4.7,2
DRV7973,Darpan Chaudhuri,07513681526,MH47 TO 6644,Toyota Innova,4.2,5
DRV7974,Janaki Barman,6020904296,MH43 OG 2246,Kia Seltos,4.6,15
DRV7975,Yauvani Dasgupta,5794617302,MH1 VU 2237,Hyundai i20,3.6,13
DRV7976,Rajeshri Ghose,01297563510,MH17 BN 8892,Hyundai Creta,4.6,14
DRV7977,Pushti Choudhry,1568707391,MH41 FE 7458,Maruti Ertiga,4.4,6
DRV7978,Garima Bhasin,05210704177,MH31 VN 2378,Kia Seltos,3.9,16
DRV7979,Baljiwan Merchant,03810304887,MH48 DF 1601,Mahindra XUV700,4.3,11
DRV7980,Bhavini Bala,+912930280196,MH3 KM 7147,Tata Nexon,4.2,16
DRV7981,Agastya Dhar,04348752821,MH4 US 1611,Tata Nexon,4.3,4
DRV7982,Madhav Ghosh,4985670291,MH14 BE 6418,Tata Nexon,4.2,3
DRV7983,Ranbir Khanna,5437865388,MH23 TD 3015,Tata Nexon,4.4,13
DRV7984,Ansh Amble,+910009803703,MH37 OV 0630,Maruti Ertiga,3.6,15
DRV7985,Jacob Doctor,+910105232281,MH23 GM 5589,Tata Nexon,3.6,6
DRV7986,Veda Comar,+916873844723,MH22 SR 5635,WagonR,3.7,7
DRV7987,Aayush Tara,+917005143717,MH47 WI 9852,Hyundai i20,4.0,15
DRV7988,Arya Khare,0663678793,MH41 WC 5798,Toyota Innova,4.7,9
DRV7989,Harsh Kadakia,+914858352507,MH34 UI 4678,Maruti Ertiga,4.3,5
DRV7990,Rehaan Pandya,7587715560,MH4 HG 6459,Honda City,3.7,11
DRV7991,Upkaar Balakrishnan,+918100300155,MH41 AB 1679,Hyundai Creta,3.5,13
DRV7992,Balveer Sahota,09195452789,MH23 TD 3015,Mahindra XUV700,4.1,13
DRV7993,Chaaya Mangat,+916843150746,MH22 GA 5993,Mahindra XUV700,4.9,20
DRV7994,Kritika Behl,05792871220,MH31 FR 1308,Tata Nexon,3.7,5
DRV7995,Kiaan Bhatia,+911197743341,MH10 RF 2098,Mahindra XUV700,3.8,18
DRV7996,Daksh Balasubramanian,00052830907,MH44 OD 2208,Mahindra XUV700,3.6,19
DRV7997,Zaid Bali,5542681808,MH34 CC 6430,Kia Seltos,4.1,14
DRV7998,Brinda Verma,1052070583,MH39 PA 0048,Tata Nexon,5.0,11
DRV7999,Jairaj Tata,+910319824211,MH45 DP 0787,Hyundai Creta,4.9,16
DRV8000,Ganga Dugal,0902040849,MH47 MZ 5550,WagonR,3.8,14
DRV8001,Eshana Sen,+910946926885,MH25 BB 1717,Hyundai Creta,3.8,4
DRV8002,Gautami Gara,08901783766,MH32 ML 0830,Maruti Ertiga,4.8,6
DRV8003,Jagdish Dhillon,09347504173,MH14 FZ 5109,Hyundai i20,3.7,3
DRV8004,Balendra Choudhry,05037836303,MH2 ME 5750,Hyundai i20,4.5,13
DRV8005,Ekantika Chaudhary,04223723585,MH3 PF 5096,Hyundai Creta,4.5,15
DRV8006,Tara Apte,1989329441,MH1 NJ 8943,Honda City,5.0,19
DRV8007,Chasmum Rau,00674577529,MH16 OL 0208,Honda City,4.0,7
DRV8008,Chandresh Arya,+918801516958,MH17 GP 3243,Toyota Innova,5.0,7
DRV8009,Yoshita Mishra,+917494835025,MH6 BC 7673,Hyundai i20,3.8,13
DRV8010,Watika Narain,02170902976,MH29 TZ 7460,Hyundai Creta,4.8,8
DRV8011,Raagini Kapoor,05257307761,MH45 NA 3968,Maruti Ertiga,4.0,10
DRV8012,Parth Gulati,7158135270,MH11 HK 2833,Hyundai Creta,4.0,12
DRV8013,Triya Kant,04218093635,MH12 GH 5684,Hyundai Creta,4.0,7
DRV8014,Raagini Sarkar,09329801411,MH30 XJ 0225,Toyota Innova,3.8,14
DRV8015,Thomas Parmar,+917188230855,MH36 MI 2207,Maruti Ertiga,4.2,4
DRV8016,Balendra Memon,06970868738,MH20 PF 8937,Hyundai i20,4.0,5
DRV8017,Alexander Nagi,+914112616497,MH4 ID 1426,Hyundai Creta,4.5,15
DRV8018,Nidhi Venkatesh,+911105034278,MH1 FA 0299,Mahindra XUV700,3.9,18
DRV8019,Janya Misra,06455059100,MH20 RY 0498,Tata Nexon,4.2,2
DRV8020,Sarthak Kant,+910067781511,MH26 VF 3864,Kia Seltos,3.6,2
DRV8021,Yamini Chandra,+916969126205,MH18 IV 8260,Swift Dzire,3.6,20
DRV8022,Damyanti Master,03440409947,MH5 FY 8229,Hyundai i20,4.8,7
DRV8023,Devansh Dani,2403215679,MH8 QU 6921,Maruti Ertiga,4.2,12
DRV8024,Xalak Choudhry,08613796417,MH9 CI 9964,Tata Nexon,4.5,7
DRV8025,Nathaniel Dua,6995967013,MH12 AN 9369,WagonR,4.3,3
DRV8026,Nachiket Dugar,03989999916,MH29 PQ 2185,Maruti Ertiga,3.9,2
DRV8027,Ekalinga Garg,+910166666467,MH14 OM 7631,Honda City,3.6,15
DRV8028,Girindra Karpe,6432721372,MH32 DY 8373,Toyota Innova,4.8,18
DRV8029,Tanveer Tella,7040751957,MH39 GF 2164,Maruti Ertiga,4.1,11
DRV8030,Alka Choudhry,7529891429,MH3 LR 5199,Hyundai i20,3.6,20
DRV8031,Kalpit Peri,+913392870832,MH11 GO 6763,Maruti Ertiga,4.2,5
DRV8032,Ayush Narang,01227819716,MH31 ER 9468,Maruti Ertiga,3.9,12
DRV8033,Fiyaz Date,+916386532407,MH46 VV 6272,Toyota Innova,4.5,11
DRV8034,Nicholas Mand,5763286562,MH36 VO 9384,Mahindra XUV700,4.6,2
DRV8035,Ishwar Sankaran,6203997009,MH4 RN 5069,Hyundai Creta,3.5,20
DRV8036,Eesha Sathe,09738182436,MH45 BD 4629,Honda City,4.2,17
DRV8037,Ayaan Bhalla,7353113331,MH12 WZ 7867,Toyota Innova,4.4,9
DRV8038,Aditya Pau,1764594251,MH40 HU 2116,Maruti Ertiga,5.0,16
DRV8039,Anirudh Sarraf,00402256591,MH37 TN 6504,Kia Seltos,4.3,16
DRV8040,Wazir Agarwal,8590383783,MH34 EC 2441,Hyundai i20,3.7,16
DRV8041,Ranveer Gara,0861711877,MH37 GA 4020,Toyota Innova,4.7,12
DRV8042,Qushi Gokhale,01798794246,MH44 UT 1916,WagonR,4.1,5
DRV8043,Yashoda Sawhney,1294189385,MH47 EQ 6668,Toyota Innova,3.7,8
DRV8044,Harini Mand,1489582099,MH35 LD 9932,Toyota Innova,3.5,9
DRV8045,Akshay Bose,8955731643,MH2 XN 5835,Maruti Ertiga,4.2,9
DRV8046,Bhavini Dhar,02752413012,MH38 RK 4618,WagonR,4.5,8
DRV8047,Jagvi Wagle,09363011344,MH6 ZH 6772,Tata Nexon,4.6,19
DRV8048,Aadhya Sharaf,8407476225,MH14 VC 2212,Hyundai i20,5.0,2
DRV8049,Forum Kakar,0332569006,MH30 NT 5778,Toyota Innova,3.8,5
DRV8050,Adweta Aggarwal,+912788129193,MH30 TV 8556,Mahindra XUV700,4.0,18
DRV8051,Amara Parekh,06148731086,MH48 EW 8719,Maruti Ertiga,4.0,11
DRV8052,Frederick Tank,+911110126110,MH22 PN 3325,Hyundai Creta,4.6,16
DRV8053,Nakul Sunder,+916270248702,MH14 VL 2986,Mahindra XUV700,4.5,5
DRV8054,Rajeshri Mallick,8781808688,MH43 OH 8521,WagonR,3.5,11
DRV8055,Triveni Chandran,07624977024,MH49 PI 2647,Hyundai Creta,3.8,17
DRV8056,Neelima Shankar,4636229708,MH14 QI 2043,WagonR,3.6,1
DRV8057,Aarini Doctor,+910737995703,MH29 SW 8139,WagonR,4.5,8
DRV8058,Xavier Johal,+917399416506,MH12 YO 2548,Mahindra XUV700,4.8,7
DRV8059,Thomas Sani,+910535220856,MH40 KS 3158,Tata Nexon,3.9,16
DRV8060,Yug Borra,09863777027,MH37 ST 7744,WagonR,4.1,9
DRV8061,Zayyan Brahmbhatt,7407699239,MH4 KS 7622,Maruti Ertiga,3.8,10
DRV8062,Nihal Reddy,0049217899,MH33 RN 2559,Honda City,3.8,6
DRV8063,Aarna Sachdeva,+914612590273,MH26 AW 1201,Hyundai Creta,4.7,7
DRV8064,Ojasvi Lal,5524362113,MH11 LM 9932,Kia Seltos,4.3,9
DRV8065,Azaan Bhandari,8129789155,MH4 TK 8890,Tata Nexon,4.1,8
DRV8066,Anusha Palan,0617896563,MH20 MP 1571,Swift Dzire,4.5,11
DRV8067,Fiyaz Mall,+914631614901,MH29 AB 4319,Hyundai i20,4.4,14
DRV8068,Radhika Golla,02700295821,MH15 RX 3344,WagonR,3.8,9
DRV8069,Jagrati Shah,+918866977362,MH2 EA 8882,Swift Dzire,3.6,12
DRV8070,Vasana Bajaj,+915306879286,MH20 AO 3007,Swift Dzire,4.0,15
DRV8071,Lakshmi Chaudhuri,+910191715352,MH20 QS 7642,Honda City,4.8,17
DRV8072,Lakshmi Wason,09153320422,MH12 XC 3120,Hyundai i20,3.6,12
DRV8073,Vansha Purohit,00341500285,MH30 JQ 3628,Hyundai i20,4.4,18
DRV8074,Jagdish Ghosh,00662638024,MH36 LG 7972,WagonR,4.0,14
DRV8075,Frado Sidhu,+918659958299,MH34 HR 1290,Hyundai i20,4.9,13
DRV8076,Girindra Bhavsar,09516866772,MH4 VA 3618,Hyundai Creta,4.4,14
DRV8077,Utkarsh Chaudhary,08216489361,MH3 CV 0838,Swift Dzire,3.6,17
DRV8078,Manya Saran,06794792721,MH41 XF 4526,Swift Dzire,4.7,17
DRV8079,Arunima Chaudhuri,9244724733,MH33 TJ 3443,Hyundai Creta,4.5,17
DRV8080,Ansh Gaba,1937866230,MH25 ED 0890,Hyundai Creta,3.7,7
DRV8081,Qarin Ramakrishnan,07155981360,MH33 PX 6214,Swift Dzire,4.6,16
DRV8082,Nathan Sabharwal,+910288625549,MH13 GE 3466,Hyundai Creta,3.7,15
DRV8083,Tarak Natt,01380261599,MH22 OW 9355,Hyundai i20,4.7,5
DRV8084,Chakradev Mitra,3151466042,MH5 GB 7875,Toyota Innova,3.6,10
DRV8085,Hemal Pillay,01868642528,MH13 KA 4899,WagonR,4.2,19
DRV8086,Guneet Rau,03601576873,MH2 BJ 5957,Mahindra XUV700,4.8,7
DRV8087,Meera Prasad,4790326048,MH23 CY 6521,Hyundai i20,5.0,8
DRV8088,Vaishnavi Krishnamurthy,04620558920,MH16 QJ 5516,Hyundai Creta,4.5,18
DRV8089,Aarnav Dube,+914338813121,MH11 QL 4843,Honda City,4.9,4
DRV8090,Faraj Chacko,6278857910,MH8 BV 7429,Maruti Ertiga,4.9,1
DRV8091,Jagrati Agrawal,06945561871,MH13 HT 1075,Swift Dzire,4.9,9
DRV8092,Wyatt Sem,2567624382,MH26 RQ 9443,Hyundai i20,5.0,6
DRV8093,Vasana Pingle,04137552108,MH3 XR 2912,Honda City,3.7,2
DRV8094,Ekbal Bhargava,+917853269659,MH33 TQ 9748,Tata Nexon,3.8,13
DRV8095,Zilmil Lal,4498323902,MH49 KC 5662,Hyundai Creta,4.4,5
DRV8096,Sneha Munshi,+914687712152,MH45 EH 6363,Mahindra XUV700,4.2,17
DRV8097,Riya Karpe,5644813385,MH42 YJ 8836,Swift Dzire,4.8,15
DRV8098,Viraj Chaudry,02933474624,MH23 AV 5517,Honda City,4.1,10
DRV8099,Yuvraj Sachdev,07283410084,MH3 MU 9970,Mahindra XUV700,3.6,11
DRV8100,Timothy Sen,09917607013,MH29 PN 4066,WagonR,4.0,11
DRV8101,Wriddhish Dara,00198006167,MH27 UL 2785,Hyundai Creta,4.1,8
DRV8102,Devika Bala,7431885112,MH49 LQ 5295,Maruti Ertiga,4.3,1
DRV8103,Yashvi Kohli,+915132208131,MH12 GL 1171,Hyundai Creta,4.4,3
DRV8104,Urmi Kakar,09854489848,MH14 RR 6453,Toyota Innova,4.1,20
DRV8105,Harita Gill,+913286830141,MH30 JM 3978,Kia Seltos,4.0,14
DRV8106,Indira Palla,+913239846883,MH31 XL 1883,Kia Seltos,5.0,2
DRV8107,Xiti Bhasin,+915485956305,MH41 EP 1339,Hyundai i20,4.3,14
DRV8108,Ladli Mane,01660254686,MH19 HA 2924,Honda City,3.6,4
DRV8109,Amruta Sodhi,2518903478,MH40 GE 6815,Swift Dzire,4.5,12
DRV8110,Pallavi Varghese,+918067769091,MH29 TE 6484,Maruti Ertiga,4.7,13
DRV8111,Hemang Deol,2459128315,MH2 FW 3191,Honda City,4.6,12
DRV8112,Charvi Menon,2386084241,MH49 FF 3401,Hyundai i20,4.9,13
DRV8113,Omaja Bhargava,07149983499,MH40 LZ 8856,Hyundai Creta,4.4,20
DRV8114,Aadi Natt,3147617020,MH14 VT 7557,Tata Nexon,4.8,1
DRV8115,Yashica Nanda,2102208278,MH4 ID 1426,Maruti Ertiga,4.0,4
DRV8116,Nitara Sehgal,04416505650,MH31 KJ 1254,Hyundai Creta,4.4,10
DRV8117,Aarini Aggarwal,+917494901650,MH21 QV 6807,Hyundai i20,4.9,16
DRV8118,Anamika Reddy,08886386014,MH50 OQ 4613,Honda City,4.1,9
DRV8119,Nilima Soman,03446595445,MH39 VB 7701,Mahindra XUV700,4.4,19
DRV8120,Hredhaan Kala,03841631688,MH22 AC 2371,Hyundai i20,4.4,9
DRV8121,Ekta Magar,+913278179291,MH23 VJ 6642,WagonR,4.1,2
DRV8122,Viraj Ratti,+918113546474,MH7 EY 3526,Mahindra XUV700,4.6,19
DRV8123,Januja Subramaniam,+912168072982,MH29 CB 1650,Toyota Innova,4.0,1
DRV8124,Turvi Manda,8110549067,MH39 FY 9926,Maruti Ertiga,4.9,9
DRV8125,Atharv Rout,8354628476,MH45 XP 7839,Maruti Ertiga,4.6,4
DRV8126,Devika Handa,+915120285163,MH35 QZ 5493,Tata Nexon,4.6,8
DRV8127,Rachit Tata,5334589779,MH31 SY 6124,Toyota Innova,4.3,6
DRV8128,Anirudh Samra,+917279737885,MH45 RM 5677,Mahindra XUV700,4.9,20
DRV8129,Maanas Bhargava,+915052947903,MH12 DI 4491,Hyundai i20,4.0,4
DRV8130,Xiti Sibal,05320931277,MH32 GG 5999,Hyundai i20,3.8,20
DRV8131,Avi Chokshi,2109065605,MH6 JA 8490,Mahindra XUV700,4.4,13
DRV8132,Eiravati Lalla,3500949750,MH47 IO 3362,Tata Nexon,4.8,16
DRV8133,Ekapad Kale,0413147435,MH23 YU 5339,Hyundai Creta,3.7,20
DRV8134,Matthew Sridhar,+913078580163,MH14 SN 6301,Honda City,3.7,2
DRV8135,Mugdha Nagarajan,07373512645,MH30 HQ 0830,Honda City,4.8,6
DRV8136,Bhavna Guha,9346087635,MH4 LO 9209,Maruti Ertiga,4.3,6
DRV8137,Chandresh Sen,+919227762914,MH36 BB 1534,Mahindra XUV700,4.7,2
DRV8138,Gaurav Sharaf,+916675369249,MH15 JK 7950,Tata Nexon,3.8,6
DRV8139,Vasatika Parsa,05820295641,MH33 ZS 5239,Swift Dzire,4.9,1
DRV8140,Amaira Sundaram,07719180414,MH44 CJ 9376,Tata Nexon,3.9,7
DRV8141,Jagrati Parmer,02610081777,MH9 TE 3875,Honda City,4.1,11
DRV8142,Widisha Khare,+911276816882,MH3 RS 2860,Toyota Innova,4.4,1
DRV8143,Lakshit Rastogi,06182622330,MH47 LR 0532,Maruti Ertiga,4.6,8
DRV8144,Mitali Dalal,+914100023917,MH13 NX 5077,Swift Dzire,4.9,17
DRV8145,Mohammed Bhatnagar,6393413598,MH40 CQ 2542,Swift Dzire,4.2,11
DRV8146,Ubika Kuruvilla,03399985434,MH44 XG 6138,WagonR,4.2,18
DRV8147,Ekaraj Vora,8031721859,MH50 JQ 9924,Maruti Ertiga,3.6,10
DRV8148,Baljiwan Gala,7931150538,MH42 UW 9662,Hyundai i20,4.8,17
DRV8149,Reva Palla,09023812617,MH22 EC 8070,Hyundai i20,4.8,19
DRV8150,Osha Tiwari,03275318786,MH12 FN 3265,Mahindra XUV700,4.2,8
DRV8151,Baljiwan Saran,06426084684,MH47 WG 4708,Honda City,3.6,7
DRV8152,Noah Om,2727631152,MH47 HF 2420,Swift Dzire,4.7,10
DRV8153,Eiravati More,09887800640,MH44 CM 6820,Kia Seltos,4.6,20
DRV8154,Priya Barad,+913673426783,MH19 TU 2203,Honda City,3.5,15
DRV8155,Riya Chauhan,+912058866518,MH47 KZ 3204,Mahindra XUV700,4.8,1
DRV8156,Hitesh Rana,+917373723453,MH24 EZ 3877,Honda City,4.3,10
DRV8157,Ayush Ahluwalia,+914161732343,MH46 AL 6003,Hyundai i20,4.9,12
DRV8158,Ria Mohanty,4621991826,MH38 JS 7476,Maruti Ertiga,3.7,1
DRV8159,Arjun Sachdev,06428566346,MH26 LF 6689,Kia Seltos,4.2,5
DRV8160,Liam Karpe,8651413412,MH13 KT 3023,Maruti Ertiga,3.6,19
DRV8161,Chaitanya Arya,3804485195,MH6 UA 1916,Maruti Ertiga,3.8,2
DRV8162,Anjali Kalla,07290146467,MH12 AM 2291,WagonR,4.1,3
DRV8163,Robert Kapur,+911074845690,MH18 KG 7066,Swift Dzire,4.9,8
DRV8164,Isha Dubey,09601029878,MH16 VY 1068,Toyota Innova,3.6,6
DRV8165,Balveer Dewan,6989640809,MH17 AF 9992,Hyundai Creta,4.5,20
DRV8166,Meghana Bhakta,+910880281822,MH35 NV 6219,Hyundai i20,4.8,3
DRV8167,Pranav Dave,5947214622,MH47 SX 4362,Swift Dzire,4.1,12
DRV8168,Anirudh Kothari,+917719681079,MH24 WC 6048,Mahindra XUV700,4.8,15
DRV8169,Damyanti Vala,2789545234,MH25 AT 2984,Tata Nexon,4.2,2
DRV8170,Nathan Krishnan,9725048506,MH46 VJ 6398,Toyota Innova,3.6,4
DRV8171,Isha Kapadia,+914444278905,MH4 WQ 2193,Mahindra XUV700,4.2,9
DRV8172,Indira Banerjee,02842712491,MH4 CF 3166,Hyundai i20,3.8,14
DRV8173,Radhika Narasimhan,1895242876,MH26 WR 8608,Swift Dzire,4.1,20
DRV8174,Michael Bajwa,05840077393,MH4 LM 0914,Hyundai Creta,4.8,5
DRV8175,Ekani Sachdev,+910386292415,MH18 XG 7869,Toyota Innova,4.0,6
DRV8176,Oviya Boase,6111682167,MH21 LX 0033,Toyota Innova,3.9,9
DRV8177,Gautami Saini,0676225265,MH20 HI 9685,Kia Seltos,4.8,17
DRV8178,Veda Badal,05260955502,MH43 BJ 7316,Toyota Innova,4.3,7
DRV8179,Faris Walia,09130743330,MH26 UP 4037,Kia Seltos,4.7,9
DRV8180,Robert Chada,+915914856166,MH47 YA 7674,Kia Seltos,3.5,2
DRV8181,Radhika Som,06768590071,MH30 EG 1958,Hyundai Creta,3.5,18
DRV8182,Zaitra Palan,+917395945166,MH5 KI 8912,Maruti Ertiga,4.5,8
DRV8183,Anvi Chandra,8608884066,MH6 TQ 3960,Maruti Ertiga,3.6,6
DRV8184,Yashica Viswanathan,1433233912,MH33 FY 4853,Toyota Innova,5.0,3
DRV8185,Timothy Mannan,05410498378,MH48 OC 9974,Hyundai Creta,4.5,10
DRV8186,Kavya Modi,0969094466,MH9 FL 1024,Mahindra XUV700,5.0,4
DRV8187,Sara Raja,+915581639052,MH10 JB 6479,Honda City,4.1,16
DRV8188,Qabil Mannan,6205663273,MH34 NL 8723,Maruti Ertiga,4.1,8
DRV8189,Devansh Vaidya,06194864707,MH3 BN 3425,Maruti Ertiga,4.2,2
DRV8190,Lipika Tak,03381527243,MH38 MU 2922,Kia Seltos,3.5,7
DRV8191,Veda Sen,4964742365,MH9 KS 5783,Hyundai i20,4.3,7
DRV8192,Idika Dani,6572401623,MH35 KW 7621,Honda City,3.6,16
DRV8193,Jason Nadkarni,07853781655,MH23 HM 3788,Honda City,4.7,4
DRV8194,Henry Shan,1690091941,MH50 SB 4307,WagonR,4.0,14
DRV8195,Yashasvi Pal,03085667613,MH26 KV 7124,Kia Seltos,3.8,17
DRV8196,Osha Palan,2383262130,MH12 XR 9956,Hyundai Creta,4.7,12
DRV8197,Ladli Dhingra,2411997638,MH47 CV 7789,Hyundai i20,4.5,3
DRV8198,Anmol Hegde,+911407508525,MH13 CR 3286,Hyundai i20,4.8,7
DRV8199,Omya Garg,05417539126,MH26 JK 2817,Tata Nexon,4.2,10
DRV8200,Balvan Ratta,+914677540657,MH6 IJ 7038,Mahindra XUV700,3.7,8
DRV8201,Ekaraj Kapoor,+917527684146,MH19 NY 5512,Swift Dzire,3.6,1
DRV8202,Ati Balan,3045415662,MH35 CF 1191,Honda City,4.9,16
DRV8203,Balvan Sanghvi,+914024535728,MH35 YJ 4832,Swift Dzire,4.7,14
DRV8204,Janya Bose,+911314709024,MH27 MF 5248,Hyundai Creta,4.0,1
DRV8205,Waida Subramanian,+912331456613,MH21 KO 7837,Tata Nexon,4.3,15
DRV8206,Ekaja Konda,+910166209421,MH13 VF 4529,Swift Dzire,3.9,13
DRV8207,Nihal Sastry,4110677341,MH7 CB 3837,Honda City,4.2,6
DRV8208,Imaran Buch,8663753638,MH27 NY 6622,Toyota Innova,4.0,7
DRV8209,Sai Khosla,03888670092,MH23 YK 4349,Hyundai Creta,4.9,7
DRV8210,Ethan Sinha,0909731432,MH27 CK 5071,Mahindra XUV700,4.4,10
DRV8211,Samarth Ahluwalia,+919873420914,MH26 CB 7468,Kia Seltos,3.9,7
DRV8212,Arunima Dyal,+919859554684,MH18 AI 0041,Swift Dzire,3.9,14
DRV8213,Urishilla Singh,4538296379,MH38 MN 1753,Tata Nexon,3.7,6
DRV8214,Mitali Rai,+918908473399,MH38 MU 2922,Tata Nexon,4.3,10
DRV8215,Jyoti Kale,+910130859684,MH20 RR 1158,Swift Dzire,3.9,17
DRV8216,Chavvi Thakkar,03104079990,MH15 ZQ 3893,Hyundai Creta,4.4,3
DRV8217,Oeshi Sha,09059034703,MH27 LO 9901,Mahindra XUV700,4.2,12
DRV8218,Aahana Hegde,+910381376220,MH22 WC 5709,Mahindra XUV700,3.8,2
DRV8219,Neha Kunda,+915324403778,MH9 IM 9611,Mahindra XUV700,3.9,10
DRV8220,Baljiwan Bandi,+911234772261,MH34 DS 4214,Kia Seltos,3.8,15
DRV8221,Nilima Sura,00978647067,MH8 ZS 9952,Kia Seltos,4.4,18
DRV8222,Hamsini Brar,+918803325211,MH21 AN 9898,Mahindra XUV700,3.7,7
DRV8223,Pratyush Dash,8300639888,MH2 XN 5835,WagonR,4.4,20
DRV8224,Hiral Bal,7528793367,MH29 XC 5690,Swift Dzire,4.9,8
DRV8225,Kabir Garde,06802197944,MH37 XY 8634,Swift Dzire,4.2,6
DRV8226,Chatresh Contractor,2620961800,MH45 NA 3968,Honda City,4.9,5
DRV8227,Karan Saxena,+915716760256,MH32 XW 6565,Mahindra XUV700,3.7,8
DRV8228,Praneel Tailor,5067293714,MH49 KM 1195,Hyundai i20,4.6,13
DRV8229,Mahika Suri,9039448992,MH31 YD 5453,WagonR,3.9,20
DRV8230,Dhruv Deo,06236390206,MH34 AW 0566,Maruti Ertiga,4.9,11
DRV8231,Eesha Vohra,7521812894,MH9 NO 8653,Mahindra XUV700,4.5,6
DRV8232,Aishani Maharaj,+913958053600,MH41 JL 5956,Swift Dzire,3.7,13
DRV8233,Netra Kakar,08756673854,MH20 OH 3478,Maruti Ertiga,3.8,16
DRV8234,Mohammed Jayaraman,+917363054639,MH13 UT 6320,Kia Seltos,4.6,14
DRV8235,Bahadurjit Anne,8044933816,MH28 EG 0064,Mahindra XUV700,3.7,18
DRV8236,Shaurya Chada,09623597860,MH45 IW 7984,Toyota Innova,4.9,17
DRV8237,Garima Hora,+916669575706,MH33 JL 2098,Toyota Innova,4.9,15
DRV8238,Baghyawati Sachdeva,+913321071659,MH2 KR 0430,Tata Nexon,3.5,10
DRV8239,Dipta Natarajan,8798582521,MH50 HY 4170,Hyundai Creta,4.0,20
DRV8240,Faras Randhawa,04201956939,MH18 MH 5427,Hyundai Creta,4.7,15
DRV8241,Brijesh Maharaj,+919929995699,MH16 VX 9160,Tata Nexon,3.9,18
DRV8242,Gunbir Tiwari,+915065634917,MH4 RG 5065,Hyundai i20,3.6,20
DRV8243,Umang Brar,+916211366993,MH7 TS 2992,Tata Nexon,4.6,5
DRV8244,Jalsa Shroff,01276631297,MH30 WG 6982,Honda City,4.3,15
DRV8245,Anusha Chahal,4385218729,MH4 VA 4742,Swift Dzire,4.4,6
DRV8246,Amara Sahni,04002583908,MH1 YD 9985,Tata Nexon,4.2,9
DRV8247,Jason Pradhan,+918849184495,MH50 OQ 0833,Hyundai Creta,5.0,8
DRV8248,Chandran Pal,+915425042255,MH12 NR 7123,Hyundai i20,4.7,14
DRV8249,Laksh Sem,02992040663,MH46 FR 0899,Tata Nexon,3.8,8
DRV8250,Upasna Saha,+914237708714,MH22 EC 8070,Honda City,4.1,20
DRV8251,Ijaya Khosla,+916513888738,MH9 TI 5649,Hyundai Creta,4.7,15
DRV8252,Jasmit Chahal,+915225878487,MH39 HF 9517,Swift Dzire,5.0,17
DRV8253,Devansh Dutta,03283300137,MH16 HA 4175,Maruti Ertiga,5.0,18
DRV8254,Veer Sura,01176937860,MH44 HP 7821,Hyundai Creta,4.2,11
DRV8255,Leela Soman,+918050702534,MH6 WB 8703,Honda City,4.1,20
DRV8256,Pratyush Vig,+912979543180,MH7 PM 1759,Kia Seltos,4.4,16
DRV8257,Varenya Pillai,2606221026,MH3 EM 4724,Honda City,4.8,11
DRV8258,Jacob Buch,9092956209,MH27 YB 4591,Mahindra XUV700,4.5,3
DRV8259,Chameli Panchal,+919291319268,MH19 TE 4631,Tata Nexon,3.6,14
DRV8260,Nitara Lall,02300371824,MH14 PY 7700,Hyundai Creta,4.7,16
DRV8261,Geetika Ahuja,01720259506,MH5 EY 8596,Honda City,3.7,11
DRV8262,Lakshit Bhakta,02442682145,MH37 ZO 1094,Mahindra XUV700,3.6,20
DRV8263,Ekiya Malhotra,2428402205,MH4 BA 1160,Swift Dzire,3.6,17
DRV8264,Aryan Bhatnagar,04833764247,MH39 SR 6136,Swift Dzire,4.8,11
DRV8265,Shivani Kamdar,9733741646,MH15 VT 3577,Tata Nexon,4.9,15
DRV8266,Nidra Barad,05268735301,MH5 UJ 9344,Hyundai Creta,4.3,11
DRV8267,Brinda Tata,4797558361,MH47 ZM 9268,Honda City,4.5,17
DRV8268,Charan Thaman,+915382546797,MH47 SR 2458,Mahindra XUV700,4.5,14
DRV8269,Mason De,7301067452,MH31 TA 2338,Hyundai Creta,4.9,3
DRV8270,Leena Pradhan,+917380707637,MH33 TJ 3443,Tata Nexon,4.3,15
DRV8271,Nihal Sandal,8053270979,MH14 KV 6606,Tata Nexon,4.9,15
DRV8272,Mahika Som,07627425845,MH46 ZS 5715,Hyundai i20,3.8,16
DRV8273,Nathan Contractor,9247745341,MH15 TN 9202,Honda City,3.8,2
DRV8274,Warda Lata,+913532306628,MH36 LQ 3517,Swift Dzire,4.4,11
DRV8275,Teerth Balakrishnan,04668025993,MH34 NV 5726,Hyundai i20,4.5,15
DRV8276,Ekantika Dhar,06255417332,MH26 PS 5974,Mahindra XUV700,4.9,5
DRV8277,Krisha Mallick,1818477166,MH42 RG 1012,Tata Nexon,4.7,18
DRV8278,Ranbir Chaudhry,08759777302,MH9 QG 2990,Swift Dzire,4.0,8
DRV8279,Raagini Rastogi,01503542404,MH49 MX 6804,Swift Dzire,3.8,12
DRV8280,Vincent Vasa,+913827656447,MH32 GK 6444,Swift Dzire,3.9,2
DRV8281,Unnati Oak,+913530217379,MH22 CC 5278,Hyundai Creta,4.1,5
DRV8282,Eshana Anand,6175184675,MH10 SQ 2843,Hyundai Creta,4.0,16
DRV8283,Yuvraj Korpal,+912281316957,MH5 IK 5338,Kia Seltos,3.7,3
DRV8284,Saumya Gera,0850342951,MH5 YX 5369,Hyundai Creta,3.8,10
DRV8285,Oviya Krishnan,03327196994,MH15 CW 2145,Maruti Ertiga,3.9,3
DRV8286,Wahab Sane,3907041851,MH50 RF 6508,Maruti Ertiga,3.5,18
DRV8287,Meera Khurana,+919416364269,MH27 QM 8720,Maruti Ertiga,3.8,8
DRV8288,Fitan Kumer,9554759629,MH38 WG 9312,Toyota Innova,4.3,5
DRV8289,Shaurya Padmanabhan,04324505585,MH45 EH 6363,Toyota Innova,3.5,8
DRV8290,Mahika Dhar,03966301586,MH21 IV 5176,Hyundai Creta,5.0,3
DRV8291,Vincent Johal,9454053041,MH14 LL 8803,Swift Dzire,4.3,10
DRV8292,Fiyaz Parmer,0955700427,MH14 ZE 8626,Tata Nexon,3.6,13
DRV8293,Zarna Sanghvi,7888197386,MH4 KR 0813,WagonR,4.4,18
DRV8294,Aryan Ganguly,2438190117,MH35 SV 2004,Tata Nexon,3.8,17
DRV8295,Charles Mangat,+916712552677,MH32 ZB 5321,Honda City,4.2,2
DRV8296,Aarav Bir,0698494282,MH5 HA 7075,Hyundai i20,4.5,2
DRV8297,Manan Kamdar,03077574916,MH39 QF 3373,Mahindra XUV700,4.2,7
DRV8298,Ekalinga Wagle,+914910004849,MH2 ST 6586,Toyota Innova,3.8,19
DRV8299,Devika Goda,01201220866,MH28 XV 8052,Hyundai i20,4.2,15
DRV8300,Reva Dey,+911808240646,MH10 RF 2098,Maruti Ertiga,3.5,13
DRV8301,Yash Lalla,+919236241782,MH34 IC 4159,Mahindra XUV700,3.7,13
DRV8302,Yamini Gera,6903716359,MH12 MM 1769,Maruti Ertiga,3.8,18
DRV8303,Bhavika Tak,+913401784732,MH6 CM 5322,Maruti Ertiga,4.5,4
DRV8304,Jeremiah Raman,4870418188,MH30 UG 3231,Tata Nexon,4.1,11
DRV8305,Raagini Buch,8240875584,MH30 AE 2438,Kia Seltos,4.9,20
DRV8306,Netra Kade,04555943509,MH33 DA 5396,Hyundai i20,3.7,13
DRV8307,Manbir Shanker,4334231548,MH1 NQ 2692,Maruti Ertiga,3.5,16
DRV8308,Januja Chander,+910011305012,MH32 YQ 4983,Swift Dzire,3.5,17
DRV8309,Daksha Kalita,+912157873057,MH49 FM 0295,Swift Dzire,4.2,9
DRV8310,Pavani Baral,05854927125,MH18 YT 9243,Tata Nexon,4.1,15
DRV8311,Aarush Chauhan,+919094550638,MH34 NK 0481,Tata Nexon,3.6,18
DRV8312,Eiravati Mitra,09252313746,MH1 WO 2100,Maruti Ertiga,3.6,3
DRV8313,Aadi Goswami,4916312168,MH6 CE 6882,Maruti Ertiga,4.5,11
DRV8314,Upma Jani,+913293595047,MH15 NJ 6939,Hyundai i20,4.3,3
DRV8315,Zehaan Bal,+919082579978,MH39 GE 9717,Honda City,4.4,19
DRV8316,Kamya Sami,4658489490,MH15 WZ 3990,WagonR,3.5,10
DRV8317,Karan Sekhon,9110242437,MH49 CU 0879,Maruti Ertiga,4.1,18
DRV8318,Gaurangi Prabhu,+911764592261,MH23 CU 4776,WagonR,4.2,16
DRV8319,Charita Sinha,08780138385,MH50 LS 4037,Honda City,4.7,3
DRV8320,Caleb Dada,5946102109,MH13 FH 7749,Hyundai Creta,4.3,7
DRV8321,Tejas Shroff,01431237537,MH1 YW 9453,Hyundai i20,3.5,14
DRV8322,Ria Deo,1644137354,MH21 FS 8006,Toyota Innova,3.9,4
DRV8323,Amrita Khare,+916242078578,MH30 XZ 3265,WagonR,3.9,16
DRV8324,Imaran Ramachandran,1798024014,MH18 HV 9459,Tata Nexon,4.9,20
DRV8325,Krishna Deol,08832374048,MH5 JZ 5844,Kia Seltos,3.9,9
DRV8326,Triya Sridhar,1827101091,MH40 UA 9379,Toyota Innova,4.2,12
DRV8327,Yashoda Bhattacharyya,3732119456,MH33 PD 2864,WagonR,4.9,13
DRV8328,Christopher Mani,1195199192,MH23 SR 8370,Mahindra XUV700,3.9,18
DRV8329,Hemang Kala,+914712318445,MH18 DN 7892,Toyota Innova,4.8,12
DRV8330,Oscar Dugar,09712592693,MH38 DY 2062,Tata Nexon,3.8,9
DRV8331,Shivansh Arora,4009549579,MH50 YW 2235,Honda City,3.8,4
DRV8332,Yachana Sangha,4676615128,MH27 LO 9901,Kia Seltos,4.2,9
DRV8333,Sanaya Rajagopal,2316043530,MH1 PD 3626,Mahindra XUV700,4.2,15
DRV8334,Yasti Bali,06091637994,MH43 VP 1935,Hyundai i20,4.6,12
DRV8335,Yashawini Khanna,7944040356,MH29 FQ 5815,Honda City,3.6,19
DRV8336,Aarini Rege,05208907415,MH43 LV 0726,Honda City,4.7,2
DRV8337,Aarnav Pathak,+910062866397,MH10 SN 8298,Kia Seltos,3.6,2
DRV8338,Yashvi Dhar,04932800200,MH14 HC 1525,Tata Nexon,4.6,2
DRV8339,Rushil Talwar,09879024645,MH10 DB 6903,Honda City,4.9,3
DRV8340,Ganga Jaggi,+918386797733,MH39 BN 8374,Tata Nexon,4.7,7
DRV8341,Daksh Aurora,06388269857,MH44 RX 4462,Swift Dzire,3.7,15
DRV8342,Raagini Warrior,+919198608879,MH44 GO 4637,Hyundai i20,4.7,2
DRV8343,Jagdish Kaul,02169784560,MH47 MN 5884,Toyota Innova,4.0,12
DRV8344,Atharv Luthra,1243653848,MH4 EC 9306,Swift Dzire,4.2,2
DRV8345,Jason Bhatti,0463650876,MH31 XN 7924,Hyundai Creta,4.9,17
DRV8346,Chanchal Sawhney,8630796125,MH34 AQ 6708,Mahindra XUV700,4.0,19
DRV8347,Indali Dhingra,+919631829387,MH3 JV 8527,Honda City,4.8,1
DRV8348,Reva Sawhney,1919753890,MH9 TO 1899,Tata Nexon,3.8,13
DRV8349,Krish Saha,5342473370,MH47 TK 2330,Hyundai i20,4.0,14
DRV8350,Netra Ramaswamy,4477545159,MH31 XB 6437,Hyundai i20,4.9,16
DRV8351,Frederick Rao,+919981872107,MH33 HG 2546,Tata Nexon,3.8,1
DRV8352,Tanmayi Kumar,+911115351153,MH1 OQ 6088,Swift Dzire,5.0,20
DRV8353,Aarush Singh,+913846543653,MH37 II 5229,Mahindra XUV700,4.0,5
DRV8354,Yachana Gopal,2689750743,MH21 ZG 1570,Honda City,4.5,17
DRV8355,Ranbir Thaman,00179340019,MH27 NV 3500,Honda City,4.2,6
DRV8356,Dominic Palla,05876096156,MH30 XZ 3265,WagonR,4.5,3
DRV8357,Raghav Natt,+913591570579,MH47 NK 5186,Honda City,4.0,9
DRV8358,Zehaan Verma,02259881691,MH10 RF 8137,Mahindra XUV700,4.7,7
DRV8359,Zayyan Shanker,2569052057,MH48 DF 1601,Maruti Ertiga,4.4,4
DRV8360,Ucchal Kata,4907157703,MH10 KU 5976,Maruti Ertiga,4.8,19
DRV8361,Chakradhar Misra,+913352484396,MH39 FX 3223,Kia Seltos,5.0,10
DRV8362,Hardik Bakshi,01981063269,MH26 OZ 4116,Hyundai i20,5.0,3
DRV8363,Ekiya Bhandari,9646926124,MH38 LO 9418,WagonR,4.5,7
DRV8364,Urmi Tata,+915688817417,MH14 GK 8586,Tata Nexon,3.7,6
DRV8365,Anusha Palla,2567757348,MH46 QV 0468,Hyundai Creta,4.2,3
DRV8366,Leena Ram,02524087679,MH17 YO 8507,Honda City,4.6,4
DRV8367,Urishilla Dubey,+917632574999,MH28 JL 5437,Maruti Ertiga,4.4,5
DRV8368,Rudra Ramachandran,8164220369,MH18 BI 8589,Kia Seltos,3.6,20
DRV8369,Timothy Thakur,06636225377,MH35 GA 1010,Swift Dzire,4.3,19
DRV8370,Frado Nadig,5643289642,MH12 HV 6957,Honda City,4.1,20
DRV8371,Yashica Om,4288063069,MH9 EQ 6515,Mahindra XUV700,4.6,10
DRV8372,Siddharth Khosla,+914929529906,MH39 HU 4240,Hyundai Creta,4.8,11
DRV8373,Falguni Gade,03252811092,MH31 PV 6315,Mahindra XUV700,4.6,20
DRV8374,Warinder Devan,08455377598,MH26 GE 7014,Hyundai Creta,4.2,17
DRV8375,Amrita Mukhopadhyay,+913170522773,MH27 GR 2976,Kia Seltos,3.7,4
DRV8376,Niharika Cheema,08324657303,MH3 VQ 5594,Mahindra XUV700,4.4,10
DRV8377,Arin Nath,06431151345,MH19 DT 6738,Mahindra XUV700,4.8,6
DRV8378,Banjeet Bajwa,3046667341,MH32 RU 4293,Tata Nexon,4.4,16
DRV8379,Indali Sankaran,0288425157,MH3 BZ 6088,WagonR,3.8,1
DRV8380,Upkaar Chaudhuri,+919466934044,MH18 QJ 9545,Toyota Innova,3.8,11
DRV8381,Tanveer More,+916357277993,MH34 PB 2179,Swift Dzire,4.9,18
DRV8382,Harsh Lall,00584372142,MH17 TW 4636,WagonR,4.2,20
DRV8383,Chanakya Sandhu,+913253324623,MH3 UH 6112,Maruti Ertiga,3.6,4
DRV8384,Jeremiah Ratta,7288467348,MH41 GZ 4155,Tata Nexon,4.5,1
DRV8385,Eta Gandhi,+910841529497,MH19 ZO 7947,WagonR,4.6,8
DRV8386,Samaksh Sami,3867795572,MH29 MO 6074,Mahindra XUV700,4.6,7
DRV8387,Azaan Deep,08737507831,MH16 WT 3706,Tata Nexon,4.3,2
DRV8388,Harshil Lata,00353246520,MH10 SL 0603,Maruti Ertiga,3.5,3
DRV8389,Kamala Soni,+917217526418,MH35 WL 4923,WagonR,4.4,17
DRV8390,Rachita Oza,09865735621,MH8 HD 1441,Mahindra XUV700,5.0,9
DRV8391,Chaitanya Mander,5114341045,MH15 TN 9202,Honda City,3.7,16
DRV8392,Saumya Loke,9123986693,MH25 KP 5964,Swift Dzire,4.2,18
DRV8393,Mugdha Mitter,5432515111,MH3 YR 3012,Hyundai Creta,4.4,15
DRV8394,Kamya Sanghvi,+912525490110,MH28 ZO 3540,WagonR,4.1,2
DRV8395,Oeshi Panchal,+918101652696,MH36 GA 4220,Hyundai Creta,4.0,4
DRV8396,Netra Saxena,+912767257331,MH47 IF 2155,Honda City,4.9,6
DRV8397,Keya Kannan,9282717979,MH2 DU 5322,WagonR,4.7,14
DRV8398,Hemani Ramachandran,9256620043,MH40 CZ 7669,Mahindra XUV700,4.2,13
DRV8399,Panini Mall,+915845852319,MH6 UU 8320,Toyota Innova,3.8,12
DRV8400,Max Rastogi,07022636653,MH27 JN 0386,Tata Nexon,5.0,15
DRV8401,Brinda Mander,06406051004,MH42 GE 6856,Hyundai i20,4.1,18
DRV8402,William Kunda,00921835180,MH22 DC 1964,Toyota Innova,5.0,1
DRV8403,Shravya Gulati,00756093618,MH50 BU 8187,Hyundai Creta,4.1,13
DRV8404,Noah Mody,09091125400,MH15 HF 0016,Toyota Innova,4.7,17
DRV8405,Falguni Patil,8346989326,MH36 FR 0323,Tata Nexon,4.6,12
DRV8406,Shravya Yogi,+916741163991,MH23 UJ 2927,Tata Nexon,4.5,12
DRV8407,Daniel Dutt,00541899181,MH29 OJ 5275,Hyundai Creta,4.6,15
DRV8408,Zaitra Rout,08181021922,MH40 FR 0394,Tata Nexon,4.5,18
DRV8409,Hamsini Sane,08872318767,MH27 WZ 7692,Mahindra XUV700,4.7,3
DRV8410,Laksh Zacharia,03618589088,MH8 AU 8200,Hyundai Creta,3.8,10
DRV8411,Vritti Morar,01163807545,MH44 IU 0979,Honda City,4.8,20
DRV8412,Janya Palla,+919397843573,MH46 WM 2941,Mahindra XUV700,4.3,3
DRV8413,Victor Ganesan,+916387335215,MH9 RH 2668,Maruti Ertiga,4.9,1
DRV8414,Amara Setty,3466208812,MH12 KL 0306,Kia Seltos,5.0,14
DRV8415,Ubika Parmar,09770143884,MH15 MT 2343,Honda City,3.7,10
DRV8416,Abdul Gandhi,07566414091,MH7 KV 9175,Mahindra XUV700,3.7,7
DRV8417,Luke Pal,+916217332350,MH34 QW 2774,Hyundai i20,4.5,15
DRV8418,Xavier Krishna,01660284359,MH1 PL 0280,Kia Seltos,5.0,17
DRV8419,Chakradev Narain,05253068879,MH47 DZ 2273,Mahindra XUV700,3.6,9
DRV8420,Lakshit Peri,05727298444,MH4 QV 1916,Toyota Innova,4.3,5
DRV8421,Pranav Ramachandran,04248790478,MH49 BX 4183,Toyota Innova,5.0,13
DRV8422,Abhimanyu Nair,03776174386,MH47 QU 1901,Honda City,4.9,7
DRV8423,Panini Rajagopal,07263988158,MH14 BY 1993,Kia Seltos,4.4,10
DRV8424,Dipta Vasa,1811102496,MH8 SI 0670,Hyundai Creta,4.4,16
DRV8425,Nachiket Mannan,+912003225073,MH27 NV 3500,Tata Nexon,4.4,14
DRV8426,Bhavani Edwin,1297706717,MH8 WW 6421,Maruti Ertiga,3.8,11
DRV8427,Yadavi Ravi,00788944368,MH6 LJ 4498,WagonR,4.8,4
DRV8428,Indrajit Shetty,9124411960,MH22 EE 4542,Swift Dzire,3.8,12
DRV8429,Ishanvi Pathak,+910903375728,MH35 LD 9932,Hyundai Creta,3.5,6
DRV8430,Brinda Sabharwal,9042161395,MH15 IC 3467,Mahindra XUV700,3.6,4
DRV8431,Zansi Dave,09297316309,MH25 VQ 4745,Hyundai Creta,5.0,13
DRV8432,Ishita Sheth,8834497284,MH14 TN 6107,Honda City,3.6,8
DRV8433,Finn Chauhan,5282103152,MH43 YY 7733,Hyundai Creta,3.5,11
DRV8434,Atharv Kaur,9108495095,MH49 SU 5317,Honda City,4.2,14
DRV8435,Meghana Kannan,2177503040,MH9 IA 7179,Toyota Innova,4.2,11
DRV8436,Xiti Bhat,5403588185,MH8 RR 7188,Maruti Ertiga,3.9,19
DRV8437,Jhalak Chad,0754757493,MH30 PF 8883,Toyota Innova,4.1,18
DRV8438,Dhriti Menon,+915416098925,MH28 LV 4780,Swift Dzire,4.0,19
DRV8439,Dakshesh Bahl,3151810034,MH17 MG 3073,Mahindra XUV700,5.0,13
DRV8440,Quincy Cheema,01823056877,MH10 CP 9839,Kia Seltos,4.6,7
DRV8441,Darpan Vohra,02116808786,MH16 SA 9992,Tata Nexon,4.0,20
DRV8442,Abdul Soman,+914158919538,MH29 NP 9278,Hyundai i20,3.6,15
DRV8443,Liam Sandhu,01803240324,MH23 OC 0268,Maruti Ertiga,3.6,3
DRV8444,Janya Yogi,1068515666,MH49 YA 4754,Toyota Innova,3.9,4
DRV8445,Radha Kapur,+916710578767,MH21 MY 0319,Maruti Ertiga,4.8,19
DRV8446,Alexander Warrior,05359029255,MH45 IT 2195,Hyundai Creta,3.6,12
DRV8447,Inaya Goyal,4815233653,MH46 YH 9949,Hyundai Creta,4.1,1
DRV8448,Vinaya Balakrishnan,+919092263113,MH20 OL 4805,Swift Dzire,3.6,14
DRV8449,Krishna Tandon,02756704216,MH50 ZL 4693,Toyota Innova,3.8,10
DRV8450,Krishna Aurora,+916917818098,MH6 RR 6405,Mahindra XUV700,4.0,12
DRV8451,Ati Gandhi,02153685515,MH26 OZ 4116,Mahindra XUV700,4.3,20
DRV8452,Anusha Sethi,05161109739,MH17 PF 2614,Honda City,4.3,11
DRV8453,Zansi Gaba,0849499342,MH10 MJ 7896,Swift Dzire,5.0,9
DRV8454,Patrick Dhawan,+917403909519,MH39 QE 1459,Honda City,4.3,2
DRV8455,Shivansh Devan,04611336658,MH48 HY 1490,WagonR,4.7,5
DRV8456,Chaitanya Guha,1663820316,MH38 RO 5056,Hyundai i20,3.9,18
DRV8457,Vaishnavi Bhatia,07228978526,MH39 KQ 4451,WagonR,4.2,12
DRV8458,Luke Bala,00372299533,MH27 IM 4238,Swift Dzire,4.7,14
DRV8459,Chasmum Peri,7939337689,MH24 UH 9081,Hyundai i20,3.6,8
DRV8460,Nandini Thaker,09773819791,MH11 EJ 3015,WagonR,3.7,17
DRV8461,Jagrati Agarwal,08416391782,MH17 WY 9122,Maruti Ertiga,4.0,15
DRV8462,Vedant Dave,+917199990377,MH6 LU 5564,Maruti Ertiga,5.0,1
DRV8463,Samuel Kaul,1612452137,MH40 HP 0342,Honda City,3.7,10
DRV8464,Pooja Shah,2084316004,MH34 JI 3068,Toyota Innova,3.6,12
DRV8465,Chaitanya Parekh,4417742776,MH36 CN 2863,Tata Nexon,4.2,3
DRV8466,Daksh Bhatnagar,0552383781,MH35 VG 4610,Toyota Innova,3.5,20
DRV8467,Raksha Mann,+918017426385,MH7 OI 2857,Toyota Innova,4.3,6
DRV8468,Diya Sidhu,+912939006948,MH34 VG 0212,Maruti Ertiga,4.6,9
DRV8469,Avni Samra,+919415946192,MH35 YJ 4832,Toyota Innova,4.1,5
DRV8470,Megha Sule,00004715274,MH1 FA 0299,Tata Nexon,4.8,15
DRV8471,Laksh Saraf,1441693315,MH6 VD 6455,Hyundai i20,4.6,15
DRV8472,Divya Mannan,+916586392806,MH4 IL 7805,Kia Seltos,4.2,20
DRV8473,Rachita Wali,07281549907,MH4 UY 6296,Hyundai i20,4.9,9
DRV8474,Qadim Balay,4015114300,MH26 JY 3103,WagonR,4.3,1
DRV8475,Yashawini Butala,02147007596,MH39 MX 0644,Swift Dzire,4.9,9
DRV8476,Wriddhish Saraf,03073621657,MH20 IE 9469,Hyundai i20,4.7,6
DRV8477,Yashoda Tank,2536713804,MH20 LX 6251,Hyundai i20,4.1,9
DRV8478,Gayathri More,2791958372,MH50 UK 6215,Tata Nexon,4.6,17
DRV8479,Indali Bhasin,+919643713799,MH33 PR 9770,Toyota Innova,4.0,14
DRV8480,Aadi Khurana,+912098420408,MH38 NE 5562,Tata Nexon,4.2,20
DRV8481,Patrick Chakrabarti,+918994563762,MH4 NV 2318,Tata Nexon,4.3,15
DRV8482,Wakeeta Mittal,+919106740370,MH31 QU 8189,Hyundai i20,4.5,18
DRV8483,Urvashi Natarajan,+915926974600,MH17 QE 2432,Kia Seltos,4.8,15
DRV8484,Gaurav Setty,9944652330,MH44 WA 0738,Swift Dzire,4.0,12
DRV8485,Libni Bahri,+916890044332,MH46 JD 7702,Hyundai Creta,3.7,13
DRV8486,Dalbir Saini,+914273211369,MH40 NS 9189,Tata Nexon,4.0,14
DRV8487,Aarnav Palla,08755221304,MH38 SX 5185,Hyundai i20,4.8,2
DRV8488,Udarsh Jayaraman,7772523716,MH7 TG 1437,Maruti Ertiga,3.9,14
DRV8489,Naksh Singh,08081387463,MH23 DZ 0874,Tata Nexon,3.8,14
DRV8490,Chaitanya Bora,+913176128563,MH3 UF 7186,Hyundai i20,4.1,12
DRV8491,Nitesh Master,6243060476,MH14 NZ 2700,Kia Seltos,4.6,2
DRV8492,Riya Upadhyay,8057948769,MH30 JP 1008,Maruti Ertiga,4.6,8
DRV8493,Chandran Tak,+912773046653,MH33 OJ 6191,Hyundai Creta,4.2,13
DRV8494,Unni Mall,7630446271,MH20 PN 3438,Kia Seltos,4.6,18
DRV8495,Omkaar Nadig,+912857570220,MH18 VD 0150,Maruti Ertiga,4.0,17
DRV8496,Aarna Grewal,04183831218,MH32 NH 0262,WagonR,4.0,16
DRV8497,Gaurav Sachdeva,8923747587,MH9 BF 2562,Swift Dzire,4.9,6
DRV8498,Aarush Kant,5184746740,MH37 KN 3725,Swift Dzire,4.4,6
DRV8499,Divya Mitter,8367905560,MH45 SG 5871,Maruti Ertiga,4.8,17
DRV8500,Neha Varghese,02759442531,MH50 IO 2885,Toyota Innova,4.0,15
DRV8501,Baljiwan Pall,1253215055,MH45 QS 2267,WagonR,4.3,13
DRV8502,Xiti Jayaraman,04762039880,MH40 YS 3402,Swift Dzire,4.7,3
DRV8503,Ridhi Basu,03488875614,MH41 VN 7638,Kia Seltos,3.5,4
DRV8504,Eshana Lalla,0968393239,MH26 YU 9918,Hyundai Creta,4.3,5
DRV8505,Abhiram Setty,8608229181,MH39 LA 8659,Mahindra XUV700,4.4,10
DRV8506,Faris Pingle,05949803991,MH1 HH 8195,Hyundai i20,4.7,14
DRV8507,Samesh Wali,07447741878,MH27 TQ 4343,WagonR,3.6,3
DRV8508,Ekavir Singhal,00303332999,MH20 QH 5648,Swift Dzire,3.8,7
DRV8509,Vasudha Bhatnagar,00482562174,MH31 OE 4268,Hyundai i20,3.5,18
DRV8510,Orinder Chauhan,+915340708130,MH42 DO 1808,WagonR,4.8,1
DRV8511,Xiti Yohannan,6054976642,MH50 BU 7993,Tata Nexon,4.9,15
DRV8512,Baghyawati Tank,0376306079,MH24 LM 9015,Toyota Innova,4.3,8
DRV8513,Ekaraj Salvi,+912811368202,MH29 YE 9593,Toyota Innova,4.6,15
DRV8514,Krishna Madan,04286041171,MH11 AI 7112,Tata Nexon,3.9,17
DRV8515,Lavanya Kashyap,+914445591985,MH32 MQ 0590,Swift Dzire,3.9,15
DRV8516,Mason Merchant,+915055774699,MH18 QJ 9545,Toyota Innova,4.5,18
DRV8517,Shivani Mahajan,+913917139799,MH4 UC 5535,Tata Nexon,4.3,2
DRV8518,Raagini Rout,7299045411,MH16 EC 6081,WagonR,4.1,15
DRV8519,Thomas Deo,4195120370,MH2 FL 2355,Toyota Innova,3.8,17
DRV8520,Azad Chowdhury,+917941447495,MH23 QI 9522,Hyundai Creta,4.3,12
DRV8521,Nidra Barad,+915433306363,MH42 SV 6344,Mahindra XUV700,4.4,2
DRV8522,Urishilla Kata,1919343400,MH12 ZY 0698,Tata Nexon,4.2,10
DRV8523,Yuvraj Kumar,7759490691,MH40 CD 1131,Hyundai Creta,3.7,16
DRV8524,Anvi Babu,6459180867,MH28 OA 2816,Kia Seltos,4.4,16
DRV8525,Qabil Raju,3649270426,MH5 JI 6114,Tata Nexon,4.7,11
DRV8526,Gavin Raghavan,7499409257,MH11 SH 9075,Hyundai i20,3.7,3
DRV8527,Anika Reddy,5526303916,MH13 UK 8614,Hyundai Creta,4.6,11
DRV8528,Om Trivedi,4827411570,MH42 VZ 3265,Toyota Innova,5.0,15
DRV8529,Vedant Pal,+916934376697,MH41 HC 1074,Mahindra XUV700,4.5,10
DRV8530,Nikita Garde,+917156343639,MH15 CY 2791,Kia Seltos,4.3,1
DRV8531,Liam Edwin,1260657939,MH20 SR 0149,Toyota Innova,4.3,10
DRV8532,Dev Tata,4662513830,MH40 XF 6904,Hyundai Creta,4.6,4
DRV8533,Wazir Sant,1497602466,MH24 JY 5525,Toyota Innova,4.0,6
DRV8534,Bhavika Mand,9567534504,MH22 SR 5635,Toyota Innova,4.7,11
DRV8535,Chatresh Babu,06561963488,MH19 HE 1208,Kia Seltos,4.0,16
DRV8536,Zashil Bhatnagar,05715601175,MH11 TT 1398,Honda City,4.2,4
DRV8537,Aashi Patel,+916034504020,MH38 WQ 4748,Hyundai Creta,4.6,20
DRV8538,Osha Chanda,09550901049,MH37 CI 1095,Honda City,4.6,2
DRV8539,Vrishti Krish,+919789080579,MH42 UW 9662,Hyundai i20,4.1,15
DRV8540,Ayushman Gade,02754183295,MH36 GE 9028,Maruti Ertiga,4.1,11
DRV8541,Yatin Sabharwal,+913750080784,MH41 ZV 3511,Tata Nexon,4.8,15
DRV8542,Benjamin Bhattacharyya,04659605129,MH35 TJ 3833,Tata Nexon,3.9,14
DRV8543,Darika Kaur,+911966239959,MH50 AZ 2619,Kia Seltos,4.3,2
DRV8544,Onkar Mane,+914063531639,MH34 OA 6444,Mahindra XUV700,4.8,8
DRV8545,Varenya Dash,02634546167,MH23 XE 2635,Kia Seltos,3.8,20
DRV8546,Abdul Salvi,+918029276831,MH3 AD 3125,WagonR,4.9,2
DRV8547,Chandran Sidhu,+919295744424,MH10 WB 1270,Mahindra XUV700,4.8,14
DRV8548,Baghyawati Gera,6582008552,MH28 MQ 9675,Kia Seltos,4.9,4
DRV8549,Imaran Tak,0908542192,MH39 WY 6316,Maruti Ertiga,4.8,10
DRV8550,Osha Bajwa,+918870540233,MH9 JU 8330,Hyundai Creta,3.9,4
DRV8551,Akshay Loke,2415530828,MH15 FM 2082,Hyundai i20,4.3,11
DRV8552,Sachi Sunder,5092666327,MH49 LL 9386,Kia Seltos,3.6,14
DRV8553,Wakeeta Sachar,3486368537,MH26 RD 1209,Tata Nexon,4.9,20
DRV8554,Manya Parsa,0323946344,MH14 CW 8860,Tata Nexon,5.0,4
DRV8555,Kritika Chandra,6580564819,MH3 CV 0838,WagonR,4.4,12
DRV8556,Udant Misra,+918203239503,MH35 KW 7621,Tata Nexon,4.4,5
DRV8557,Rushil Bhattacharyya,08503708840,MH16 MU 7056,Tata Nexon,3.9,14
DRV8558,Mitesh Soman,0740623381,MH26 PS 5974,Kia Seltos,4.0,17
DRV8559,Tanmayi Dani,04160853818,MH41 XL 3661,WagonR,4.2,5
DRV8560,Azaan Krishna,0657819424,MH27 CB 7160,Honda City,4.5,6
DRV8561,Harshil Prashad,3425497580,MH17 KA 0155,Hyundai i20,4.1,10
DRV8562,Dipta Narasimhan,+914846136543,MH15 FU 9545,Hyundai i20,4.6,8
DRV8563,Mohammed Bhasin,0327881931,MH15 WQ 9794,WagonR,4.1,11
DRV8564,Yug Kara,+917589932518,MH15 KW 0149,WagonR,4.1,19
DRV8565,Nandini Khalsa,00055725645,MH8 XF 7362,Mahindra XUV700,4.9,6
DRV8566,Hamsini Sami,+918170078143,MH9 HT 3241,Maruti Ertiga,4.7,13
DRV8567,Lipika Majumdar,+919616815225,MH35 LX 3249,Swift Dzire,4.8,8
DRV8568,Chaitanya Sodhi,7013265632,MH38 CG 3987,Toyota Innova,4.0,9
DRV8569,Anamika Lad,0731495224,MH21 EC 0766,Hyundai Creta,4.9,17
DRV8570,Jalsa Mitra,05229044926,MH41 ZR 3644,Mahindra XUV700,4.6,7
DRV8571,Nihal Chana,+911052331015,MH8 SI 0670,Toyota Innova,4.7,20
DRV8572,Ishanvi Subramaniam,+918146979525,MH21 PZ 9050,Swift Dzire,4.4,15
DRV8573,Nisha Borra,+916249733198,MH7 YM 7712,Kia Seltos,3.9,1
DRV8574,Xiti Kata,0375541717,MH1 JT 5680,Mahindra XUV700,4.4,17
DRV8575,Harini Pal,+911269881776,MH38 TJ 5592,Hyundai i20,3.6,13
DRV8576,Dayamai Khare,4418688983,MH46 IJ 1726,Tata Nexon,4.9,20
DRV8577,Hredhaan Pau,+912794323272,MH25 XI 6815,Swift Dzire,4.2,9
DRV8578,Falak Patil,2373164574,MH18 TT 4407,Toyota Innova,4.5,4
DRV8579,Qabil Gupta,08613336727,MH41 UL 6944,Honda City,3.8,5
DRV8580,Teerth Yogi,+917101097090,MH49 FY 6679,Toyota Innova,3.6,5
DRV8581,Liam Sane,6974768241,MH26 NG 8652,Honda City,4.6,3
DRV8582,Sai Balan,04896783068,MH18 TA 6028,WagonR,4.1,17
DRV8583,Pahal Jain,+916934167980,MH14 NZ 2700,Toyota Innova,5.0,3
DRV8584,Vaishnavi Badal,01589759360,MH43 AK 9679,Hyundai Creta,4.8,2
DRV8585,Patrick Nayar,2378315550,MH19 WX 5566,Hyundai i20,4.6,14
DRV8586,Lajita Wable,+914922422736,MH28 UN 3680,Tata Nexon,3.6,8
DRV8587,Chandresh Gupta,+919045416354,MH7 VU 3800,Maruti Ertiga,4.8,11
DRV8588,Falguni Chakrabarti,+912726470970,MH35 TO 6361,Kia Seltos,4.9,16
DRV8589,Aarna Basu,08937798098,MH40 WM 7043,Hyundai Creta,3.7,20
DRV8590,Lila Chakraborty,5878869529,MH31 JY 7481,Tata Nexon,4.4,11
DRV8591,Azad Suri,09266377508,MH25 PN 9558,Kia Seltos,4.7,17
DRV8592,Ishanvi Mandal,+917064239503,MH49 DR 2801,Kia Seltos,4.8,2
DRV8593,Aarush Choudhury,+919896549665,MH16 IS 2970,Maruti Ertiga,4.5,8
DRV8594,Robert Setty,07674155593,MH39 VG 8478,Kia Seltos,4.3,2
DRV8595,Balveer Menon,0294539335,MH21 HN 0236,Honda City,4.2,11
DRV8596,Champak Saran,+913443746630,MH8 XM 4205,Maruti Ertiga,4.0,15
DRV8597,Saumya Sen,+912319982790,MH50 QG 5763,Tata Nexon,3.6,1
DRV8598,Faqid Viswanathan,1003514357,MH38 KU 2441,Hyundai Creta,3.5,18
DRV8599,Chakradev Bajwa,9458070809,MH36 UO 5285,Hyundai Creta,4.2,19
DRV8600,Lila Morar,8351212618,MH28 SX 3383,Hyundai i20,4.3,11
DRV8601,Gaurangi Bhagat,06136325984,MH37 AV 1322,Maruti Ertiga,4.2,20
DRV8602,Libni Ray,07568026015,MH16 HF 4559,Maruti Ertiga,4.3,11
DRV8603,Yochana Bansal,08451540031,MH34 RC 2319,Maruti Ertiga,4.5,4
DRV8604,Indira Nanda,+915051045455,MH33 XF 4414,Mahindra XUV700,3.5,3
DRV8605,Gautami Nair,+912629168326,MH49 KO 1403,WagonR,3.7,6
DRV8606,Ishanvi Sampath,04637351725,MH39 WG 7383,Toyota Innova,3.9,15
DRV8607,Pushti Ahuja,+913300688394,MH50 EO 4847,Hyundai Creta,4.1,12
DRV8608,Hemani Lad,6075567082,MH6 YO 7467,Maruti Ertiga,3.9,10
DRV8609,Aashi Mohanty,03711014758,MH25 NW 1283,Hyundai i20,4.7,15
DRV8610,Upadhriti Dhar,05854074289,MH30 JN 3251,Hyundai i20,4.9,9
DRV8611,Alexander Rajagopalan,+919796930466,MH34 YW 9414,Toyota Innova,4.9,13
DRV8612,Saanvi Dara,05354842729,MH50 AK 4706,Hyundai i20,5.0,16
DRV8613,Vasatika Garde,+915594085794,MH25 EH 9499,Tata Nexon,4.1,13
DRV8614,Zarna Mitra,0541806297,MH5 UA 9103,Mahindra XUV700,3.8,14
DRV8615,Ikbal Shere,1247091769,MH37 HH 0883,Tata Nexon,4.4,20
DRV8616,Vedhika Gandhi,+917668377871,MH42 EQ 6735,WagonR,4.8,1
DRV8617,Maya Grover,+918070702506,MH9 ST 0404,Tata Nexon,4.1,9
DRV8618,Agastya Sekhon,+918751161527,MH45 CG 1341,Tata Nexon,3.9,20
DRV8619,Harrison Bhandari,5591012458,MH8 MT 9453,Kia Seltos,3.5,8
DRV8620,Hardik Issac,+916015405557,MH29 JS 2118,Tata Nexon,4.2,18
DRV8621,Kashvi Swamy,5679996802,MH44 JI 5854,Maruti Ertiga,4.8,5
DRV8622,Gautam Sood,07699198769,MH35 KS 3011,Mahindra XUV700,4.3,15
DRV8623,Oliver Ghose,4091373824,MH27 MS 6654,Tata Nexon,4.9,17
DRV8624,Logan Ratti,09737271564,MH27 YM 0493,Honda City,4.6,12
DRV8625,Owen Bahl,4421230514,MH43 BA 4044,WagonR,4.2,5
DRV8626,Nachiket Bumb,+913570588538,MH30 IR 8156,Hyundai Creta,4.9,5
DRV8627,Raghav Chokshi,07056247880,MH9 HD 4089,Hyundai i20,4.6,6
DRV8628,Kavya Din,4925734066,MH39 CL 7764,Swift Dzire,3.9,1
DRV8629,Upadhriti Tak,00827756869,MH25 BY 8944,Kia Seltos,4.5,6
DRV8630,Abeer Virk,00606149563,MH1 NG 3352,Honda City,4.7,12
DRV8631,Ekapad Modi,6297103824,MH16 WE 5357,Hyundai Creta,4.5,9
DRV8632,Aarini Chahal,7205598298,MH25 BY 8944,Toyota Innova,3.7,4
DRV8633,Jeevika Balasubramanian,+913534432427,MH1 ZE 9833,Mahindra XUV700,3.9,19
DRV8634,Chavvi Chana,03653197813,MH17 BE 4343,Tata Nexon,4.9,9
DRV8635,Samuel Mand,6482371191,MH9 JU 9982,Maruti Ertiga,3.8,10
DRV8636,Krishna Nagy,8026248568,MH34 ME 1461,Tata Nexon,4.1,17
DRV8637,Wyatt Suresh,08995075327,MH48 PX 5797,Honda City,4.5,12
DRV8638,Chaitaly Koshy,5551199532,MH31 BQ 6651,Mahindra XUV700,3.6,9
DRV8639,Tanveer Shanker,8247060271,MH38 HI 9310,Hyundai i20,3.6,7
DRV8640,Faris Chawla,6184631588,MH40 HQ 4398,Honda City,3.7,13
DRV8641,Samarth Ahuja,5862099989,MH20 RK 0625,Mahindra XUV700,4.8,9
DRV8642,Sachi Badal,+914508171852,MH12 YO 0683,Maruti Ertiga,4.2,7
DRV8643,Balhaar Tak,5809357191,MH16 LW 4746,Honda City,3.7,1
DRV8644,Gavin Bala,5238104519,MH10 ZF 4773,Swift Dzire,4.8,16
DRV8645,Anay Ghosh,4228086484,MH21 MA 0112,WagonR,4.2,10
DRV8646,Bhavna Hayer,8091147349,MH42 RB 4225,Hyundai i20,3.7,1
DRV8647,Omisha Gola,09140163246,MH32 AS 1841,Honda City,3.9,3
DRV8648,Anmol Nagy,06476458482,MH6 DS 8760,Hyundai i20,3.9,10
DRV8649,Irya Pandya,07799342878,MH9 BJ 5224,Hyundai Creta,4.6,3
DRV8650,Aarna Barman,+911871465871,MH7 IJ 3229,Maruti Ertiga,4.6,16
DRV8651,Sudiksha Shenoy,+917060380956,MH15 FX 1468,Mahindra XUV700,4.4,9
DRV8652,Darsh Gara,1289681057,MH30 VT 0842,Swift Dzire,4.5,19
DRV8653,Nakul Tripathi,6337337684,MH40 KS 3158,Kia Seltos,4.4,12
DRV8654,Dalaja Borra,0630521138,MH24 SM 6596,Swift Dzire,4.2,14
DRV8655,Ekiya Naik,02629595040,MH4 WQ 2193,Kia Seltos,4.7,1
DRV8656,Madhav Dhawan,+914047431455,MH9 KS 5783,Hyundai Creta,3.9,1
DRV8657,Meera Sen,6328958457,MH14 XO 2939,Toyota Innova,4.1,14
DRV8658,Aryan Desai,08175733103,MH43 VW 3808,Tata Nexon,4.2,11
DRV8659,Sneha Choudhry,4968951862,MH12 ZS 3298,Tata Nexon,3.9,16
DRV8660,Idika Thaker,8158838516,MH39 JE 8524,Hyundai i20,3.5,13
DRV8661,Jai Parsa,+915331071693,MH8 RH 9914,Hyundai i20,3.6,13
DRV8662,Manthan Morar,+912789207908,MH33 GH 5276,Honda City,4.6,17
DRV8663,Bhavini Gole,+910400212661,MH38 CW 5871,WagonR,4.1,8
DRV8664,Laksh Pandey,03896727298,MH25 FQ 6964,Kia Seltos,3.8,1
DRV8665,Praneel Sunder,3705789678,MH42 YV 4633,Hyundai Creta,3.9,3
DRV8666,Priya Kurian,+912834987974,MH18 VU 5203,Maruti Ertiga,3.8,10
DRV8667,Siya Upadhyay,09548514209,MH4 NZ 1072,Swift Dzire,4.6,11
DRV8668,Ishaan Raja,+917615581564,MH44 BJ 2923,Swift Dzire,4.3,4
DRV8669,Janya Cherian,07800309897,MH11 RH 1181,Honda City,4.3,7
DRV8670,Warjas Iyer,+911322984355,MH39 WX 1966,Mahindra XUV700,3.7,17
DRV8671,Samaksh Saxena,+917192693819,MH14 VL 2986,Swift Dzire,4.5,6
DRV8672,Aachal Sandhu,+917284809289,MH14 NZ 2700,Kia Seltos,4.4,6
DRV8673,Sanaya Chander,+919801916372,MH2 HX 6233,Maruti Ertiga,3.8,2
DRV8674,Mohini Dada,09869465455,MH17 NR 5634,Hyundai Creta,3.5,17
DRV8675,Vedant Sundaram,9747439815,MH47 LP 2021,Kia Seltos,3.8,4
DRV8676,Akshay Prabhu,09771777161,MH21 ZJ 4023,Hyundai i20,3.9,18
DRV8677,Garima Mann,+914683794974,MH29 GS 7693,Hyundai Creta,5.0,4
DRV8678,Jyoti Upadhyay,2604053821,MH31 LC 8677,Mahindra XUV700,3.6,17
DRV8679,Sudiksha Mane,00883988556,MH8 OK 3842,Maruti Ertiga,3.7,17
DRV8680,Bimala Sur,4908742522,MH28 WW 9860,Mahindra XUV700,4.9,14
DRV8681,Shaurya Barad,02393401771,MH42 CD 4206,Tata Nexon,4.4,13
DRV8682,Ayush Kamdar,9839273888,MH21 WC 3581,Hyundai i20,3.6,11
DRV8683,Kabir Yohannan,1511677964,MH16 CA 2407,WagonR,4.1,1
DRV8684,Tripti Verma,+915359196295,MH41 UB 1813,Mahindra XUV700,3.8,15
DRV8685,Ansh Sem,4792747287,MH11 UT 5845,Kia Seltos,3.8,18
DRV8686,Rishi Bath,6190546263,MH33 RJ 7751,Toyota Innova,4.6,2
DRV8687,Samaksh Pathak,05385414473,MH14 PJ 4173,Hyundai i20,4.9,20
DRV8688,Theodore Dani,+911835776115,MH34 UZ 4227,Tata Nexon,3.7,10
DRV8689,Aradhana Gole,8685423553,MH27 KW 3594,Hyundai Creta,4.9,9
DRV8690,Ethan Chatterjee,+913024601278,MH28 TU 9367,WagonR,3.7,11
DRV8691,Vrishti Dani,8543129358,MH40 GE 6815,Toyota Innova,4.4,6
DRV8692,Harinakshi Modi,04553600943,MH35 NR 3756,Swift Dzire,4.9,14
DRV8693,Utkarsh Patel,07427389056,MH14 OY 9501,Maruti Ertiga,3.8,5
DRV8694,Tripti Purohit,+913258334154,MH15 BF 7083,Tata Nexon,3.9,6
DRV8695,Faris Srivastava,03168368439,MH30 TR 2371,Toyota Innova,4.1,9
DRV8696,Yachana Bera,7397817972,MH49 SL 3332,Hyundai i20,4.4,14
DRV8697,Wridesh Dada,+919301638848,MH20 PR 6251,Maruti Ertiga,4.5,18
DRV8698,Victor Doshi,01644170222,MH49 OA 6829,Maruti Ertiga,4.4,10
DRV8699,Manan Divan,05690149308,MH32 TV 4033,Honda City,4.2,14
DRV8700,Patrick Narayan,07754585904,MH10 HK 2282,Maruti Ertiga,5.0,19
DRV8701,Ijaya Bhat,+910447517037,MH48 EK 1769,Hyundai i20,4.5,13
DRV8702,Hredhaan Kumar,0602310295,MH8 VK 3290,Toyota Innova,4.7,10
DRV8703,Rajeshri Raju,05028268117,MH32 PL 0179,Kia Seltos,4.7,14
DRV8704,Nilima Sandal,09998007655,MH13 PM 6530,Tata Nexon,3.5,7
DRV8705,Charan Ganguly,4301571264,MH9 CC 3819,Toyota Innova,3.8,15
DRV8706,Zayan Narain,0014412865,MH36 EF 8993,Swift Dzire,4.0,15
DRV8707,Mohini Karnik,6580568928,MH26 JF 1318,Tata Nexon,4.1,7
DRV8708,Anirudh Keer,9597207308,MH34 GP 1544,Tata Nexon,5.0,3
DRV8709,Bina Raman,05032202633,MH5 NE 7338,Toyota Innova,4.6,15
DRV8710,Inaya Sachdeva,7803983375,MH39 ZJ 9514,Hyundai Creta,4.3,1
DRV8711,Shravya Wali,+919291880606,MH35 OT 6303,Maruti Ertiga,3.7,1
DRV8712,Lavanya Babu,00207744443,MH2 AI 2799,Hyundai i20,4.1,12
DRV8713,Michael Sharma,0674264163,MH24 IJ 8595,WagonR,4.7,7
DRV8714,Chasmum Prabhakar,+911508840577,MH27 OY 8775,Hyundai i20,4.6,7
DRV8715,Vedhika Murthy,+917408077024,MH18 QN 9929,Kia Seltos,4.6,20
DRV8716,Oeshi Ganesh,08921787890,MH2 FT 1259,Toyota Innova,3.6,10
DRV8717,Shaurya Mitra,0982742354,MH9 EC 0218,Toyota Innova,4.2,7
DRV8718,Jasmit Sarna,8682588135,MH2 HZ 3925,Maruti Ertiga,4.9,5
DRV8719,Ekansh Sinha,0887539844,MH50 UI 5502,Kia Seltos,5.0,17
DRV8720,Vedika Dutta,02086333283,MH5 FP 1143,Mahindra XUV700,4.6,13
DRV8721,Dipta Zachariah,+912183871467,MH37 ZW 1593,Maruti Ertiga,4.6,7
DRV8722,Aayush Oza,+919283221013,MH32 ZO 7089,Honda City,4.3,7
DRV8723,Balhaar Balakrishnan,7213820131,MH29 SJ 7693,Kia Seltos,4.2,12
DRV8724,Dakshesh Rege,0774673258,MH4 AO 0325,Toyota Innova,4.2,10
DRV8725,Panini Sama,4215310141,MH16 KE 5527,Mahindra XUV700,4.5,19
DRV8726,Yashodhara Mane,2419734608,MH20 EF 8898,Hyundai Creta,4.7,10
DRV8727,Netra Bhakta,+912311568592,MH44 XW 3983,Kia Seltos,4.2,4
DRV8728,Prisha Soman,+918477927495,MH18 EB 1821,Hyundai Creta,4.5,2
DRV8729,Ojas Gaba,+913989751324,MH28 TX 8326,Kia Seltos,4.7,13
DRV8730,Yuvraj Balasubramanian,06037524183,MH29 UO 2861,WagonR,4.3,13
DRV8731,Meera Bhardwaj,2206900089,MH8 HR 7329,Maruti Ertiga,4.0,7
DRV8732,Neelima Maharaj,00778167617,MH8 OX 5291,Honda City,4.1,15
DRV8733,Zayan Pall,07086175625,MH21 WO 9610,Swift Dzire,4.2,13
DRV8734,Ekapad Prashad,7989944288,MH40 LQ 0523,Tata Nexon,3.6,1
DRV8735,Fiyaz Babu,+913064139775,MH8 IX 1055,Honda City,4.5,15
DRV8736,Chavvi Luthra,09336190515,MH14 EI 3274,WagonR,4.5,3
DRV8737,Girish Khalsa,7589176652,MH29 UN 7008,Swift Dzire,4.7,11
DRV8738,Faras Handa,05582395470,MH26 OZ 4116,Hyundai i20,4.2,5
DRV8739,Tarak Kunda,07526414496,MH34 ZM 9040,Maruti Ertiga,3.6,13
DRV8740,Avi Parmer,+915152171054,MH47 RI 3488,Kia Seltos,4.4,6
DRV8741,Vincent Prabhu,+918964531686,MH4 SV 0088,Honda City,4.1,10
DRV8742,Avni Doctor,+911103596593,MH22 LJ 0188,Toyota Innova,4.2,1
DRV8743,Jairaj Devi,07614210947,MH38 MJ 1526,Mahindra XUV700,4.8,6
DRV8744,Bachittar Setty,03748007816,MH45 VS 8740,Mahindra XUV700,4.2,14
DRV8745,Yug Oak,+912350420166,MH49 SP 7882,Kia Seltos,4.8,9
DRV8746,Tripti Dixit,0636721708,MH13 JW 5575,Kia Seltos,4.3,15
DRV8747,Suhani Sen,08367970191,MH7 BU 6165,Tata Nexon,4.2,18
DRV8748,Mohini Balakrishnan,02839083311,MH13 DG 6767,Swift Dzire,3.7,5
DRV8749,Warinder Purohit,9658710348,MH23 GP 0821,Maruti Ertiga,4.5,3
DRV8750,Charita Hari,0578391990,MH40 TT 6470,Swift Dzire,4.9,8
DRV8751,Omaja Rau,8427487729,MH41 XL 3661,Honda City,4.4,5
DRV8752,Mitesh Bobal,+910023826549,MH20 TO 0941,Hyundai Creta,4.2,7
DRV8753,Warjas Kuruvilla,2223556445,MH39 TP 1477,Hyundai Creta,3.9,12
DRV8754,Gaurika Banerjee,+914472691385,MH9 AR 4188,Toyota Innova,3.7,5
DRV8755,Yashodhara Patla,00897557051,MH15 RX 3344,Tata Nexon,4.0,4
DRV8756,Yatin Dada,09804208509,MH8 CK 8741,Toyota Innova,3.9,2
DRV8757,Varsha Bassi,+919842064286,MH44 MM 6701,Honda City,4.4,4
DRV8758,Vincent Taneja,09118289839,MH48 NX 4450,WagonR,3.6,16
DRV8759,Bhavani Talwar,+915468322630,MH48 AY 9008,Hyundai i20,4.9,11
DRV8760,Lipika Dewan,08921637055,MH35 IH 0496,Mahindra XUV700,4.9,12
DRV8761,Matthew Deo,07260885088,MH26 ND 8278,Kia Seltos,4.4,19
DRV8762,Finn Ahluwalia,8942645781,MH4 MS 4754,Tata Nexon,4.8,11
DRV8763,Mason Kumar,04258706721,MH44 XW 3983,Hyundai Creta,4.6,18
DRV8764,Jalsa Sahota,4669290469,MH40 ZV 5842,Mahindra XUV700,4.7,17
DRV8765,Wahab Hayer,05056412264,MH1 MN 0591,Hyundai i20,4.2,18
DRV8766,Kevin Gara,03980814698,MH20 RF 8645,Tata Nexon,3.6,17
DRV8767,Kamala Ramesh,+915252972537,MH14 VC 4228,Swift Dzire,5.0,3
DRV8768,Vivaan Chandra,1353194956,MH33 SE 3702,Hyundai Creta,3.9,11
DRV8769,Rachita Walla,00444691702,MH18 NJ 3679,Tata Nexon,4.9,17
DRV8770,Krish Gala,03183780933,MH46 MF 3874,WagonR,4.3,16
DRV8771,Charles Jain,08076417955,MH18 YN 8872,Tata Nexon,3.8,10
DRV8772,Nirja Andra,6870033519,MH38 QZ 7682,Kia Seltos,5.0,5
DRV8773,Qasim Bedi,03934373924,MH25 OC 8017,Hyundai Creta,3.8,16
DRV8774,Dalbir Kapur,+910491351798,MH44 FC 6885,Mahindra XUV700,4.7,11
DRV8775,Dalbir Kalita,09110025837,MH26 CC 8472,Hyundai i20,4.6,6
DRV8776,Yamini Venkatesh,+918786869365,MH45 BE 5484,Hyundai i20,5.0,9
DRV8777,Sai Agarwal,01476372305,MH45 SM 3814,Tata Nexon,4.9,14
DRV8778,Amruta Krishnamurthy,6354224103,MH46 OJ 4017,Kia Seltos,3.9,5
DRV8779,Rachita Sharaf,5390855163,MH28 NL 2665,WagonR,4.7,13
DRV8780,Bishakha Bajwa,01774644532,MH8 XA 7483,Mahindra XUV700,4.2,16
DRV8781,Nakul Tailor,0085887326,MH26 UU 1196,Swift Dzire,4.8,2
DRV8782,Anay Sahota,+917441359992,MH14 AC 0450,Mahindra XUV700,4.7,13
DRV8783,Dominic Jain,06134517100,MH47 WF 5517,WagonR,4.8,2
DRV8784,Anika Dube,6574208252,MH38 GX 5437,Kia Seltos,4.1,19
DRV8785,Logan Bhandari,8909602731,MH11 CB 1546,Toyota Innova,3.6,15
DRV8786,Ojasvi Krishnan,02976778863,MH31 OI 5649,Toyota Innova,3.6,7
DRV8787,Harsh Mukhopadhyay,00831948473,MH31 UU 1592,Maruti Ertiga,4.8,16
DRV8788,Harrison Chahal,4241519928,MH22 EC 8070,Hyundai Creta,3.5,9
DRV8789,Ekta Kadakia,+915367933047,MH19 SV 5562,Kia Seltos,4.2,9
DRV8790,Hredhaan Bava,03236993075,MH10 RU 3437,Hyundai Creta,4.8,12
DRV8791,Jasmit Banik,+910352806663,MH26 AO 8678,Hyundai i20,5.0,8
DRV8792,Anusha Baria,+912983712839,MH27 RR 9027,Maruti Ertiga,4.4,10
DRV8793,Ekta Tata,6121715606,MH39 GS 8468,Kia Seltos,4.1,8
DRV8794,Vansha Sahni,3209196528,MH38 WV 8824,Hyundai Creta,4.7,17
DRV8795,Tanay Merchant,+911889589573,MH50 SB 4307,Kia Seltos,4.3,19
DRV8796,Omisha Kashyap,+912194900579,MH26 LR 3509,Maruti Ertiga,3.8,19
DRV8797,Adweta Buch,01745721555,MH29 MW 7900,Toyota Innova,3.5,17
DRV8798,Jackson Venkatesh,+914303677712,MH46 XK 3022,Kia Seltos,4.5,10
DRV8799,Mason Arya,2848828698,MH21 SI 0661,Hyundai i20,4.9,6
DRV8800,Onkar Khosla,8571175083,MH19 AZ 9030,Honda City,4.4,14
DRV8801,Falan Varty,2206268556,MH10 AP 0345,Maruti Ertiga,3.9,16
DRV8802,Faqid Sankar,+917696159858,MH48 QW 7349,Hyundai Creta,4.3,16
DRV8803,Riya Bansal,08020146523,MH3 CI 7386,Hyundai Creta,4.6,15
DRV8804,Zaitra Lad,+913130681728,MH33 LK 7252,WagonR,4.9,4
DRV8805,Finn Walla,+913555873553,MH4 NY 9066,Hyundai i20,4.0,4
DRV8806,Yuvraj Vora,8693222455,MH9 JH 7785,Kia Seltos,4.0,1
DRV8807,Alexander Mistry,7928971710,MH12 AR 4430,Hyundai Creta,4.2,4
DRV8808,Hamsini Srinivasan,03569818587,MH40 EM 2811,Maruti Ertiga,4.7,13
DRV8809,Rushil Deshpande,05943218104,MH26 FG 0385,Mahindra XUV700,4.2,16
DRV8810,Oscar Deep,6541211560,MH41 VB 0525,Honda City,3.6,15
DRV8811,Irya Patla,07111364372,MH49 QW 0630,Hyundai i20,4.8,5
DRV8812,Darpan Hayre,+911931400344,MH21 SI 0661,Honda City,4.1,14
DRV8813,Kevin Sengupta,8689516985,MH10 SE 8475,Honda City,4.3,1
DRV8814,Varsha Mistry,0697556272,MH36 ES 1927,Hyundai i20,4.1,16
DRV8815,Patrick Lanka,03523534550,MH32 BH 7271,Hyundai Creta,4.1,1
DRV8816,Dayamai Dash,6933150072,MH31 OI 5649,Maruti Ertiga,3.9,12
DRV8817,Siddharth Khurana,+917089677125,MH14 EI 7875,Toyota Innova,4.6,14
DRV8818,Abhiram Nazareth,03634197749,MH2 YS 1747,Maruti Ertiga,3.9,5
DRV8819,Harshil Mohan,09323436560,MH39 DS 6721,Maruti Ertiga,3.6,10
DRV8820,Fitan Kara,+912768344395,MH34 BQ 8181,Toyota Innova,4.9,15
DRV8821,Chatresh Bansal,06951792786,MH48 AR 2884,WagonR,3.7,19
DRV8822,Jalsa Rastogi,+910411464295,MH10 VI 2236,Mahindra XUV700,3.9,2
DRV8823,Reyansh Bobal,8962011437,MH32 QQ 0142,Maruti Ertiga,3.6,5
DRV8824,Faris Buch,+917004174075,MH33 US 6502,WagonR,4.4,1
DRV8825,Zilmil Kari,4134619411,MH41 YZ 3954,Swift Dzire,4.4,15
DRV8826,Eesha Thaker,01610448022,MH2 KY 0017,Tata Nexon,4.3,6
DRV8827,Isaiah Suresh,+915625111151,MH6 IJ 7038,Honda City,4.6,13
DRV8828,Zayyan Patla,02028499378,MH29 CZ 8695,Mahindra XUV700,3.7,5
DRV8829,Hamsini Chopra,+912427341698,MH3 JX 6640,WagonR,3.9,5
DRV8830,Darpan Gara,+919992487751,MH19 ZQ 2015,Hyundai i20,4.4,15
DRV8831,Anusha Solanki,07440342326,MH23 XD 2968,WagonR,4.4,16
DRV8832,Balvan Butala,+910259360831,MH47 WM 7601,Hyundai Creta,4.0,17
DRV8833,Sneha Korpal,+913857177983,MH13 WP 4487,Tata Nexon,4.1,5
DRV8834,Gautam Dhingra,06151880897,MH13 MS 5503,Hyundai Creta,3.8,15
DRV8835,Mugdha Chaudhari,+911924264954,MH29 OH 1376,Mahindra XUV700,4.2,19
DRV8836,Hiral Dewan,6214035403,MH28 ZR 0741,Tata Nexon,5.0,8
DRV8837,Ekanta Pal,+911579801355,MH46 LW 3122,Toyota Innova,3.7,3
DRV8838,Chandresh Walla,+917420581616,MH40 UW 8314,Hyundai Creta,4.6,17
DRV8839,Varenya Palla,01868035302,MH4 KZ 8471,WagonR,4.9,6
DRV8840,Viraj Chanda,+915047155131,MH6 QA 4095,Hyundai i20,3.8,20
DRV8841,Liam Oza,+914706211385,MH23 RG 5957,Maruti Ertiga,4.4,14
DRV8842,Ganga Nayar,09206950777,MH49 VC 7807,Mahindra XUV700,4.9,10
DRV8843,Atharv Sant,4120192782,MH33 BQ 3835,Hyundai i20,4.3,16
DRV8844,Zinal Sehgal,05540573170,MH33 SO 0977,Swift Dzire,4.7,17
DRV8845,Girik Subramaniam,+913370335755,MH22 WI 8259,Hyundai Creta,3.6,13
DRV8846,Falak Zacharia,04179016669,MH40 BC 9775,Hyundai Creta,4.1,15
DRV8847,Chandresh Bhakta,9249071935,MH21 TB 1962,Maruti Ertiga,4.8,14
DRV8848,Vrishti Khatri,0256407742,MH25 AM 2203,Tata Nexon,4.5,20
DRV8849,Idika Seth,0437377711,MH5 IK 5338,Hyundai Creta,4.6,6
DRV8850,Sneha Raj,3487417319,MH6 LV 2557,Hyundai Creta,4.9,4
DRV8851,Aadi Subramanian,06195797746,MH25 KO 4449,Kia Seltos,4.1,10
DRV8852,Vincent Mohanty,09507393432,MH26 RR 1315,Hyundai Creta,3.9,18
DRV8853,Dev Chanda,5675895087,MH39 YK 8549,Mahindra XUV700,3.6,12
DRV8854,Amol Dyal,5391422708,MH24 NL 8636,Toyota Innova,4.4,14
DRV8855,Nachiket Ramesh,07440366248,MH26 YQ 1176,Tata Nexon,4.1,19
DRV8856,Gaurang Goswami,07122856299,MH34 HR 1290,Maruti Ertiga,4.4,18
DRV8857,Dhriti Bhalla,+915883652377,MH37 AV 1322,Hyundai i20,4.3,15
DRV8858,Jack Apte,03756577211,MH17 WD 9557,Tata Nexon,4.4,9
DRV8859,Suhani Dugal,0481984466,MH37 OV 5838,Honda City,4.8,6
DRV8860,Unnati Sastry,07385065844,MH4 UJ 6666,Toyota Innova,5.0,15
DRV8861,Charita Dhillon,05737662393,MH47 TY 7638,WagonR,3.7,20
DRV8862,Yashodhara Chad,00985887445,MH1 RE 3777,Toyota Innova,3.8,2
DRV8863,Rachana Pradhan,9926733154,MH37 BU 4410,Swift Dzire,4.9,16
DRV8864,Tara Khanna,06039359787,MH25 ZG 4452,Honda City,4.5,14
DRV8865,Gagan Nagar,+910759789929,MH9 AD 3794,Toyota Innova,3.9,10
DRV8866,Abeer Bandi,+911095175082,MH42 TU 0622,Swift Dzire,3.9,2
DRV8867,Dev Shah,07830948640,MH22 UQ 9273,Hyundai Creta,3.8,1
DRV8868,Tamanna Khosla,2036419889,MH25 UB 1033,Swift Dzire,4.8,4
DRV8869,Qarin Saxena,7898457689,MH22 NR 2727,Mahindra XUV700,4.6,4
DRV8870,Prisha Karan,09008336058,MH24 UT 7086,Tata Nexon,4.7,2
DRV8871,Kai Sood,04056115106,MH11 VP 1785,Toyota Innova,5.0,12
DRV8872,Victor Chawla,+918758585208,MH24 IL 2440,Kia Seltos,5.0,16
DRV8873,Chakradhar Bhatnagar,+918944911019,MH20 VW 9364,WagonR,4.4,2
DRV8874,Upma Tripathi,+914770747175,MH18 KL 2069,WagonR,3.5,3
DRV8875,Aarini Chokshi,08945355835,MH9 IH 9418,Mahindra XUV700,3.8,7
DRV8876,Agastya Bansal,05527675362,MH46 SV 1380,WagonR,4.2,3
DRV8877,Warinder Baria,04565562445,MH10 TZ 3700,Maruti Ertiga,4.3,8
DRV8878,Ikshita Andra,+910729397562,MH49 DV 2200,Toyota Innova,4.6,2
DRV8879,Rachit Talwar,0879073329,MH21 ER 8550,Kia Seltos,4.5,12
DRV8880,Advaith Walia,07379943403,MH47 MR 9636,Hyundai i20,4.0,2
DRV8881,Oliver Karnik,6484314840,MH11 NR 2637,Mahindra XUV700,3.7,5
DRV8882,Ayushman Sekhon,02086200530,MH44 AA 5482,Mahindra XUV700,3.8,13
DRV8883,Baljiwan Dar,8569481652,MH46 MF 3874,Hyundai i20,3.5,4
DRV8884,Lucky Suri,00426998194,MH2 MJ 9372,Swift Dzire,4.9,5
DRV8885,Zayan Karpe,8454079274,MH17 AF 2840,Toyota Innova,3.9,8
DRV8886,Darpan Merchant,2730701451,MH12 ZE 8668,WagonR,5.0,7
DRV8887,Yoshita Saxena,+918330835160,MH32 SQ 7803,Hyundai Creta,4.2,7
DRV8888,Sachi Parekh,07201683654,MH8 OG 5564,WagonR,4.0,2
DRV8889,Jason Bora,+915691518325,MH6 GS 4450,Honda City,4.7,8
DRV8890,Gautam Aggarwal,01141923632,MH9 JU 9982,WagonR,4.4,15
DRV8891,Rehaan Kulkarni,1318499500,MH7 OB 0073,Kia Seltos,4.2,3
DRV8892,Chandran Master,+917510752869,MH3 IG 5230,Mahindra XUV700,4.3,5
DRV8893,Jhalak Bhasin,03892537223,MH31 GB 6672,Mahindra XUV700,4.5,6
DRV8894,Ladli Sha,+916374431475,MH48 CA 1890,Swift Dzire,4.6,4
DRV8895,Amruta Kalita,3902961635,MH7 OB 0073,Swift Dzire,4.2,10
DRV8896,Ishani Kunda,0625492262,MH17 HD 7255,WagonR,3.6,16
DRV8897,Mitesh Patel,+914302546172,MH11 WH 4134,Mahindra XUV700,4.5,15
DRV8898,Leela Dubey,8315320908,MH46 JD 7702,Hyundai Creta,4.2,1
DRV8899,Girindra Sha,05760066840,MH37 HH 7006,Mahindra XUV700,4.6,18
DRV8900,Watika Mahal,5676996507,MH8 BE 1199,Hyundai i20,4.3,9
DRV8901,Karan Thaker,01722644170,MH27 DC 2579,Tata Nexon,4.9,8
DRV8902,Harsh Virk,01994959596,MH50 DE 4762,Mahindra XUV700,3.6,13
DRV8903,Robert Krishnan,2169992278,MH11 EH 0791,Swift Dzire,3.6,11
DRV8904,Dakshesh Prabhu,+917048087196,MH48 FS 0265,WagonR,3.9,6
DRV8905,Shravya Som,1641058843,MH12 CP 4393,Kia Seltos,3.7,5
DRV8906,Laksh Lall,05386312247,MH6 XI 1508,Hyundai Creta,4.3,8
DRV8907,Faraj Barad,+918493078994,MH30 WG 6982,Honda City,3.6,16
DRV8908,Gabriel Tata,06022100193,MH18 XF 1840,Swift Dzire,4.5,15
DRV8909,Sanaya Kamdar,05243738967,MH5 CQ 9176,Tata Nexon,3.7,15
DRV8910,Yamini Keer,+919297042742,MH43 XG 0032,Toyota Innova,4.6,20
DRV8911,Praneel Chawla,+911898727628,MH30 NP 0987,Toyota Innova,3.8,1
DRV8912,Henry Kumar,+912785719001,MH34 PB 2179,Maruti Ertiga,3.6,11
DRV8913,Abdul Menon,8702499190,MH17 PS 0847,Mahindra XUV700,3.9,8
DRV8914,Lakshit Prabhakar,04768516833,MH5 QF 8456,Mahindra XUV700,4.0,14
DRV8915,Guneet Ahluwalia,06059123065,MH35 LE 8456,Toyota Innova,3.6,8
DRV8916,Jai Pingle,8751487333,MH20 EU 5510,Kia Seltos,4.5,19
DRV8917,Udant Basak,03519843080,MH7 IR 5842,Kia Seltos,4.7,16
DRV8918,Omya Pillay,+914845439926,MH2 VM 7364,Maruti Ertiga,4.7,2
DRV8919,Fitan Oza,9434538897,MH38 LD 7247,Tata Nexon,4.2,8
DRV8920,Daksh Suresh,+919686975036,MH8 HN 5567,WagonR,3.7,20
DRV8921,Lila Gour,1266578751,MH29 RZ 1101,Tata Nexon,4.6,19
DRV8922,Kashvi Kumar,3407241897,MH36 MX 0882,Kia Seltos,4.9,18
DRV8923,Unnati Kala,0566643912,MH9 EZ 4056,Hyundai Creta,4.5,6
DRV8924,Ekta Gill,07629793808,MH29 TH 5160,Maruti Ertiga,4.6,2
DRV8925,Hemang Ramakrishnan,8741750126,MH42 XR 9070,Hyundai Creta,3.8,7
DRV8926,Chanakya Gara,+911051228835,MH2 DO 5129,Maruti Ertiga,4.9,4
DRV8927,Harita Dayal,8865594953,MH10 JY 1696,Honda City,4.2,13
DRV8928,Fariq Bali,+912858960004,MH24 WZ 3286,WagonR,3.6,3
DRV8929,Ayushman Rajagopalan,+913145582478,MH4 OB 2952,Honda City,4.2,4
DRV8930,Hardik D’Alia,02140471722,MH39 QJ 5864,Kia Seltos,4.7,11
DRV8931,Janani Saini,1598125862,MH42 BG 8482,Honda City,4.8,3
DRV8932,Waida Dave,+916492537107,MH10 XP 8274,Toyota Innova,3.9,5
DRV8933,Hredhaan Vyas,3721863724,MH39 JN 8211,Kia Seltos,3.9,20
DRV8934,Zaid Bhagat,09374865685,MH42 VK 3793,Honda City,4.9,14
DRV8935,Aryan Parmar,0839873549,MH6 XE 7704,Toyota Innova,4.4,20
DRV8936,Abdul Parikh,06340373040,MH30 EK 5078,Maruti Ertiga,4.1,20
DRV8937,Pallavi Sagar,7670047565,MH40 EH 5594,Honda City,4.3,11
DRV8938,Shaurya Mandal,02612375869,MH19 WD 8601,Kia Seltos,4.5,20
DRV8939,Warda Karan,02262661833,MH34 ZB 3400,Swift Dzire,3.9,8
DRV8940,Kala Mitra,+914862211661,MH47 XO 5673,WagonR,4.3,6
DRV8941,Neel Naik,0924851759,MH17 VJ 8904,Swift Dzire,4.7,1
DRV8942,Gaurang Chana,02478321254,MH16 OI 5934,Toyota Innova,4.5,7
DRV8943,Ishaan Buch,04541765314,MH49 SI 9328,Hyundai i20,4.2,18
DRV8944,Dakshesh Balan,5827587367,MH30 YB 6325,Toyota Innova,3.5,20
DRV8945,Udarsh Aggarwal,+917101694460,MH38 WX 8024,Honda City,4.3,10
DRV8946,Dayita Sankaran,+910324118852,MH35 EC 3348,Maruti Ertiga,4.4,17
DRV8947,Hemangini Hans,6881496102,MH24 WS 6570,WagonR,4.3,12
DRV8948,Anamika Rana,9442229295,MH42 CB 2084,Hyundai i20,4.5,12
DRV8949,Chandresh Dalal,07469362321,MH16 HF 3614,Swift Dzire,3.5,10
DRV8950,Dayamai Sandhu,07479941401,MH28 PR 1882,Maruti Ertiga,4.9,17
DRV8951,Sanaya Chaudry,01130324977,MH40 HW 5114,Hyundai Creta,4.7,3
DRV8952,Ethan Lad,05193013872,MH14 FF 0630,Maruti Ertiga,4.1,6
DRV8953,Omisha Samra,+918581606873,MH32 MQ 0474,WagonR,4.7,11
DRV8954,Aditya Sarin,2668351534,MH24 RO 8433,Honda City,4.9,10
DRV8955,Avi Kale,4020726569,MH48 JO 0593,Swift Dzire,4.0,6
DRV8956,Divya Rajagopal,+910468402205,MH25 ND 0657,Tata Nexon,4.1,6
DRV8957,Balveer Sangha,07531990124,MH46 FA 8354,Hyundai Creta,4.2,12
DRV8958,Hritik Dey,+911188291321,MH46 XR 3339,Tata Nexon,3.6,9
DRV8959,Advay Dua,5604050455,MH3 OH 4331,Hyundai i20,4.1,18
DRV8960,Aashi Master,5141172164,MH50 ZZ 6048,Hyundai i20,4.6,18
DRV8961,Ijaya Chadha,03603073192,MH15 KN 9083,Swift Dzire,4.5,3
DRV8962,Hemani Rout,3093798473,MH41 MW 1882,Mahindra XUV700,3.9,17
DRV8963,Quincy Gade,2973320410,MH8 YA 9497,Toyota Innova,4.5,11
DRV8964,Ekanta Soman,+912414629664,MH16 BX 0641,Tata Nexon,4.3,13
DRV8965,Amol Bumb,07180341429,MH14 UA 1845,Tata Nexon,3.7,10
DRV8966,Zaid Prashad,0131619932,MH48 RX 5697,Mahindra XUV700,4.8,1
DRV8967,Nirja Lad,06071213272,MH33 OT 2165,Hyundai i20,3.5,18
DRV8968,Oni Nagarajan,05359637650,MH29 ZN 9348,Honda City,3.8,19
DRV8969,Pooja Sha,9285294006,MH20 XO 3561,Mahindra XUV700,4.1,18
DRV8970,Ekansh Rege,07527122135,MH34 VU 8706,Kia Seltos,3.6,13
DRV8971,Ayaan Sundaram,+910243527929,MH5 BM 7410,WagonR,4.3,5
DRV8972,Nilima Dave,6655477567,MH38 CY 5940,Swift Dzire,3.9,16
DRV8973,Qasim Srivastava,02905033537,MH38 YE 8491,Swift Dzire,4.1,19
DRV8974,Aarnav Thakur,+913973693122,MH35 PF 7755,Honda City,4.6,20
DRV8975,Osha Mangat,+914470213528,MH34 MU 9206,Honda City,4.9,5
DRV8976,Harini Vala,3814496990,MH9 AJ 7387,Hyundai i20,3.9,18
DRV8977,Reva Grover,2856882335,MH34 WP 5646,Hyundai Creta,4.6,7
DRV8978,Vidhi Sidhu,06451597389,MH43 SA 0753,Kia Seltos,4.3,10
DRV8979,Raghav Char,+911459801074,MH42 TU 0622,Kia Seltos,4.1,15
DRV8980,Sudiksha Sahni,+915632887992,MH14 XR 6343,WagonR,4.7,3
DRV8981,Damyanti Som,02143456524,MH15 EO 5615,Toyota Innova,4.2,16
DRV8982,Zehaan Gala,7331483002,MH40 BC 9775,Tata Nexon,3.7,8
DRV8983,Ganga Sane,+916446909224,MH31 BK 1746,Kia Seltos,3.5,5
DRV8984,Yasti Bali,+911837654689,MH36 FM 3350,Maruti Ertiga,3.8,9
DRV8985,Jagvi Brahmbhatt,+915586616789,MH7 SF 2992,Swift Dzire,3.9,5
DRV8986,Bhavika Dayal,5772185246,MH8 FJ 7439,Honda City,4.0,12
DRV8987,Naksh Das,2832149500,MH20 ZH 8038,Maruti Ertiga,4.4,8
DRV8988,Wridesh Nayar,04724665285,MH31 BB 0803,Mahindra XUV700,3.6,20
DRV8989,Rushil Sandal,+915511433438,MH17 LN 7958,Hyundai i20,4.7,5
DRV8990,Wriddhish Bhatti,3452079321,MH12 YO 2548,Honda City,4.2,6
DRV8991,Ira Sarin,7115987224,MH22 OR 2230,Toyota Innova,3.6,11
DRV8992,Upma Kohli,05966983638,MH26 TG 7834,Maruti Ertiga,4.4,5
DRV8993,Rachana Palan,01108582587,MH13 BI 4510,Swift Dzire,4.7,13
DRV8994,Krishna Gokhale,+910971048347,MH45 MT 7192,Hyundai i20,4.4,6
DRV8995,Lakshmi Taneja,+915889269236,MH39 OH 6809,Honda City,4.8,3
DRV8996,Upasna Borde,+913028458000,MH25 IG 8629,Kia Seltos,4.6,2
DRV8997,Yochana Mital,+915999071188,MH3 JY 6993,Maruti Ertiga,3.5,20
DRV8998,Nidra Lalla,0588425409,MH18 GU 9686,Toyota Innova,4.8,13
DRV8999,Yahvi Chakrabarti,+914387160504,MH5 GE 0514,Tata Nexon,4.7,18
DRV9000,Girish Varughese,+916859398434,MH39 JA 3063,Kia Seltos,4.6,4
DRV9001,Udyati Narang,3426058224,MH23 QE 5168,Hyundai i20,4.3,4
DRV9002,Ijaya Borde,6977384732,MH28 PC 9821,Hyundai Creta,4.3,10
DRV9003,Udant Koshy,3085161338,MH39 UM 3940,WagonR,3.7,7
DRV9004,Arjun Bhavsar,6956451698,MH26 MH 7343,WagonR,4.9,15
DRV9005,Krisha Trivedi,3018281848,MH24 RR 5141,Maruti Ertiga,3.8,13
DRV9006,Chaaya Hayre,3900354009,MH10 NO 5887,WagonR,3.9,6
DRV9007,Ijaya Khanna,08899099047,MH6 YZ 0345,Hyundai i20,4.0,4
DRV9008,Upadhriti Murty,09703188276,MH8 YM 1311,Hyundai Creta,4.3,5
DRV9009,Brijesh Iyengar,+913318105442,MH29 ZK 6645,Kia Seltos,4.0,1
DRV9010,Mitali Bawa,0304929085,MH35 TW 4325,Mahindra XUV700,4.2,12
DRV9011,Gaurangi Chakrabarti,5785817428,MH38 YY 0193,Honda City,3.8,4
DRV9012,Ubika Bhagat,+910119584072,MH8 BR 6618,Kia Seltos,4.5,7
DRV9013,Yashasvi Agrawal,5443007696,MH27 OS 9570,Kia Seltos,3.5,13
DRV9014,Oliver Gala,+917790483367,MH47 DJ 9750,Honda City,4.0,7
DRV9015,Bahadurjit Dash,5749662772,MH39 FU 8076,Kia Seltos,4.9,9
DRV9016,Agastya Som,7910735786,MH49 ZC 1047,Kia Seltos,4.6,1
DRV9017,Baghyawati Nagarajan,5101227607,MH46 VV 6272,Hyundai Creta,3.6,8
DRV9018,Wahab Konda,2140051266,MH25 IF 4831,Kia Seltos,3.8,1
DRV9019,Vrinda Anne,+917694316370,MH15 SH 1537,Hyundai i20,3.6,10
DRV9020,Dhriti Kamdar,2048887810,MH49 UC 7652,Maruti Ertiga,3.9,20
DRV9021,Wyatt Maharaj,02536147138,MH17 FZ 5142,Maruti Ertiga,4.4,20
DRV9022,Ladli Cherian,7467461732,MH23 GS 3199,Mahindra XUV700,3.8,16
DRV9023,Vamakshi Mitter,9778253891,MH16 XH 2499,Kia Seltos,4.2,17
DRV9024,Yuvraj Mishra,03846334882,MH37 PT 6723,Tata Nexon,4.9,5
DRV9025,Pratyush Misra,+915786915664,MH36 QH 2724,Hyundai Creta,3.9,3
DRV9026,Vanya Kapadia,06338873501,MH42 OK 4955,Tata Nexon,4.0,6
DRV9027,Avi Kale,9889060461,MH7 OA 1603,Toyota Innova,4.5,4
DRV9028,Zashil Bahri,6910877726,MH29 ZK 9523,WagonR,3.8,16
DRV9029,Warinder Bora,8852696011,MH41 WE 5685,Maruti Ertiga,4.9,20
DRV9030,Amol Wagle,6377099273,MH27 IT 6918,Honda City,4.7,17
DRV9031,Nisha Krishnamurthy,4640906711,MH31 MT 6820,Hyundai i20,4.0,14
DRV9032,Sai Kibe,03202699644,MH45 TV 9388,Hyundai i20,4.1,6
DRV9033,Zilmil Bhatt,+915777544132,MH19 KI 0466,WagonR,4.6,2
DRV9034,Kiaan Nayak,4713774273,MH8 QR 2728,Kia Seltos,4.3,10
DRV9035,Zaid Khare,09218595240,MH29 XF 4431,Tata Nexon,4.5,15
DRV9036,Indrajit Dewan,05161125172,MH6 GG 6635,Hyundai i20,4.9,19
DRV9037,Advaith Behl,8094636346,MH18 DD 7003,Mahindra XUV700,3.9,3
DRV9038,Kavya Prasad,+910217460798,MH31 KC 8230,Hyundai Creta,4.5,19
DRV9039,Daniel Mand,08965810867,MH17 TY 9391,Mahindra XUV700,3.7,9
DRV9040,Qabil Viswanathan,7918857634,MH41 FL 5776,Hyundai Creta,4.5,16
DRV9041,Ladli Bera,5551050935,MH5 KD 1485,Mahindra XUV700,3.6,20
DRV9042,Ira Saraf,+917486392364,MH37 JR 1184,Kia Seltos,3.7,9
DRV9043,Girindra Sarma,+915122822791,MH22 TM 7860,Swift Dzire,4.9,6
DRV9044,Ayaan Saraf,+918549226811,MH17 KD 1136,Mahindra XUV700,4.3,8
DRV9045,Turvi Ghosh,3606872570,MH40 AH 7017,Maruti Ertiga,4.4,9
DRV9046,Lavanya Vohra,01199858404,MH22 LA 1970,Hyundai i20,4.8,10
DRV9047,Deepa Bhavsar,+919495866377,MH25 IR 4418,Tata Nexon,4.4,12
DRV9048,Yashodhara Sodhi,+918143564349,MH16 SW 2551,Maruti Ertiga,4.4,2
DRV9049,Damini Rastogi,+916166843304,MH12 HV 9537,Hyundai i20,4.6,3
DRV9050,Ijaya Jhaveri,7606224619,MH8 GP 7244,WagonR,4.4,18
DRV9051,Aarini Kant,02345880639,MH7 LT 6520,Hyundai Creta,4.7,11
DRV9052,Ekbal Yohannan,+912504960331,MH38 OI 8267,Mahindra XUV700,4.2,3
DRV9053,Raghav Bhakta,+919204238415,MH43 XE 8138,Swift Dzire,4.8,5
DRV9054,Rehaan Parekh,+911258881738,MH39 AV 8359,Swift Dzire,3.8,16
DRV9055,Nidhi Bedi,+914818860074,MH10 MR 6160,WagonR,4.5,12
DRV9056,Ekaja Pradhan,9445726905,MH3 BN 3425,Toyota Innova,4.3,7
DRV9057,Laban Aggarwal,0562429605,MH11 HK 2833,Maruti Ertiga,4.0,11
DRV9058,Joshua Mandal,0769391709,MH2 YT 2424,Maruti Ertiga,4.0,19
DRV9059,Tanay Malhotra,03618472050,MH14 XO 2939,WagonR,4.0,7
DRV9060,Ekbal Ganesan,8073386312,MH15 DG 8067,Mahindra XUV700,4.1,13
DRV9061,Rishi Kala,6750122138,MH9 KW 4374,Maruti Ertiga,4.6,3
DRV9062,Isaac Batra,+918975909264,MH46 ZJ 6961,Toyota Innova,3.7,5
DRV9063,Wyatt Rastogi,1205955516,MH32 SQ 5771,Kia Seltos,4.9,6
DRV9064,Oliver Zacharia,5486786283,MH38 HY 0177,Hyundai Creta,4.0,3
DRV9065,Gayathri Kade,2905260954,MH6 GD 1520,Kia Seltos,4.9,17
DRV9066,Manthan Kar,+917052573033,MH31 BK 1746,Toyota Innova,3.7,17
DRV9067,Ojas Divan,8973620073,MH26 MH 7343,Swift Dzire,3.8,20
DRV9068,Patrick Deshpande,+913493060346,MH40 IR 8060,Mahindra XUV700,3.7,3
DRV9069,Theodore Kadakia,05639070974,MH18 AU 8608,Tata Nexon,4.3,20
DRV9070,Vinaya Mital,8598832857,MH3 AD 3125,Hyundai i20,4.8,14
DRV9071,Dev Tripathi,8310076235,MH22 EB 7650,Hyundai Creta,3.8,4
DRV9072,Upkaar Deshmukh,+911691446860,MH16 LO 0263,Hyundai Creta,4.4,6
DRV9073,Wridesh Sachdeva,03491194096,MH44 AS 8436,Hyundai i20,3.8,15
DRV9074,Kevin Joshi,9122451893,MH22 DN 6428,Mahindra XUV700,3.5,20
DRV9075,Yochana Sodhi,03794957560,MH18 XF 1840,Tata Nexon,5.0,17
DRV9076,Maya Dutt,+911225863478,MH3 HM 1888,WagonR,4.6,8
DRV9077,Omisha Patla,0696867504,MH16 XH 2499,Toyota Innova,4.7,12
DRV9078,Ubika Patla,1998920879,MH1 TH 9069,Hyundai Creta,3.9,8
DRV9079,Qarin Chaudhary,0292363837,MH14 YC 2788,Mahindra XUV700,4.9,2
DRV9080,Fitan Sur,+913793557319,MH32 JB 2611,Hyundai Creta,3.7,3
DRV9081,Upadhriti Das,+915429298029,MH48 OC 9974,Hyundai Creta,4.9,8
DRV9082,Idika Jani,2649844282,MH48 QW 7349,WagonR,4.4,8
DRV9083,Vrinda Dash,03663447698,MH20 ZN 4986,Maruti Ertiga,4.2,16
DRV9084,Jagvi De,+919066360740,MH45 SU 2919,WagonR,4.3,16
DRV9085,Nikita Batra,0818820208,MH2 JG 9871,Tata Nexon,4.7,3
DRV9086,Varenya Ahuja,00061112843,MH20 ZC 8740,Maruti Ertiga,3.7,14
DRV9087,Jairaj Thakkar,04960613168,MH33 FY 8316,Hyundai Creta,3.9,11
DRV9088,Reva Sharaf,06873084421,MH13 ZZ 6928,Swift Dzire,3.7,20
DRV9089,Amrita Nair,+918236060626,MH15 GE 8525,Kia Seltos,4.5,13
DRV9090,Matthew Pant,08927325657,MH16 GO 7094,Maruti Ertiga,3.8,16
DRV9091,Bhavya Narula,+917088712930,MH5 MF 7505,Kia Seltos,4.4,15
DRV9092,Gauri Mitra,+916391986456,MH36 YB 5747,Swift Dzire,4.8,15
DRV9093,Upadhriti Patil,03372831967,MH6 NT 9354,Swift Dzire,4.7,10
DRV9094,Qarin Sarna,00240665676,MH1 KI 6048,Mahindra XUV700,5.0,4
DRV9095,Sanaya Manda,2419259176,MH26 KW 5931,WagonR,4.5,5
DRV9096,Nathaniel Vig,7193257812,MH4 XC 4489,Toyota Innova,4.9,14
DRV9097,Hema Walia,0031123517,MH46 AM 3920,Hyundai Creta,4.8,14
DRV9098,Neel Malhotra,+912443573286,MH16 HA 4175,WagonR,3.6,16
DRV9099,Brinda Jain,+919681332357,MH36 DR 7526,Toyota Innova,5.0,3
DRV9100,Tripti More,+918912173974,MH14 MY 3882,Maruti Ertiga,3.6,18
DRV9101,Guneet Gopal,+917171341154,MH2 OP 2970,Toyota Innova,4.9,15
DRV9102,Waida Kaul,7723873541,MH17 QH 9663,Hyundai Creta,3.7,19
DRV9103,Sanya Toor,+913187666465,MH43 YR 6444,Hyundai i20,3.5,2
DRV9104,Leena Kata,6863163293,MH38 KD 1023,Hyundai i20,4.5,15
DRV9105,Yash Tara,0526873075,MH19 UL 9090,Maruti Ertiga,3.6,17
DRV9106,Kala Bala,+916026498429,MH12 CT 8698,Kia Seltos,4.3,5
DRV9107,Darsh Baral,+917183552066,MH40 MX 7742,Tata Nexon,4.5,16
DRV9108,Alexander Iyer,4576377326,MH46 MI 3950,Tata Nexon,4.4,6
DRV9109,Rachana Sanghvi,6891748817,MH8 MG 6085,Kia Seltos,4.2,5
DRV9110,Wridesh Behl,3495930802,MH17 CY 5054,Hyundai i20,3.8,6
DRV9111,Avi Varghese,09105183994,MH10 DU 7880,Kia Seltos,4.7,19
DRV9112,Henry Kanda,5538741621,MH42 GC 5182,Hyundai Creta,3.8,3
DRV9113,Mason Sathe,06855484835,MH21 NQ 7061,Hyundai Creta,4.8,8
DRV9114,Imaran Grewal,8364388242,MH42 QD 1984,Mahindra XUV700,4.8,6
DRV9115,Nisha Dhar,+911574240262,MH39 JI 2595,Mahindra XUV700,4.4,1
DRV9116,George Boase,+915454471881,MH47 RZ 6862,WagonR,3.8,16
DRV9117,Netra Choudhry,09705480478,MH20 OC 7137,Hyundai i20,5.0,12
DRV9118,Oni Madan,+917379730844,MH11 OT 1233,Toyota Innova,3.7,1
DRV9119,Azaan Deshmukh,5356820676,MH43 OS 8692,Kia Seltos,3.9,15
DRV9120,Nitara Bose,5930159710,MH35 VU 7607,Hyundai i20,4.0,17
DRV9121,Azaan Bora,05320578136,MH44 FW 1888,Maruti Ertiga,4.1,14
DRV9122,Barkha Vig,+917697238961,MH24 GK 5231,Maruti Ertiga,3.9,4
DRV9123,Chaman Chandra,03720937643,MH48 AT 5800,Mahindra XUV700,4.0,6
DRV9124,Rachita Oak,+911413576962,MH3 NG 2704,Kia Seltos,3.6,8
DRV9125,Yashvi Parsa,5791101888,MH22 XC 6545,Hyundai i20,4.4,7
DRV9126,Jagat Singh,03010599843,MH35 IM 5196,Hyundai Creta,5.0,7
DRV9127,Mekhala Wable,+911236996124,MH49 CP 9598,Hyundai Creta,4.8,4
DRV9128,Eiravati Lad,04641882219,MH22 PJ 4770,Hyundai i20,4.2,2
DRV9129,Meera Dada,9705613682,MH3 PR 2018,Toyota Innova,3.9,18
DRV9130,Odika Bahl,07877924838,MH50 BN 1320,WagonR,4.3,6
DRV9131,Ayushman Mutti,09505615239,MH41 WB 0337,Swift Dzire,3.7,16
DRV9132,Vrinda Pall,+917167502204,MH33 SM 0643,Mahindra XUV700,3.7,20
DRV9133,Mugdha Din,03056084686,MH10 TF 4784,Maruti Ertiga,3.7,1
DRV9134,Anika Lad,+913993162811,MH49 UQ 4961,Toyota Innova,4.4,9
DRV9135,Yatan Chander,+913476021495,MH27 GN 3754,Toyota Innova,4.8,9
DRV9136,Jagvi Doctor,03707314083,MH38 LZ 0914,Maruti Ertiga,4.7,18
DRV9137,Omya Naidu,07431675534,MH2 IA 7671,Kia Seltos,3.7,8
DRV9138,Ronith Uppal,2964265611,MH41 WL 5884,Hyundai i20,4.3,9
DRV9139,Chakrika Vaidya,1042561108,MH14 GS 5602,Tata Nexon,3.9,16
DRV9140,Om Minhas,4026894919,MH15 AH 7122,Swift Dzire,3.8,1
DRV9141,Yadavi Agate,+912172838991,MH21 LP 3033,Hyundai Creta,4.8,20
DRV9142,Tanay Kalita,+917114815759,MH1 FS 4872,Mahindra XUV700,4.8,16
DRV9143,Vritti Loyal,8887911578,MH28 SE 2608,Toyota Innova,4.6,9
DRV9144,Gautami Kurian,+910535888272,MH26 OZ 4116,Maruti Ertiga,4.9,5
DRV9145,Janani Wali,0881074925,MH13 GL 9574,Swift Dzire,3.9,5
DRV9146,Dominic Mital,0794179363,MH24 VB 6980,Mahindra XUV700,4.7,7
DRV9147,William Sridhar,+912375396867,MH37 IU 4410,Tata Nexon,3.6,15
DRV9148,Bhavya Varkey,04088790364,MH6 UA 1916,Maruti Ertiga,4.7,16
DRV9149,Ekavir Rao,+915907765664,MH7 CA 4817,Maruti Ertiga,3.9,5
DRV9150,Gunbir Vyas,03055947793,MH42 FP 5135,Hyundai i20,4.3,14
DRV9151,Yochana Walia,09329853769,MH3 IG 5230,Tata Nexon,3.7,15
DRV9152,Nakul Chakraborty,01645876507,MH29 KE 1439,Maruti Ertiga,4.3,16
DRV9153,Zayyan Raghavan,+913710535729,MH35 ZK 1908,Honda City,4.1,13
DRV9154,Advik Khurana,00559669643,MH24 KL 5798,Hyundai i20,4.4,20
DRV9155,Guneet Borra,+910503648785,MH48 UF 8155,WagonR,4.6,19
DRV9156,Daksha Mallick,+913851600800,MH23 VB 1836,Swift Dzire,4.6,2
DRV9157,Bimala Sarin,04635770969,MH16 KB 6984,WagonR,3.7,11
DRV9158,Udant Nayak,+915294312022,MH15 BW 0178,Swift Dzire,4.6,20
DRV9159,Anjali Mahajan,05608269614,MH33 FE 0919,Hyundai i20,4.5,1
DRV9160,Samuel Sanghvi,+912441134297,MH10 JP 6314,Tata Nexon,3.5,9
DRV9161,Peter Tripathi,04855694865,MH8 ZL 0531,Hyundai Creta,4.3,9
DRV9162,Pahal Ahluwalia,9345822193,MH44 NA 3002,Honda City,4.0,13
DRV9163,Sarthak Gole,0736312933,MH20 OH 3478,Maruti Ertiga,4.6,14
DRV9164,Advika Gandhi,08854220222,MH49 VC 7807,Kia Seltos,3.7,1
DRV9165,Shravya Mangat,7530118907,MH23 SF 4323,Hyundai i20,5.0,1
DRV9166,Jason Devan,2688682804,MH31 DR 6211,Hyundai Creta,4.4,14
DRV9167,Chakrika Narang,+913634607078,MH37 IB 5011,Hyundai i20,4.5,11
DRV9168,Jasmit Bains,01821115891,MH3 FF 3849,WagonR,4.1,10
DRV9169,Christopher Sawhney,+918967866819,MH12 RI 9147,WagonR,4.7,16
DRV9170,Oliver Om,3652442450,MH10 DT 7112,Swift Dzire,5.0,12
DRV9171,Liam Dani,7925299429,MH7 DM 3652,Kia Seltos,4.9,17
DRV9172,Azad Basak,+913130805036,MH44 FG 2400,Tata Nexon,4.8,11
DRV9173,Manthan Bora,+914873491095,MH25 FK 5133,Hyundai Creta,4.7,2
DRV9174,Anthony Bakshi,2092458320,MH13 UV 3802,Mahindra XUV700,3.8,17
DRV9175,Vedant Balan,03160959710,MH43 VK 7717,Tata Nexon,4.0,8
DRV9176,Varsha Garde,+915485574520,MH44 FK 6273,Mahindra XUV700,3.6,11
DRV9177,Zilmil Chakraborty,7552975699,MH37 DL 6408,Kia Seltos,5.0,18
DRV9178,Damyanti Gopal,+914796310532,MH18 TV 5856,Hyundai Creta,4.5,9
DRV9179,Anirudh Sodhi,08391335082,MH12 FW 7489,WagonR,4.9,1
DRV9180,Advay Vohra,+911981625056,MH24 XU 7674,WagonR,4.2,9
DRV9181,Lakshmi Choudhry,+915940606550,MH43 FO 8465,Toyota Innova,3.9,16
DRV9182,Yashica Borra,3817213873,MH37 NZ 2263,Maruti Ertiga,4.7,20
DRV9183,Chatura Bhatnagar,+916610946193,MH45 VS 3884,Tata Nexon,4.8,15
DRV9184,Hiral Shetty,8744170809,MH31 GV 4270,Maruti Ertiga,4.2,5
DRV9185,Ganga Oak,7111059920,MH40 SP 8702,Toyota Innova,4.0,4
DRV9186,Ridhi Modi,03256648509,MH13 HD 2382,Hyundai Creta,4.7,9
DRV9187,Zansi Narayan,+913145956886,MH49 RF 6813,Maruti Ertiga,4.2,5
DRV9188,Advay Parikh,+910880335717,MH18 EU 5784,Swift Dzire,3.6,3
DRV9189,Wahab Magar,02922565805,MH23 XA 3936,Honda City,3.7,13
DRV9190,Umang Walia,+917273206152,MH14 MO 0642,Honda City,4.8,10
DRV9191,Karan Hayre,1118332897,MH25 QY 4618,Hyundai Creta,5.0,15
DRV9192,Lucky Chandra,09904184672,MH15 ZL 4596,Tata Nexon,3.8,5
DRV9193,Yauvani Jhaveri,7030319268,MH30 UR 0500,Toyota Innova,4.1,3
DRV9194,Gautam Manne,5194819300,MH20 ZX 5596,Maruti Ertiga,3.8,2
DRV9195,Praneel Shan,+911853649530,MH48 XS 6791,Maruti Ertiga,4.0,20
DRV9196,Yutika Mannan,5057653019,MH24 YJ 4263,WagonR,4.3,5
DRV9197,Eesha Misra,+913066831852,MH41 MK 5096,Kia Seltos,4.2,6
DRV9198,Wahab Kapur,04472871385,MH15 YU 6286,Kia Seltos,4.8,6
DRV9199,Ishaan Buch,5929346229,MH22 HY 8297,Mahindra XUV700,5.0,3
DRV9200,Lila Hari,5256377629,MH50 PZ 6640,Kia Seltos,4.9,12
DRV9201,Shivani Jaggi,7133745799,MH6 PE 7744,Maruti Ertiga,4.0,4
DRV9202,Amara Varughese,1825955756,MH40 WS 6486,WagonR,3.6,20
DRV9203,Triveni Doshi,+913880704949,MH34 TF 7672,Kia Seltos,4.7,4
DRV9204,Arjun Basak,5331392102,MH12 IT 3112,Tata Nexon,4.9,1
DRV9205,Mugdha Dave,0687644043,MH37 UK 0801,Maruti Ertiga,4.7,15
DRV9206,Chanakya Tella,+911768269280,MH47 LY 3168,Swift Dzire,3.8,16
DRV9207,Ekiya Deshmukh,1291528916,MH2 AC 2196,Kia Seltos,4.8,20
DRV9208,Neha Ahuja,09255063529,MH21 SI 0661,Maruti Ertiga,3.8,7
DRV9209,Lavanya Bhardwaj,5465472939,MH46 HR 3868,Tata Nexon,4.1,5
DRV9210,Harshil Bhat,0648258350,MH40 ES 2877,Hyundai Creta,4.0,19
DRV9211,Manya Anand,2534431621,MH27 UN 5907,Swift Dzire,4.8,15
DRV9212,Watika Dhillon,03285831531,MH11 UJ 2637,Tata Nexon,4.1,4
DRV9213,Faris Pandya,+912842779722,MH20 VS 4849,Mahindra XUV700,4.0,1
DRV9214,Vyanjana Anand,02856444964,MH50 DK 0521,Kia Seltos,3.9,16
DRV9215,Patrick Chowdhury,+910633970934,MH44 KZ 5848,Maruti Ertiga,4.7,8
DRV9216,Gagan Parmar,7637089087,MH33 HQ 1943,WagonR,4.3,15
DRV9217,Krish Swaminathan,+918144551384,MH35 QO 4794,Tata Nexon,4.3,16
DRV9218,Gaurangi Dora,+913112799144,MH19 GP 7061,Hyundai i20,4.0,3
DRV9219,Krish Toor,09984188777,MH28 PE 8046,Maruti Ertiga,4.6,17
DRV9220,Tamanna Tandon,+918802836027,MH5 WM 4862,Mahindra XUV700,5.0,10
DRV9221,Krishna Sura,06575414307,MH45 FI 9716,Honda City,3.7,15
DRV9222,Kevin Keer,04407813079,MH19 XF 4253,Mahindra XUV700,4.8,3
DRV9223,Garima Datta,0451576638,MH47 PJ 4578,Maruti Ertiga,4.9,17
DRV9224,Avi Randhawa,2987126891,MH11 VC 7384,Hyundai i20,4.2,10
DRV9225,Reyansh Din,09780580486,MH3 XH 5527,Honda City,4.3,2
DRV9226,Sachi Rama,+916069800744,MH45 RE 7279,Swift Dzire,4.9,1
DRV9227,Kiaan Som,9157753869,MH32 HN 1671,Mahindra XUV700,4.7,16
DRV9228,Yuvraj Hayre,06954355093,MH17 IV 8055,Kia Seltos,5.0,4
DRV9229,Nihal Sahni,+913762841213,MH7 SV 4310,Maruti Ertiga,4.0,20
DRV9230,Rudra Dar,5598736364,MH21 HK 7357,WagonR,4.1,14
DRV9231,Anmol Kata,0306787662,MH1 YF 0815,Toyota Innova,4.9,7
DRV9232,Tanveer Mohan,3545163271,MH4 OG 7038,Hyundai Creta,4.4,8
DRV9233,Yochana Lala,+914255963861,MH37 PU 4294,Tata Nexon,4.0,8
DRV9234,Janya Kaul,01220235454,MH12 RV 8988,Maruti Ertiga,3.5,10
DRV9235,Ria Murthy,5513239415,MH6 RG 1969,Hyundai Creta,4.1,6
DRV9236,Damyanti Kale,+919499156491,MH35 NE 4614,Hyundai i20,3.9,5
DRV9237,Ekapad Chaudry,05271031094,MH1 CN 7393,Swift Dzire,4.9,8
DRV9238,Ekapad Saran,09188921383,MH31 CY 6667,Honda City,4.4,12
DRV9239,Lajita Sodhi,+916046858211,MH7 QK 6000,Honda City,3.8,12
DRV9240,Triya Narasimhan,+918622169394,MH5 GB 7875,Tata Nexon,4.7,11
DRV9241,Irya Varty,07063372784,MH38 RO 5056,Hyundai Creta,3.8,8
DRV9242,Anita Goswami,06013680815,MH37 XJ 8996,Honda City,4.5,2
DRV9243,Yashodhara Konda,04107652059,MH6 LO 3712,WagonR,3.5,2
DRV9244,Unni Narayanan,+919258517022,MH24 UY 9638,Swift Dzire,4.8,2
DRV9245,Eesha Jain,+911872782970,MH28 DI 6635,Tata Nexon,4.7,10
DRV9246,Jyoti Kunda,00485058720,MH10 BS 4039,Hyundai Creta,4.7,12
DRV9247,Girik Malhotra,+916392612127,MH37 HN 0564,Honda City,4.4,9
DRV9248,Anika Jain,05157215403,MH41 JK 1041,Tata Nexon,4.7,8
DRV9249,Gaurika Arya,01675994767,MH8 EL 8420,WagonR,3.8,1
DRV9250,Yashvi Chokshi,+914067856470,MH31 UI 3691,Maruti Ertiga,4.7,12
DRV9251,Geetika Butala,+910924426677,MH15 UI 5607,Honda City,3.7,16
DRV9252,Aarnav Nadkarni,+916590646102,MH38 CS 7632,Hyundai Creta,3.6,2
DRV9253,Ira Varughese,1133207928,MH25 SL 6117,Honda City,4.0,6
DRV9254,Teerth Koshy,5365432134,MH46 HR 3868,Toyota Innova,3.9,19
DRV9255,Yug D’Alia,09791845783,MH47 XO 5673,WagonR,4.4,10
DRV9256,Orinder Bera,07845437004,MH3 TG 2753,Hyundai i20,4.7,10
DRV9257,Nirja Dube,04487833518,MH23 AR 3356,Hyundai i20,3.7,4
DRV9258,Balendra Savant,3709213361,MH34 UX 4749,Maruti Ertiga,4.6,14
DRV9259,Azad Edwin,8934892393,MH49 WL 9506,Honda City,4.3,10
DRV9260,Daksha Chaudhari,06915725778,MH6 FF 6090,Maruti Ertiga,4.3,4
DRV9261,Anmol Iyengar,0230199591,MH24 LD 4514,Toyota Innova,4.6,8
DRV9262,Anvi Aggarwal,04909457654,MH49 CJ 4714,Hyundai Creta,3.7,15
DRV9263,Kamala Saraf,+919972662550,MH10 TV 2315,Maruti Ertiga,3.7,14
DRV9264,Prisha Patil,09372529036,MH44 XW 3983,Hyundai Creta,4.3,18
DRV9265,Chandran Basu,02272344268,MH38 TV 0565,Mahindra XUV700,3.8,18
DRV9266,Garima Patla,+912532155148,MH41 QF 7667,Maruti Ertiga,3.6,10
DRV9267,Zayyan Ratta,+913128286656,MH46 VF 1318,Toyota Innova,3.9,14
DRV9268,Warhi Dugal,06260369609,MH32 OM 6215,Swift Dzire,4.1,2
DRV9269,Siya Ahuja,+919321008497,MH40 EL 5501,Maruti Ertiga,3.5,2
DRV9270,Sara Gera,+916696882314,MH28 RI 5165,Kia Seltos,3.9,11
DRV9271,Xiti Sachdev,05626432839,MH29 MW 3446,WagonR,4.6,19
DRV9272,Bhanumati Bandi,5347869023,MH26 GS 7831,Maruti Ertiga,3.5,10
DRV9273,Pallavi Raja,+912452981645,MH19 UZ 3979,Mahindra XUV700,3.8,1
DRV9274,Lipika Subramaniam,01440325797,MH43 TZ 3985,Hyundai Creta,4.3,8
DRV9275,Ishita Taneja,04992052989,MH43 PJ 6406,Maruti Ertiga,3.6,16
DRV9276,Damyanti Date,00919940118,MH43 HJ 0397,Honda City,3.9,11
DRV9277,Eiravati Chaudry,+913137662135,MH35 QI 3754,WagonR,3.6,1
DRV9278,Abhiram Chaudhuri,06521965209,MH15 GI 6209,Kia Seltos,4.4,13
DRV9279,Falguni Madan,05047189142,MH15 WA 8260,Hyundai Creta,4.4,20
DRV9280,Frado Vig,00920458947,MH11 AQ 9569,WagonR,3.6,3
DRV9281,Riya Pai,9871891918,MH36 YV 5606,Honda City,4.2,19
DRV9282,Ucchal Patla,2157616870,MH38 CK 0495,Hyundai Creta,4.0,8
DRV9283,Tristan Dewan,07319022620,MH12 LI 5184,WagonR,4.0,16
DRV9284,Timothy Basu,5384772155,MH11 OU 3797,Hyundai Creta,4.4,20
DRV9285,Yuvraj Bumb,+918434803860,MH22 GR 0636,Tata Nexon,4.1,12
DRV9286,Nikita Puri,02045276126,MH45 XI 2364,WagonR,5.0,5
DRV9287,Vinaya Chaudhuri,5027587952,MH41 UP 8700,Honda City,4.1,3
DRV9288,Raghav Basak,+918636748803,MH7 OB 0073,WagonR,3.6,3
DRV9289,Januja Bhalla,07433867296,MH17 CI 2688,Hyundai Creta,3.6,18
DRV9290,Frederick Kapadia,9048817342,MH30 EY 1873,Tata Nexon,3.6,11
DRV9291,Siddharth Mandal,+911277389856,MH35 VO 8499,Mahindra XUV700,4.1,6
DRV9292,Agastya Deol,+918933348234,MH17 KA 0155,Mahindra XUV700,3.8,10
DRV9293,Warhi Bahl,8984211255,MH7 EY 3526,Tata Nexon,4.4,13
DRV9294,Charvi Deo,5017141262,MH48 OI 4762,Hyundai Creta,4.6,14
DRV9295,Tejas Dugar,9311571066,MH20 LY 9411,Hyundai i20,4.2,20
DRV9296,Vincent Deol,+915878291318,MH28 JL 5625,Kia Seltos,3.9,8
DRV9297,Owen Shere,+912115302902,MH7 KM 9736,Hyundai Creta,3.8,11
DRV9298,Gavin Krish,02047986341,MH18 HQ 2726,Hyundai Creta,3.5,2
DRV9299,Harini Kulkarni,05617140529,MH14 CR 0378,Swift Dzire,3.6,9
DRV9300,Riya Dey,05242408770,MH25 BP 7017,Swift Dzire,4.4,7
DRV9301,Onveer Acharya,0932683371,MH20 US 2589,Swift Dzire,3.7,8
DRV9302,Tanveer Malhotra,01830221286,MH17 YV 8495,Hyundai Creta,4.1,19
DRV9303,Tarak Wali,02587588240,MH22 BI 0269,Toyota Innova,3.8,5
DRV9304,Leena Jhaveri,03657833610,MH45 OX 4095,Maruti Ertiga,3.5,12
DRV9305,Aarna Chokshi,3899146719,MH46 MI 9012,Swift Dzire,4.9,9
DRV9306,Ishwar Barad,4747153424,MH3 JV 8527,Kia Seltos,4.7,4
DRV9307,Yatin Ganesan,01062883678,MH16 PF 8449,Hyundai Creta,3.5,20
DRV9308,Hritik Sidhu,08621388627,MH3 AC 5311,Swift Dzire,4.0,12
DRV9309,Timothy Tara,+916880200098,MH14 WM 9599,Mahindra XUV700,4.1,7
DRV9310,Varsha Sampath,+913049677837,MH49 HB 0752,Hyundai Creta,4.7,12
DRV9311,Rudra Gole,+911446804108,MH45 LH 4473,Toyota Innova,3.9,16
DRV9312,Wyatt Reddy,+917624368826,MH27 YJ 2873,Toyota Innova,4.4,18
DRV9313,Dayita Sama,3017542901,MH14 CW 8860,Hyundai i20,4.9,9
DRV9314,Fariq Sankaran,+912096445878,MH21 PW 0069,Swift Dzire,4.2,3
DRV9315,Chaaya Gola,00776632247,MH22 OI 3198,Hyundai i20,4.7,5
DRV9316,Ekantika Bala,+910128924036,MH8 RA 8254,Tata Nexon,4.2,6
DRV9317,Mohini Agate,00879962320,MH23 XP 0007,Swift Dzire,4.5,19
DRV9318,Saksham Naik,01873087859,MH10 QW 5593,Maruti Ertiga,4.3,12
DRV9319,Bachittar Wable,04993242269,MH20 AR 0495,WagonR,3.7,15
DRV9320,Nirja Mandal,00969604783,MH13 XA 1773,Hyundai i20,5.0,5
DRV9321,Aarna Saini,07797332659,MH17 LG 7293,Maruti Ertiga,5.0,7
DRV9322,Anirudh Soman,9326099050,MH9 KH 0929,Kia Seltos,4.4,16
DRV9323,Isha Varghese,4074129745,MH27 HQ 5420,Hyundai i20,3.6,10
DRV9324,Darsh Varughese,05488719064,MH14 QP 9262,Swift Dzire,4.2,7
DRV9325,Tanay Jhaveri,3316918171,MH5 CQ 9176,Hyundai Creta,4.6,7
DRV9326,Fiyaz Suresh,01949658271,MH46 BA 2599,Swift Dzire,4.7,3
DRV9327,Lavanya Rao,+911476562507,MH46 KC 2645,Maruti Ertiga,4.2,15
DRV9328,Aarnav Saha,02881590332,MH5 DZ 7764,Tata Nexon,3.6,10
DRV9329,Oliver Upadhyay,05915658132,MH9 OG 9872,Honda City,4.0,9
DRV9330,Vasana Mukherjee,04345824949,MH27 UL 2785,Tata Nexon,3.7,15
DRV9331,Karan Subramanian,02704168744,MH49 RU 5077,Honda City,3.5,9
DRV9332,Ijaya Mohanty,+911885418531,MH5 LC 6642,Hyundai Creta,4.4,13
DRV9333,Yauvani Doctor,03985228955,MH39 QJ 5864,Swift Dzire,4.0,11
DRV9334,Ekaraj Lanka,+910568362132,MH19 FT 7843,Kia Seltos,4.0,7
DRV9335,Upadhriti Sarma,+919563972864,MH31 PD 8947,Mahindra XUV700,3.9,7
DRV9336,Aachal Prabhakar,03286641205,MH3 RQ 3722,Honda City,4.8,16
DRV9337,Divya Samra,04014777570,MH20 ZH 1469,Maruti Ertiga,4.7,19
DRV9338,Vansha Lata,6380204144,MH27 FG 6615,Swift Dzire,4.9,14
DRV9339,Garima Bedi,+910552747457,MH47 PR 2773,Hyundai i20,4.6,13
DRV9340,Meera Parekh,+914414562731,MH15 CY 2791,Swift Dzire,4.2,17
DRV9341,Xalak Badal,2602051449,MH30 WJ 0497,Swift Dzire,4.5,9
DRV9342,Bishakha Kanda,2968066305,MH50 ZL 4693,Maruti Ertiga,3.5,11
DRV9343,Jackson Nagy,03821868018,MH5 QF 8456,Hyundai i20,4.0,10
DRV9344,Chanakya Kamdar,02640659303,MH46 FB 4230,Mahindra XUV700,4.9,5
DRV9345,Yadavi Sengupta,05537316053,MH22 AC 2371,Hyundai Creta,3.6,7
DRV9346,Wyatt Gala,7429356416,MH27 OT 3675,Hyundai i20,3.6,8
DRV9347,Meghana Ghose,+919977311317,MH5 SN 8251,Mahindra XUV700,4.8,7
DRV9348,Chatresh Mishra,+916618158631,MH45 EG 7142,Hyundai Creta,4.9,8
DRV9349,Indira Din,09295243149,MH34 UI 4678,Mahindra XUV700,3.9,1
DRV9350,Gunbir Varma,+911425153750,MH44 FO 3809,WagonR,3.7,9
DRV9351,Nathaniel Kale,+919022914254,MH29 MW 7900,Honda City,4.4,18
DRV9352,Vasana Bora,08102617081,MH17 EQ 8532,WagonR,4.0,19
DRV9353,Urishilla Muni,+917171767843,MH47 QU 1901,Mahindra XUV700,4.4,16
DRV9354,Ganga Mittal,0625495019,MH23 SR 8370,Mahindra XUV700,4.3,5
DRV9355,Girindra Kade,04884977603,MH36 UC 4164,Hyundai i20,4.5,9
DRV9356,Balveer Jani,7792895736,MH30 ML 5123,Honda City,4.9,4
DRV9357,Orinder Raj,+910782688870,MH31 TN 2320,Hyundai Creta,4.3,9
DRV9358,Lakshmi Raval,07624497026,MH16 RA 9824,Hyundai i20,4.0,9
DRV9359,Divya Buch,+910922827096,MH40 PG 9414,Maruti Ertiga,4.6,16
DRV9360,Wakeeta Dube,9697882974,MH9 WN 4577,Hyundai Creta,4.5,15
DRV9361,Fiyaz Pandya,+911769959934,MH15 SH 1537,Hyundai Creta,5.0,7
DRV9362,Unnati Pandya,+919632538551,MH34 KA 8874,Hyundai Creta,4.5,8
DRV9363,Naksh Pall,+913278406247,MH38 GO 0184,Toyota Innova,4.6,13
DRV9364,Zinal Mahal,+916102577694,MH49 ZC 1047,Hyundai Creta,3.7,5
DRV9365,Hemangini Bhatti,6215600806,MH44 KG 5858,Mahindra XUV700,4.4,9
DRV9366,Riya Behl,4565995280,MH4 ZR 8333,Maruti Ertiga,4.5,10
DRV9367,Neelima Bajwa,5385083535,MH2 QP 9124,Toyota Innova,3.8,18
DRV9368,Sanaya Acharya,7701194541,MH20 DS 2841,WagonR,3.9,18
DRV9369,Upasna Narain,08359242704,MH48 IZ 1991,Kia Seltos,4.4,2
DRV9370,Bahadurjit Mistry,09493205466,MH50 HE 2438,Kia Seltos,3.5,11
DRV9371,Nilima Wason,1781549504,MH25 BB 1717,Honda City,4.0,19
DRV9372,Ekta Gokhale,06549940005,MH42 UI 2760,Hyundai i20,3.8,2
DRV9373,Irya Malhotra,7913187293,MH8 MC 3354,Hyundai Creta,4.6,1
DRV9374,Watika Solanki,2839293643,MH17 TW 4636,Honda City,4.7,18
DRV9375,Mitesh Desai,7944594469,MH7 IJ 3229,Kia Seltos,3.8,5
DRV9376,Naveen Gupta,2089088784,MH17 ZY 3535,Swift Dzire,3.6,10
DRV9377,Rohan Jha,0327182743,MH14 LQ 6612,Mahindra XUV700,3.7,17
DRV9378,Dalbir Prabhu,+914860478444,MH15 QN 9195,Honda City,4.5,2
DRV9379,Christopher Dhar,09520724935,MH2 AY 1700,Tata Nexon,4.1,14
DRV9380,Anita Raman,06668240376,MH29 LN 2912,Mahindra XUV700,4.8,18
DRV9381,Ayush Pathak,05892822053,MH42 QD 1984,Hyundai Creta,3.9,6
DRV9382,Harinakshi Peri,6368253921,MH30 LY 6458,Hyundai Creta,3.9,2
DRV9383,Siddharth Grewal,00962090440,MH18 WO 7709,Honda City,3.7,15
DRV9384,Zashil Pandey,5316019625,MH4 MS 4754,Honda City,3.6,5
DRV9385,Vamakshi Manda,0990655161,MH49 XQ 0054,WagonR,4.4,5
DRV9386,Michael Saxena,+912438139614,MH21 FA 1664,Swift Dzire,3.8,3
DRV9387,Qarin D’Alia,2631570487,MH37 ST 7744,Swift Dzire,4.6,1
DRV9388,Yamini Mohanty,+913284741814,MH17 CW 1112,Swift Dzire,4.6,14
DRV9389,Falan Vaidya,+915124595107,MH44 GA 3696,Toyota Innova,4.9,16
DRV9390,Gautami Sarin,+917289935058,MH4 VE 5483,WagonR,3.8,19
DRV9391,Saanvi Bhandari,+912202887566,MH46 UH 0973,Swift Dzire,4.4,7
DRV9392,Chandani Roy,+917507428837,MH49 IK 2426,Hyundai Creta,3.5,18
DRV9393,Jairaj Purohit,03675375748,MH22 NM 1392,Kia Seltos,3.8,15
DRV9394,Krishna Ganesan,08711528498,MH44 XI 7402,Hyundai Creta,4.9,1
DRV9395,Kabir Bail,4902572766,MH25 CZ 5058,Hyundai Creta,3.6,2
DRV9396,Panini Bhatia,03948251988,MH11 HK 2833,Tata Nexon,4.7,12
DRV9397,Eshana Bajaj,03117295876,MH43 MS 7969,Toyota Innova,4.5,11
DRV9398,Bakhshi Prashad,1107285389,MH15 ZN 6444,Hyundai Creta,4.4,11
DRV9399,Udyati Brahmbhatt,0309806334,MH20 VT 9886,Swift Dzire,3.6,5
DRV9400,Jackson Balay,00298112106,MH17 PS 0847,WagonR,4.2,12
DRV9401,Yutika Kuruvilla,+919981917426,MH1 LM 6224,WagonR,4.1,19
DRV9402,Lajita Bahri,4972139699,MH48 UH 1198,WagonR,3.6,18
DRV9403,Aarush Chaudhary,2726454987,MH32 TO 5197,Maruti Ertiga,4.0,16
DRV9404,Max Ramaswamy,02511094896,MH4 NV 2318,WagonR,4.3,12
DRV9405,Veer Dua,03412434863,MH13 VZ 1598,Maruti Ertiga,4.6,1
DRV9406,Liam Pai,09239941793,MH44 EZ 2479,Tata Nexon,4.0,19
DRV9407,Bhavna Bumb,0845595893,MH43 MJ 4569,WagonR,4.9,15
DRV9408,Niharika Nagy,8738647168,MH8 EA 5561,Maruti Ertiga,4.3,20
DRV9409,Chasmum Mallick,+910341827974,MH22 QZ 7677,Honda City,4.2,5
DRV9410,Guneet Contractor,+917595894947,MH50 NZ 8367,Tata Nexon,3.9,12
DRV9411,Ekani Shanker,+914800536790,MH47 SO 3703,Swift Dzire,4.6,4
DRV9412,Abeer Dyal,07939447483,MH25 IF 4831,Honda City,4.2,2
DRV9413,Joshua Buch,+919843449049,MH37 GT 8118,Kia Seltos,3.6,16
DRV9414,Yashica Khurana,01242429492,MH30 ZF 6085,Maruti Ertiga,4.2,19
DRV9415,Ranbir Ram,+912230511503,MH33 JO 5291,Hyundai Creta,3.6,1
DRV9416,Unnati Singhal,+915146262403,MH2 AI 2799,Toyota Innova,4.2,12
DRV9417,Aayush Natarajan,1142086693,MH35 SQ 4327,WagonR,3.8,1
DRV9418,Zansi Pandit,06601297275,MH13 RV 4173,Tata Nexon,4.9,16
DRV9419,Shaurya Doctor,03657501912,MH30 TV 8556,Toyota Innova,4.2,20
DRV9420,Fiyaz Hari,08729522272,MH50 HY 4170,Maruti Ertiga,3.6,17
DRV9421,Saumya Chacko,7154407433,MH16 HG 0804,Hyundai Creta,4.0,10
DRV9422,Unnati Jain,05573891873,MH7 EY 3526,Honda City,4.8,15
DRV9423,Andrew Nagar,04122107979,MH35 GJ 4376,Kia Seltos,3.5,14
DRV9424,Divya Comar,1139400216,MH2 AD 6209,Hyundai Creta,3.6,3
DRV9425,Yutika Bera,+915483601504,MH1 LL 9746,Honda City,3.9,14
DRV9426,Nimrat Bhandari,+914110943318,MH9 EC 0218,Toyota Innova,3.7,18
DRV9427,Simon Palla,+916533013728,MH5 BK 1062,WagonR,4.5,3
DRV9428,Ojasvi Bera,7264865019,MH35 CG 1934,Hyundai Creta,4.1,3
DRV9429,Yatin Luthra,07083111485,MH33 JA 2707,Honda City,4.9,13
DRV9430,Samar Sinha,04812247637,MH15 RQ 4611,Honda City,4.0,5
DRV9431,Bhavna Chada,+915165601665,MH44 GE 9475,Toyota Innova,4.1,1
DRV9432,Girish Biswas,+914175897867,MH44 TI 0974,Swift Dzire,3.9,11
DRV9433,Chandresh Aurora,08174176955,MH1 WT 3674,Kia Seltos,5.0,20
DRV9434,Baghyawati Sankar,06438869491,MH26 SR 3194,WagonR,4.8,5
DRV9435,Quincy Malhotra,6618921985,MH15 DH 3353,Toyota Innova,3.8,3
DRV9436,Shivansh Kala,0315790133,MH21 ZE 5327,WagonR,4.3,14
DRV9437,Akshay Raja,00346035616,MH3 VO 3567,Maruti Ertiga,3.9,3
DRV9438,Teerth Mody,03370126389,MH45 ZO 0918,Swift Dzire,3.8,4
DRV9439,Ikshita Tank,02781561791,MH4 KX 5568,WagonR,3.6,16
DRV9440,Forum Lala,1914046726,MH45 HT 4757,Honda City,4.2,15
DRV9441,Aradhana Mahajan,7028706635,MH26 MS 7591,WagonR,4.6,10
DRV9442,Fiyaz Das,5990553869,MH40 RW 3141,WagonR,4.2,14
DRV9443,Noah Mannan,09537168780,MH21 JJ 0977,Tata Nexon,3.9,12
DRV9444,Eta Nadkarni,01398448027,MH8 MO 5103,Swift Dzire,4.7,5
DRV9445,Tripti Gala,1064053679,MH44 QZ 3918,Hyundai i20,4.7,16
DRV9446,Yashica Nayak,+919588204447,MH40 OK 9212,Hyundai Creta,3.7,18
DRV9447,Yadavi Balasubramanian,+919107673864,MH22 IK 2510,Kia Seltos,4.0,5
DRV9448,Lila Pillay,+918756589099,MH20 QX 6889,WagonR,4.5,9
DRV9449,Dayita Chahal,9190877507,MH1 OS 9311,Hyundai i20,4.7,12
DRV9450,Hemani Shere,+911982228379,MH10 XT 4286,Kia Seltos,4.7,15
DRV9451,Yahvi Mammen,+912696453821,MH27 GP 5851,Hyundai i20,3.5,13
DRV9452,Hritik Ganguly,03852701558,MH13 MN 3133,Tata Nexon,3.7,6
DRV9453,Samaksh Sidhu,+918034166015,MH1 GY 9604,Honda City,4.5,2
DRV9454,Fitan Kohli,+916845766305,MH21 GN 5775,Toyota Innova,3.8,12
DRV9455,Rehaan Yogi,02087653985,MH15 QC 5250,Mahindra XUV700,3.7,1
DRV9456,Kamya Agrawal,8174710709,MH38 JU 2402,Kia Seltos,4.3,12
DRV9457,Radhika Iyengar,2821084229,MH49 KO 1403,Hyundai Creta,4.6,13
DRV9458,Umang Atwal,04404876314,MH32 RG 0451,Hyundai Creta,3.7,1
DRV9459,Abha Minhas,07038690641,MH23 YR 4455,Maruti Ertiga,4.6,7
DRV9460,Chatresh Balay,4706303792,MH24 OS 1428,Swift Dzire,4.4,8
DRV9461,Tanveer Hayre,1064229987,MH49 AY 7744,Swift Dzire,4.1,4
DRV9462,Victor Suri,3000992537,MH13 AA 8338,Tata Nexon,4.3,20
DRV9463,Viraj Singh,00730218660,MH4 DW 6522,Kia Seltos,4.8,9
DRV9464,Veer Narula,05151949412,MH37 PI 3349,Maruti Ertiga,4.6,5
DRV9465,Oni Loke,03216773632,MH15 VP 2667,Hyundai Creta,3.9,14
DRV9466,Upma Divan,07846909273,MH34 EV 2342,Hyundai Creta,4.7,17
DRV9467,Mugdha Majumdar,2741124395,MH47 TO 6644,Maruti Ertiga,4.7,2
DRV9468,Aarush Balan,+914678422640,MH2 YN 4468,Mahindra XUV700,4.5,7
DRV9469,Andrew Chatterjee,08175584197,MH13 GI 2957,Maruti Ertiga,3.8,19
DRV9470,Jatin Saxena,5454631084,MH37 XY 8634,Toyota Innova,4.7,13
DRV9471,Warda Dhaliwal,1597020109,MH50 PP 9347,Hyundai i20,5.0,18
DRV9472,Harinakshi Kade,04317612405,MH42 LE 8264,Toyota Innova,3.7,19
DRV9473,Varsha Balasubramanian,+910481124307,MH34 CS 6861,WagonR,3.8,5
DRV9474,Ojasvi Murthy,0280406283,MH33 DR 6731,WagonR,3.8,9
DRV9475,Vamakshi Ben,+914804512547,MH10 BS 4039,Maruti Ertiga,4.4,6
DRV9476,Krisha Dugar,06570181683,MH30 QF 0298,Hyundai Creta,4.0,4
DRV9477,Dalaja Goel,+913445322943,MH6 GX 9617,Maruti Ertiga,4.2,7
DRV9478,Omisha Badal,00799408163,MH22 BI 0269,Hyundai Creta,4.7,20
DRV9479,Priya Som,3060851263,MH10 NH 5216,Hyundai i20,4.4,17
DRV9480,Ethan Walia,+911632805057,MH48 LA 7781,Honda City,4.4,1
DRV9481,Mitali Solanki,6581060554,MH45 TV 9388,Maruti Ertiga,4.2,1
DRV9482,Gaurangi Subramanian,0292790276,MH2 YX 2746,Hyundai Creta,4.3,14
DRV9483,Zayyan Korpal,+913960556624,MH29 SW 8139,Kia Seltos,4.6,2
DRV9484,Zayyan Palan,+918638926425,MH15 CQ 4067,Hyundai i20,4.9,11
DRV9485,Harish Mann,09246332231,MH19 ZZ 2248,Kia Seltos,4.4,17
DRV9486,Caleb Dube,+917575085393,MH38 CG 3987,Hyundai i20,3.8,6
DRV9487,Yauvani Sarin,+913429003413,MH16 TE 8753,Toyota Innova,4.5,10
DRV9488,Mohini Das,1051956526,MH46 JN 3523,Maruti Ertiga,4.4,17
DRV9489,Priya Chauhan,1658627270,MH49 CF 2878,Maruti Ertiga,4.6,3
DRV9490,Kavya Jha,7479624009,MH27 YG 2854,Maruti Ertiga,4.2,16
DRV9491,Unni Sandhu,9049601037,MH6 IC 7929,WagonR,3.9,14
DRV9492,Jason Shan,+910123994915,MH45 SO 3584,Toyota Innova,3.6,20
DRV9493,Ryan Gala,1538520225,MH7 PM 1759,Toyota Innova,4.6,11
DRV9494,Advik Dutta,03925286234,MH25 YI 0922,Toyota Innova,3.8,10
DRV9495,Ridhi Natarajan,8988584844,MH37 TN 6504,Mahindra XUV700,4.1,2
DRV9496,Harish Parsa,03668439650,MH28 WP 3075,Toyota Innova,4.4,11
DRV9497,Omaja Pall,7750203720,MH3 QI 9816,Hyundai Creta,4.7,2
DRV9498,Abhiram Khurana,8410654486,MH17 FE 2052,Toyota Innova,4.9,5
DRV9499,Dakshesh Gandhi,2216332315,MH4 SJ 3942,WagonR,3.7,15
DRV9500,Nitesh Sama,+913256692828,MH23 TV 5692,Hyundai Creta,4.3,3
DRV9501,Bhavika Kapoor,04524088987,MH24 VG 0219,WagonR,4.1,6
DRV9502,Oscar Randhawa,+910165268713,MH46 XK 3022,Toyota Innova,3.5,6
DRV9503,Neelima Basak,+912492101013,MH3 NB 2788,Hyundai Creta,4.2,2
DRV9504,Ryan Madan,+911062677832,MH40 GP 0753,Hyundai Creta,4.4,14
DRV9505,Hemal Bhat,8605760681,MH11 CM 1218,Kia Seltos,3.7,16
DRV9506,Umang Chander,1435629177,MH4 AO 0325,WagonR,4.5,11
DRV9507,Rohan Grover,08202811755,MH24 CC 9641,Hyundai Creta,3.6,1
DRV9508,Nachiket Manne,9550216414,MH14 PA 7434,Swift Dzire,4.7,11
DRV9509,Ikshita Luthra,+912094909259,MH29 HR 4523,Maruti Ertiga,3.9,12
DRV9510,Reyansh Kala,2190632763,MH23 GS 7961,Tata Nexon,4.0,5
DRV9511,Devansh Anne,4098098421,MH1 LZ 0167,Hyundai Creta,4.8,20
DRV9512,Imaran Raval,+917922715465,MH33 OD 7506,Swift Dzire,4.2,5
DRV9513,Vasatika Raghavan,+911731578896,MH29 OI 3239,Kia Seltos,3.6,12
DRV9514,Sai Sethi,7768740173,MH34 CM 7611,Hyundai Creta,3.8,15
DRV9515,Priya Chaudhari,1860441551,MH42 RV 8250,Hyundai i20,4.9,13
DRV9516,Ekani Cherian,8420986155,MH10 TA 8487,WagonR,4.8,17
DRV9517,Gaurangi Mahajan,08868509640,MH28 AG 7492,Kia Seltos,5.0,12
DRV9518,Guneet Parekh,+913949753904,MH7 EY 3526,Swift Dzire,4.9,11
DRV9519,Zansi Bedi,05691258115,MH16 LO 0673,Honda City,4.6,10
DRV9520,Mohini Prakash,+910715614380,MH46 SE 0699,Kia Seltos,4.9,7
DRV9521,Sai Gokhale,2253094807,MH18 YP 4505,Swift Dzire,3.6,20
DRV9522,Ojas Bains,06741610866,MH33 TJ 3443,WagonR,5.0,17
DRV9523,Wriddhish Chopra,3060988224,MH37 QC 2168,Toyota Innova,4.9,18
DRV9524,Charita Saraf,8060144626,MH2 QB 0530,Hyundai Creta,3.7,17
DRV9525,Anjali Banerjee,0618724936,MH40 WQ 2394,WagonR,3.9,14
DRV9526,Alka Gole,+910768781049,MH18 TI 5441,WagonR,4.0,15
DRV9527,Parth Kar,02946424727,MH47 SR 2458,Hyundai i20,4.5,18
DRV9528,Chandani Kale,7748667309,MH45 HI 4333,Maruti Ertiga,4.6,9
DRV9529,Jatin Boase,+918136102261,MH34 EC 2441,Tata Nexon,3.9,11
DRV9530,Ekapad Batta,+917710287060,MH1 SB 2800,Swift Dzire,4.2,7
DRV9531,Ekavir Nayar,01296887171,MH47 DZ 2273,Swift Dzire,4.7,5
DRV9532,Hema Kalla,07050587490,MH43 LH 8487,WagonR,4.1,5
DRV9533,Kabir Dugar,+919349918673,MH36 CO 2353,Kia Seltos,3.9,14
DRV9534,Vivaan Chaudhari,+917264388746,MH30 QT 1152,Mahindra XUV700,5.0,4
DRV9535,Radha Dasgupta,06363524666,MH22 QD 1128,Hyundai i20,4.6,8
DRV9536,Meghana Mistry,+913150866388,MH19 OU 2767,Toyota Innova,4.7,13
DRV9537,Tanish Kaul,7873674977,MH9 VS 8723,Toyota Innova,3.8,18
DRV9538,Ladli Shere,7485313390,MH48 TF 5348,Kia Seltos,4.3,14
DRV9539,Girindra Chad,+917211762745,MH32 YB 8244,Hyundai i20,4.6,12
DRV9540,Aarnav Dada,+911585027650,MH41 GZ 2671,Mahindra XUV700,4.3,15
DRV9541,Gautam Solanki,7607789587,MH19 UL 0992,Maruti Ertiga,4.9,8
DRV9542,Adweta Guha,5165362360,MH28 HQ 6582,Kia Seltos,5.0,12
DRV9543,Vedika Dar,7240699229,MH27 TO 3875,Swift Dzire,4.7,11
DRV9544,Warda Bhatt,+915501270723,MH29 QG 5922,Maruti Ertiga,4.3,3
DRV9545,Aadhya Bali,+911352682150,MH30 HA 4108,Swift Dzire,4.9,5
DRV9546,Kamala Kurian,+917864718940,MH30 XM 3603,Tata Nexon,4.9,13
DRV9547,Alka Dass,+913704037289,MH50 UV 2751,Hyundai i20,3.6,9
DRV9548,Wishi Palla,07928172857,MH17 IZ 1445,Hyundai Creta,4.4,20
DRV9549,Elijah Srinivas,09230886622,MH6 FK 5281,WagonR,4.4,17
DRV9550,Yadavi Srinivas,4384456146,MH23 LS 7487,Kia Seltos,4.3,12
DRV9551,Maya Jaggi,+911175642957,MH40 GW 0554,Honda City,4.1,1
DRV9552,Chanakya Mann,7821229885,MH5 RS 0351,Toyota Innova,3.9,2
DRV9553,Ekantika Varma,+913872165940,MH43 MF 4447,Hyundai i20,3.7,10
DRV9554,Parth Walla,5263543414,MH26 OJ 8510,Honda City,4.9,13
DRV9555,Shaurya Khare,+910141720985,MH48 UF 8155,Hyundai i20,3.8,7
DRV9556,Rayaan Banerjee,+914271304924,MH6 NQ 0380,Kia Seltos,4.4,7
DRV9557,Indali Kant,08153908114,MH23 WJ 4125,Kia Seltos,5.0,3
DRV9558,Urvi Parmar,+914481575750,MH8 JZ 8182,Toyota Innova,4.3,19
DRV9559,Ishaan Butala,+910388640339,MH28 JQ 9916,Hyundai i20,4.8,15
DRV9560,Garima Chopra,9085926137,MH43 WD 3745,Tata Nexon,4.5,9
DRV9561,Aarush Tara,8969642642,MH42 TY 9033,Hyundai Creta,3.6,15
DRV9562,Ronith Kamdar,+910784392281,MH4 XC 4489,Hyundai i20,5.0,20
DRV9563,Pahal Dixit,+915543887166,MH6 ZJ 2032,WagonR,4.8,3
DRV9564,Harshil Krishna,06622014460,MH40 TX 8335,Toyota Innova,3.6,11
DRV9565,Zashil Panchal,05216096443,MH20 EF 8898,Tata Nexon,4.2,15
DRV9566,Tamanna Ramesh,02046969586,MH1 OM 8284,Honda City,3.6,7
DRV9567,Udyati Bali,05158223750,MH6 UA 1916,Swift Dzire,4.3,7
DRV9568,Zayan Kar,6799202416,MH37 RC 7325,Honda City,4.2,16
DRV9569,Samaksh Sen,3466955778,MH7 OO 7031,Tata Nexon,4.6,1
DRV9570,Ekani Palla,+916448409429,MH40 AO 5939,Maruti Ertiga,4.8,2
DRV9571,Gopal Chadha,00165565072,MH10 NO 5887,Kia Seltos,3.7,8
DRV9572,Damini Rege,+912330792607,MH10 NX 8548,Hyundai Creta,4.5,5
DRV9573,Wridesh Dutt,04956432113,MH12 CX 0588,Swift Dzire,3.7,6
DRV9574,Udarsh Mitra,3481010538,MH33 RN 2559,Tata Nexon,4.2,15
DRV9575,Bhanumati Tak,02112594662,MH49 WH 8030,Maruti Ertiga,3.7,12
DRV9576,Azaan Prashad,05913380614,MH28 YZ 3005,Hyundai Creta,4.3,19
DRV9577,Qushi Maharaj,06391915080,MH24 GN 5637,Mahindra XUV700,4.6,6
DRV9578,Aryan Sarraf,00110667494,MH32 EC 9368,Tata Nexon,4.6,13
DRV9579,Ayushman Dhingra,04686044499,MH40 TT 6470,Maruti Ertiga,4.9,1
DRV9580,Turvi Naik,2146784084,MH11 ND 7758,Toyota Innova,4.2,4
DRV9581,Neel Mander,4715895596,MH38 OK 8940,Toyota Innova,4.7,13
DRV9582,Michael Bansal,+918447217713,MH48 FX 3812,Hyundai Creta,4.2,17
DRV9583,Ranveer Sinha,+916671738058,MH17 OR 7092,Honda City,4.9,16
DRV9584,Madhav Mangal,+912478362643,MH24 YC 1615,Hyundai Creta,3.9,7
DRV9585,Logan Johal,05975530285,MH5 TK 3888,Honda City,4.8,20
DRV9586,Omaja Chada,+911553518271,MH9 GD 6606,Tata Nexon,4.4,8
DRV9587,Abhimanyu Gupta,02083276919,MH40 EH 5594,WagonR,4.5,4
DRV9588,Damyanti Subramaniam,6836799705,MH33 WQ 1066,Kia Seltos,4.1,14
DRV9589,Tripti Pandey,+910337233813,MH40 AH 7017,Hyundai i20,3.6,18
DRV9590,Chaaya Shankar,+916662726185,MH12 WU 2563,Hyundai i20,4.3,11
DRV9591,Krisha Andra,+914915117711,MH20 NW 8573,Toyota Innova,4.2,13
DRV9592,Bishakha Manda,03695885620,MH5 TT 3119,Toyota Innova,4.9,16
DRV9593,Mohini Agrawal,+919834233055,MH4 SJ 3942,Mahindra XUV700,4.2,5
DRV9594,Madhavi Khanna,2216146837,MH3 EG 2716,Honda City,4.9,17
DRV9595,Advay Date,+916132128004,MH35 BJ 0547,Maruti Ertiga,4.0,8
DRV9596,Zarna Shanker,3861863545,MH10 DT 7112,Hyundai i20,4.1,13
DRV9597,Jasmit Palan,0832419515,MH29 PX 6321,Hyundai i20,4.6,19
DRV9598,Pallavi Choudhury,7543177229,MH5 GZ 0015,Kia Seltos,3.5,8
DRV9599,Daniel Pant,4052127910,MH20 MX 0790,Honda City,4.3,8
DRV9600,Leela Chad,08855083940,MH13 ZT 7489,WagonR,4.4,2
DRV9601,Jason Bhakta,8160807743,MH28 AT 1218,Hyundai Creta,4.2,19
DRV9602,Ladli Minhas,04878257047,MH45 IQ 6334,WagonR,3.8,18
DRV9603,Indira Kari,03641765325,MH36 WK 9867,Honda City,4.0,6
DRV9604,Udarsh Sankar,+916647535066,MH10 XA 7107,Toyota Innova,3.7,15
DRV9605,Dayita Barad,+919292081634,MH16 XK 3790,Mahindra XUV700,4.7,4
DRV9606,Baljiwan Ramesh,5153636286,MH8 BO 9868,Hyundai Creta,4.9,2
DRV9607,Faras Desai,+915741302721,MH34 XI 0043,Toyota Innova,4.5,1
DRV9608,Naveen Ravel,05527884488,MH5 RL 9865,Honda City,4.5,10
DRV9609,Anay Sundaram,8932617692,MH25 NA 1223,Tata Nexon,4.6,2
DRV9610,Yug Kapoor,03926222180,MH30 MG 7811,Hyundai Creta,3.8,9
DRV9611,Ranbir Choudhry,08542482295,MH25 NS 9859,Hyundai i20,3.9,14
DRV9612,Krishna Koshy,04043679826,MH9 FW 9345,Tata Nexon,4.3,13
DRV9613,Vaishnavi Pandya,3471701552,MH39 UG 3520,Mahindra XUV700,4.9,10
DRV9614,Arjun Dixit,+916473835237,MH40 EV 0311,Hyundai i20,4.5,2
DRV9615,Adweta Taneja,02573261972,MH8 WP 2095,Kia Seltos,4.6,8
DRV9616,Agastya Edwin,04409467451,MH34 VX 6821,Hyundai i20,3.8,16
DRV9617,Lucky Deo,07479545009,MH16 BX 0641,Maruti Ertiga,4.9,11
DRV9618,Gaurangi Sinha,05657680051,MH5 AD 2537,Kia Seltos,4.5,18
DRV9619,Chaitanya Bobal,2672193438,MH47 BO 6524,WagonR,4.7,6
DRV9620,Brinda Tank,06584088346,MH45 HI 6230,WagonR,4.8,12
DRV9621,Jagat Reddy,00472202232,MH23 JH 0043,Kia Seltos,3.6,16
DRV9622,Ojas Saxena,05377030660,MH16 VU 1672,Swift Dzire,3.7,18
DRV9623,Upadhriti Narula,00440546965,MH35 AW 0241,Tata Nexon,4.1,7
DRV9624,Jagvi Thakur,+919762183938,MH17 GP 3243,WagonR,4.4,4
DRV9625,Aradhana Thakur,+919066653281,MH10 IV 6093,Mahindra XUV700,4.3,15
DRV9626,Sanya Pillai,+912015656468,MH28 LD 3627,WagonR,3.9,10
DRV9627,Jhalak Panchal,+913120708260,MH4 LV 3832,Maruti Ertiga,4.0,2
DRV9628,Warhi Narang,+919788395629,MH3 NC 7840,Honda City,5.0,20
DRV9629,Harinakshi Saxena,02988610366,MH1 AH 2101,Mahindra XUV700,3.8,9
DRV9630,Udant Krishnamurthy,2204661201,MH10 MC 5108,Toyota Innova,3.6,4
DRV9631,Hema Edwin,01757733170,MH38 ZK 6417,Hyundai Creta,4.2,9
DRV9632,Mitesh Apte,08721378733,MH38 UW 1771,Mahindra XUV700,4.9,20
DRV9633,Avni Jani,+913317048377,MH19 GN 1911,WagonR,4.5,17
DRV9634,Mitali Vig,4311654021,MH27 NO 5548,Toyota Innova,4.7,14
DRV9635,Anjali Tandon,4355088421,MH19 EE 8280,Mahindra XUV700,4.9,6
DRV9636,Gavin Mann,+913871101411,MH36 MB 6154,WagonR,3.5,19
DRV9637,Vaishnavi Sastry,01331024882,MH5 OV 7992,Honda City,3.8,20
DRV9638,Tripti Shah,02950399857,MH34 CC 6430,Mahindra XUV700,4.4,13
DRV9639,Nisha Luthra,+917984266003,MH35 LB 6037,Kia Seltos,4.4,8
DRV9640,Balvan Bhat,+910587721029,MH38 QZ 7466,Maruti Ertiga,3.8,6
DRV9641,Harita Oak,+914794566888,MH9 AY 7574,Swift Dzire,3.8,6
DRV9642,Vedant Biswas,+910074711338,MH35 AY 7550,Kia Seltos,4.2,15
DRV9643,Vedant Choudhry,+915149326686,MH3 CT 5226,Honda City,3.7,11
DRV9644,Daksh Nanda,6960379901,MH46 LO 3748,Swift Dzire,4.5,14
DRV9645,Jasmit Lal,+917073514748,MH11 PF 4257,Honda City,3.8,13
DRV9646,Jalsa Dhingra,+919597124116,MH16 TY 5537,Maruti Ertiga,4.9,9
DRV9647,Arunima Borra,09565113524,MH17 MS 9590,Hyundai i20,4.4,9
DRV9648,Siya Choudhary,00858649740,MH17 HF 0697,Tata Nexon,4.9,14
DRV9649,Ijaya Andra,0396369267,MH13 CI 0865,Kia Seltos,4.0,16
DRV9650,Hemang Pal,8113533800,MH49 QF 1293,Hyundai i20,3.8,19
DRV9651,Triveni Panchal,09611448268,MH26 KU 1739,Tata Nexon,4.9,5
DRV9652,Simon Kala,8575362841,MH25 ND 0657,WagonR,4.3,11
DRV9653,Gauri Lata,08360583737,MH40 CZ 7669,Mahindra XUV700,4.1,3
DRV9654,Janaki Chopra,8372155752,MH36 SF 6193,WagonR,3.9,1
DRV9655,Fariq Wadhwa,+916939723993,MH23 ES 7557,Honda City,3.6,4
DRV9656,Harsh Chatterjee,07930766487,MH27 UI 7059,Hyundai Creta,4.6,13
DRV9657,George Naidu,07875683565,MH1 ZW 4403,Kia Seltos,4.0,1
DRV9658,Oliver Palan,04535927667,MH3 CI 5392,Hyundai i20,3.6,18
DRV9659,Chaman Parsa,+918642214244,MH14 UP 6876,Hyundai i20,4.3,7
DRV9660,Guneet Sharma,0447123270,MH5 KV 5657,Kia Seltos,4.6,6
DRV9661,Omya Dewan,7673656663,MH15 PY 8056,Hyundai Creta,3.8,2
DRV9662,Zansi Sekhon,+911439618585,MH11 ZL 9647,Honda City,4.1,10
DRV9663,Rachana Jha,06215384460,MH28 HU 3347,Hyundai i20,4.9,12
DRV9664,Shravya Kamdar,+915146911260,MH21 RP 1709,Honda City,3.6,18
DRV9665,Yug Sankaran,+919964629198,MH45 HI 4333,Hyundai i20,3.6,5
DRV9666,David Bhattacharyya,1089945980,MH47 BO 6524,Mahindra XUV700,3.5,16
DRV9667,Bachittar Oza,1153013427,MH16 OE 2897,Hyundai Creta,4.1,9
DRV9668,Anirudh Shanker,08214400748,MH33 KY 3358,Kia Seltos,4.1,5
DRV9669,Bhavya Vyas,+919616754000,MH22 LG 8147,Hyundai Creta,3.7,6
DRV9670,Indrajit Magar,06864573578,MH24 SH 0135,Swift Dzire,4.4,17
DRV9671,Pallavi Narula,+911182689910,MH13 NE 9446,Toyota Innova,3.9,9
DRV9672,Meghana Sehgal,+912498890229,MH15 XU 1287,Honda City,4.4,6
DRV9673,Faris Sengupta,03902472687,MH10 GE 6153,Honda City,3.6,18
DRV9674,Jagvi Maharaj,+911781115735,MH44 NP 4067,Hyundai i20,4.7,5
DRV9675,Yash Hayer,0310885397,MH21 HN 6830,Toyota Innova,4.6,2
DRV9676,Charita Ramachandran,+914693365106,MH47 HF 2366,Mahindra XUV700,4.3,18
DRV9677,Mugdha Pai,+914368091615,MH1 KI 6903,Hyundai i20,4.4,8
DRV9678,Aadhya Krishnamurthy,3294179725,MH3 DO 6199,Swift Dzire,4.8,17
DRV9679,Yashoda Manda,+912618117046,MH45 TH 2319,WagonR,3.8,6
DRV9680,Ekta Solanki,09762626402,MH3 SC 9241,Hyundai i20,4.5,11
DRV9681,Tamanna Raja,7471634211,MH4 TB 9174,Swift Dzire,4.2,18
DRV9682,Liam Sama,+914648557564,MH42 RM 9068,Toyota Innova,4.9,9
DRV9683,Fiyaz Boase,04562725131,MH35 TR 4668,Tata Nexon,3.6,20
DRV9684,Baghyawati Walla,04166310925,MH33 GQ 1997,Hyundai i20,4.3,9
DRV9685,Zashil Choudhury,3877033194,MH27 JB 5981,Swift Dzire,4.7,8
DRV9686,Pavani Sur,00779192684,MH50 PP 9347,Tata Nexon,3.9,7
DRV9687,Tanmayi Lad,00116079721,MH49 ZX 2048,Hyundai Creta,4.0,17
DRV9688,Vrishti Dhingra,+917465401076,MH30 HF 0028,Hyundai i20,4.8,6
DRV9689,Tejas Deep,+917170804304,MH45 UH 5948,Swift Dzire,3.6,11
DRV9690,Zaid Randhawa,+910985555287,MH34 QO 9491,Toyota Innova,4.6,10
DRV9691,Oeshi Minhas,05512194111,MH13 OS 7375,Hyundai Creta,4.8,9
DRV9692,Priya Kale,+910309141359,MH16 LO 0263,Tata Nexon,3.5,8
DRV9693,Imaran Sood,2166810111,MH32 SB 5124,Maruti Ertiga,3.9,10
DRV9694,Harsh Mallick,04353489507,MH3 UY 9623,Hyundai i20,3.6,8
DRV9695,Hritik Srivastava,+910069805243,MH42 NW 5671,WagonR,3.9,18
DRV9696,Bimala Bhandari,+912480698925,MH12 XT 4209,Swift Dzire,4.9,13
DRV9697,Brinda Malhotra,01756336589,MH38 IU 0077,Swift Dzire,4.8,13
DRV9698,Onveer Magar,+919270797142,MH11 ZL 3236,Tata Nexon,4.9,17
DRV9699,Zaitra Mallick,+911339876611,MH7 DB 7283,Swift Dzire,4.6,5
DRV9700,Hitesh Rajan,+911573751088,MH8 LV 8013,Swift Dzire,3.9,1
DRV9701,Ganga Ahuja,+917676380393,MH8 ZL 0531,WagonR,4.5,2
DRV9702,Yug Rao,7701219097,MH19 SH 3386,Toyota Innova,4.4,7
DRV9703,Manan Date,9615685304,MH47 NO 7907,Toyota Innova,4.1,10
DRV9704,Harsh Iyer,+913181709390,MH25 JO 2478,Tata Nexon,4.5,18
DRV9705,Oviya Pal,6674332226,MH20 KK 6664,WagonR,4.7,17
DRV9706,Oeshi Pau,2404437677,MH36 XQ 8561,Tata Nexon,4.0,6
DRV9707,Vedhika Goyal,9437498800,MH49 BE 7371,WagonR,5.0,6
DRV9708,Darsh Anne,01526536971,MH47 RX 1449,Hyundai Creta,4.2,18
DRV9709,Kritika Parikh,09453350005,MH14 DZ 0809,Toyota Innova,4.1,18
DRV9710,Siddharth Jayaraman,+910338235558,MH25 NI 3862,WagonR,4.1,14
DRV9711,Neel Saraf,+915318602470,MH46 UR 6044,Honda City,3.6,17
DRV9712,Amruta Chandran,+915247485993,MH38 AS 8242,Tata Nexon,4.3,11
DRV9713,Harini De,+915271016594,MH7 XM 5842,Honda City,3.6,12
DRV9714,Peter Solanki,+917508187299,MH41 OS 4308,Maruti Ertiga,4.3,18
DRV9715,Bhavna Narang,5007661532,MH28 OI 5217,Honda City,4.2,4
DRV9716,Watika Kalita,3160783138,MH12 EJ 0591,Kia Seltos,3.9,10
DRV9717,Omisha Prasad,9565910230,MH1 EZ 0080,Kia Seltos,4.0,7
DRV9718,Hitesh Rau,+915923929350,MH45 WS 6417,Hyundai i20,4.2,15
DRV9719,Zaitra Oza,9258854210,MH13 LL 9542,Swift Dzire,4.9,5
DRV9720,Aarav Jayaraman,+912352701094,MH3 BL 5298,Kia Seltos,4.6,15
DRV9721,Adweta Borra,+912275471645,MH17 AU 5817,Toyota Innova,3.8,11
DRV9722,Frederick Banik,1585392647,MH20 DJ 6833,Toyota Innova,4.0,12
DRV9723,Sai Doctor,6850257136,MH24 OM 0781,Swift Dzire,3.8,3
DRV9724,Nathaniel Basu,08437003862,MH5 CQ 9176,Hyundai i20,4.9,7
DRV9725,Ucchal Sridhar,+913579372155,MH40 YZ 7280,Hyundai Creta,4.2,6
DRV9726,Ekalinga Banerjee,0015623044,MH35 EI 3873,Hyundai Creta,4.5,10
DRV9727,Wakeeta Baral,5888146227,MH5 OB 2931,Kia Seltos,4.0,6
DRV9728,Aryan Sridhar,+910884568891,MH15 KB 7046,Tata Nexon,3.9,5
DRV9729,Abdul Dora,5335605901,MH48 QQ 7362,Kia Seltos,4.6,11
DRV9730,Joshua Luthra,+918985307816,MH25 VC 2580,Mahindra XUV700,4.7,19
DRV9731,Harita Luthra,+919788100279,MH31 OE 4268,WagonR,3.9,5
DRV9732,Mohini Chakrabarti,+914012628257,MH42 QT 4025,Swift Dzire,3.8,1
DRV9733,Vansha Bansal,+919805072143,MH19 TU 2203,Mahindra XUV700,4.0,6
DRV9734,Yatin Karan,8434191481,MH12 IP 4989,Swift Dzire,4.1,17
DRV9735,Bhavini Dayal,01622893989,MH6 XJ 7862,Hyundai i20,3.5,12
DRV9736,Kevin Wali,5531911629,MH17 SP 9862,Swift Dzire,4.4,3
DRV9737,Hardik Kanda,0819803096,MH40 SX 2190,Swift Dzire,3.8,14
DRV9738,Ranbir Srinivasan,03891548449,MH17 TK 9450,Toyota Innova,3.9,6
DRV9739,Vivaan Tella,03131466206,MH20 ZO 7915,Honda City,4.1,15
DRV9740,Damyanti Kala,3533201844,MH3 RG 2594,Hyundai i20,4.5,4
DRV9741,Amruta Badal,05206912719,MH1 YP 5623,Honda City,4.7,14
DRV9742,Vidhi Nagarajan,+912007800465,MH45 QA 2823,Hyundai Creta,3.6,4
DRV9743,Triveni Pandey,+914482502649,MH33 VM 6461,Hyundai i20,4.9,6
DRV9744,Mekhala Saha,01273719735,MH9 RO 9892,WagonR,4.9,18
DRV9745,Joshua Trivedi,0896139387,MH21 UQ 1237,Mahindra XUV700,4.5,4
DRV9746,Garima Srinivasan,+915917212842,MH1 JM 7867,Tata Nexon,4.0,4
DRV9747,Qadim Kapur,06545671880,MH8 BV 7429,Honda City,4.4,6
DRV9748,George Pal,+915587965380,MH27 HI 0059,Maruti Ertiga,4.8,12
DRV9749,Deepa Warrior,+917889328382,MH34 SL 6578,Toyota Innova,4.9,1
DRV9750,Alka Varkey,7736695983,MH30 AL 6749,Kia Seltos,4.9,6
DRV9751,Nirja Kalita,2399535724,MH36 GJ 2328,Tata Nexon,4.0,13
DRV9752,Lavanya Dasgupta,+914774873609,MH27 YB 4591,Mahindra XUV700,4.6,3
DRV9753,Jeremiah Shere,06676759026,MH39 FO 6857,Toyota Innova,3.5,7
DRV9754,Bishakha Mitter,03586544582,MH28 TW 3559,Honda City,3.7,1
DRV9755,Maanas Bhatia,0035072647,MH40 BO 5515,Honda City,3.8,1
DRV9756,Yashasvi Chaudhuri,+919936829997,MH6 NA 0252,Hyundai i20,4.1,1
DRV9757,Jagdish Chandra,02388485010,MH6 PG 2464,Hyundai Creta,3.8,5
DRV9758,Lajita Atwal,6487166654,MH25 RG 5593,Swift Dzire,3.8,19
DRV9759,Wazir Chaudry,+916453405420,MH20 ZK 6059,Mahindra XUV700,3.6,10
DRV9760,Siya Gaba,5759754439,MH41 PK 8867,Maruti Ertiga,3.8,16
DRV9761,Sai Majumdar,+912817561274,MH16 LA 2049,Kia Seltos,4.1,3
DRV9762,Aishani Comar,1765067626,MH28 II 9946,Tata Nexon,4.9,7
DRV9763,Girish Rao,+915072146077,MH14 DZ 0809,Hyundai i20,3.6,3
DRV9764,Harshil Rattan,+918979242050,MH4 LJ 7367,Toyota Innova,3.9,5
DRV9765,Ira Vig,2208456282,MH24 CS 3202,Tata Nexon,4.3,8
DRV9766,Reva Patel,02598598828,MH30 XL 3175,Tata Nexon,4.8,7
DRV9767,Urvashi Saha,+914867487648,MH31 VN 2378,Kia Seltos,4.7,12
DRV9768,Anika Dave,+918751877827,MH37 BC 9325,Hyundai Creta,4.0,4
DRV9769,Dhruv Kohli,+913603252522,MH16 SW 2551,Honda City,4.9,6
DRV9770,Eta Karan,04402474101,MH41 TD 1750,Maruti Ertiga,3.8,14
DRV9771,Lakshit Wason,+919157410677,MH43 VJ 7001,Kia Seltos,4.8,18
DRV9772,Ekansh Vig,07013973500,MH28 NQ 1439,Swift Dzire,4.8,19
DRV9773,Nikita Devan,+916306709624,MH26 ML 2357,Honda City,4.0,8
DRV9774,Manan Reddy,8586721675,MH39 GE 9717,Hyundai Creta,3.7,13
DRV9775,Vinaya Badal,+917550242405,MH10 IU 4127,Tata Nexon,4.9,3
DRV9776,Niharika Bhattacharyya,01205404942,MH33 FR 6611,Hyundai i20,4.4,11
DRV9777,Keya Kata,00926113698,MH48 MC 0846,Hyundai i20,3.8,9
DRV9778,Naksh Babu,+914453371276,MH37 EX 6050,WagonR,4.4,6
DRV9779,Ikbal Chawla,+914932218834,MH34 NH 4134,Swift Dzire,3.6,14
DRV9780,Aarush Patla,+915450781913,MH17 BQ 4523,Tata Nexon,3.9,5
DRV9781,Krisha Char,+910557119617,MH16 HX 4388,Swift Dzire,4.9,13
DRV9782,Ayaan Solanki,2893810026,MH1 YG 3303,Swift Dzire,4.2,1
DRV9783,Upadhriti Comar,+910909915744,MH20 VW 9364,Tata Nexon,3.9,13
DRV9784,Omaja Banerjee,+918010383301,MH25 HF 3007,Maruti Ertiga,4.6,5
DRV9785,Banjeet Parsa,0082423011,MH3 IB 8013,Honda City,3.5,12
DRV9786,Odika Das,1823155864,MH1 VA 3028,Swift Dzire,3.7,15
DRV9787,Pallavi Parmar,09202020592,MH20 QR 5691,Toyota Innova,3.8,20
DRV9788,Henry Choudhry,09623135247,MH10 GB 8267,Honda City,4.2,17
DRV9789,Brijesh Gola,0140607478,MH22 WC 5709,Mahindra XUV700,4.3,16
DRV9790,Vincent Lata,+911099193414,MH42 TW 7956,WagonR,4.6,9
DRV9791,Praneel Borah,09246915769,MH34 HV 1634,Maruti Ertiga,4.6,19
DRV9792,Yashoda Grover,+918315986354,MH28 IM 0359,Maruti Ertiga,4.6,16
DRV9793,Warhi Sarraf,9137558616,MH2 MJ 9372,Toyota Innova,4.6,16
DRV9794,Joshua Subramanian,09015352871,MH44 IR 5984,Toyota Innova,4.0,5
DRV9795,Aryan Varty,2504933071,MH48 FY 8355,Hyundai i20,4.3,6
DRV9796,Arunima Varughese,+912033636295,MH19 AE 6161,Maruti Ertiga,4.1,2
DRV9797,Anya Bhalla,+910241465859,MH43 PX 3638,Swift Dzire,4.2,11
DRV9798,Krishna Dash,+916864353359,MH45 RZ 6592,Toyota Innova,3.9,14
DRV9799,Yauvani Mani,6860937477,MH44 KO 4442,Kia Seltos,4.3,9
DRV9800,Kritika Goda,+915527228576,MH16 ET 4573,Mahindra XUV700,4.1,8
DRV9801,Ryan Buch,8709432966,MH18 WO 7709,Toyota Innova,4.8,10
DRV9802,Udyati Doshi,+917466986523,MH21 QP 8462,WagonR,4.5,15
DRV9803,Harsh Palan,+914469573912,MH18 RI 8507,Hyundai i20,5.0,6
DRV9804,Omya Banerjee,7346596508,MH7 KV 9175,WagonR,4.6,8
DRV9805,Aishani Vohra,03078832766,MH23 MZ 7100,Hyundai i20,4.6,5
DRV9806,Kiaan Sagar,2843205156,MH38 HN 6686,Hyundai Creta,3.5,10
DRV9807,Anmol Patil,4277384670,MH16 FQ 1615,Mahindra XUV700,4.9,10
DRV9808,Darsh Pandya,+911014149905,MH1 BK 5624,Swift Dzire,4.0,16
DRV9809,Pranit Shukla,3804816575,MH7 SS 7720,Kia Seltos,3.8,9
DRV9810,Chandresh Talwar,6665293622,MH39 EX 0597,Swift Dzire,4.9,9
DRV9811,Indrajit Chand,09013319075,MH30 OY 2563,Hyundai i20,4.2,2
DRV9812,Jhalak Bhatia,4993983232,MH29 SH 4807,Swift Dzire,4.2,20
DRV9813,Anjali Bhalla,+917073244569,MH4 PA 6756,Kia Seltos,3.8,15
DRV9814,Theodore Sahota,+917013458860,MH14 FZ 5109,Maruti Ertiga,4.1,13
DRV9815,Indira Cherian,00489179383,MH19 VF 3540,Swift Dzire,4.0,2
DRV9816,Zarna Parekh,08137042126,MH14 DV 0221,Honda City,4.6,6
DRV9817,Charan Nazareth,+912474106075,MH39 HD 2623,Toyota Innova,4.3,12
DRV9818,Chasmum Rai,6085699652,MH25 KX 7525,Maruti Ertiga,3.8,14
DRV9819,Udyati Nayak,4754887035,MH47 QX 2678,WagonR,3.7,11
DRV9820,Veer Ghosh,4337039345,MH45 CS 6768,Hyundai i20,4.6,8
DRV9821,Naveen Borra,6415908746,MH43 DK 4775,Mahindra XUV700,4.5,1
DRV9822,Amara Kumer,7973840466,MH26 MP 2763,Honda City,4.8,10
DRV9823,Frederick Hari,04269031081,MH45 SS 9011,Tata Nexon,4.3,2
DRV9824,Vidhi Chacko,7775901935,MH6 GE 8749,Toyota Innova,3.6,6
DRV9825,Omya Wadhwa,8051010522,MH1 TO 9334,WagonR,4.3,17
DRV9826,Ekta Ahluwalia,02934677954,MH33 OD 7506,Hyundai i20,4.7,17
DRV9827,Indali Shenoy,9791674331,MH42 UY 9897,Toyota Innova,4.5,4
DRV9828,Wridesh Shere,03895431555,MH41 ZU 3492,Maruti Ertiga,4.4,13
DRV9829,Dakshesh Chawla,7697954285,MH10 OZ 0997,Hyundai i20,3.6,10
DRV9830,Samuel Oommen,04440185571,MH20 ZH 8038,Honda City,4.6,15
DRV9831,Garima Ahluwalia,+917802313007,MH25 SA 8844,Kia Seltos,4.0,18
DRV9832,Omisha Arora,+915261792954,MH45 LN 1186,Maruti Ertiga,4.3,19
DRV9833,Omya Dube,+911876876552,MH15 CQ 4067,Maruti Ertiga,4.0,18
DRV9834,Ekanta Guha,7329502456,MH50 XZ 0758,Maruti Ertiga,4.0,16
DRV9835,Yashica Raval,+915030517728,MH27 OS 9570,Hyundai i20,4.4,20
DRV9836,Anita Bhatti,+911344659980,MH5 YU 1787,Mahindra XUV700,4.4,10
DRV9837,Ira Acharya,+919963804196,MH1 TH 9069,Kia Seltos,4.9,14
DRV9838,Meera Morar,+910202819423,MH50 HV 4131,Honda City,3.9,3
DRV9839,Faqid Sehgal,6765006479,MH49 CP 9598,Kia Seltos,4.9,6
DRV9840,Maya Guha,+919966782253,MH6 DS 8760,Maruti Ertiga,4.6,20
DRV9841,Qasim Seth,09908631297,MH46 KG 3562,WagonR,4.5,16
DRV9842,William Purohit,9612760545,MH35 MP 9020,WagonR,4.7,8
DRV9843,Indira Bassi,5410016701,MH26 RR 1315,WagonR,4.4,12
DRV9844,Harish Memon,+916834307808,MH37 WV 2592,WagonR,4.2,13
DRV9845,Ladli Mannan,9506489266,MH33 TI 1236,Mahindra XUV700,4.2,7
DRV9846,Sanaya Badami,3806872735,MH16 XI 6358,Maruti Ertiga,4.5,19
DRV9847,Sai Nagi,06359615249,MH30 YX 0353,Honda City,3.7,6
DRV9848,Gauri Toor,06368606489,MH49 IF 5245,Maruti Ertiga,3.6,15
DRV9849,Rishi Tella,08780208524,MH31 SO 7654,Mahindra XUV700,4.3,7
DRV9850,Anjali Anne,+911892387790,MH24 BI 7260,Hyundai i20,4.7,14
DRV9851,Darsh Choudhry,4418519062,MH15 GI 6209,Toyota Innova,4.2,18
DRV9852,Bachittar Venkatesh,05562455990,MH34 AQ 6708,Maruti Ertiga,3.8,15
DRV9853,Isaac Maharaj,+919062092919,MH7 QV 6710,Hyundai Creta,4.1,15
DRV9854,Om Sodhi,9136002651,MH24 IO 4720,Toyota Innova,4.9,5
DRV9855,Jhalak Contractor,+919515464850,MH17 GO 9203,Maruti Ertiga,4.3,6
DRV9856,Joshua Swaminathan,+916443381361,MH16 JS 0940,Hyundai i20,4.3,13
DRV9857,Aarnav Bhattacharyya,7378064577,MH3 EV 0912,Kia Seltos,4.9,9
DRV9858,Urmi Ratta,08585398741,MH20 EE 2177,Maruti Ertiga,4.3,12
DRV9859,Dalbir Kant,04332997995,MH35 EI 3873,WagonR,4.1,16
DRV9860,Amara Tiwari,+913767106959,MH46 HR 3868,Maruti Ertiga,4.5,7
DRV9861,Unnati Sem,8916995322,MH17 HD 7255,Tata Nexon,4.7,12
DRV9862,Chatura Ravel,05823006073,MH9 OH 8448,Hyundai i20,3.9,15
DRV9863,Chaitanya Narasimhan,+917214171399,MH39 VY 0975,Hyundai Creta,4.7,6
DRV9864,Omaja Loke,01832189739,MH4 TT 8997,Hyundai Creta,4.9,12
DRV9865,Gaurang Jhaveri,7374715590,MH8 JU 2865,Kia Seltos,4.7,11
DRV9866,Yashoda Atwal,08081233349,MH29 VE 2805,Mahindra XUV700,4.7,9
DRV9867,Ijaya Datta,01292937840,MH29 GS 7693,Toyota Innova,4.9,7
DRV9868,Naveen Vyas,0212725231,MH33 ZC 2870,WagonR,4.4,3
DRV9869,Gopal Ganguly,05224159938,MH15 CR 3959,Maruti Ertiga,4.9,13
DRV9870,Aashi Tella,07812540901,MH41 PK 8867,Toyota Innova,4.9,3
DRV9871,Vinaya Banik,03641763555,MH23 VJ 6642,Toyota Innova,4.7,14
DRV9872,Lavanya Goswami,+919927102767,MH39 GZ 7981,Swift Dzire,3.7,1
DRV9873,Aarush Batta,+910929881995,MH23 GM 5589,Tata Nexon,4.9,2
DRV9874,Krish Kar,2090008503,MH30 MI 1684,Tata Nexon,4.6,6
DRV9875,Gayathri Patla,+917167527863,MH38 MJ 1526,Hyundai i20,4.5,8
DRV9876,Daksh Dhar,+910265847411,MH27 YQ 1839,Maruti Ertiga,4.4,9
DRV9877,Balvan Kibe,4018586808,MH25 TX 1046,WagonR,4.2,4
DRV9878,Tara Sawhney,06828675988,MH40 NM 7824,Honda City,4.5,18
DRV9879,Falak Bal,+913848153382,MH11 PQ 0093,Maruti Ertiga,4.8,8
DRV9880,Neelima Nadkarni,+910203006060,MH45 WL 3550,Hyundai Creta,4.6,10
DRV9881,Nidhi Doshi,9503627104,MH4 EX 3419,Hyundai i20,4.0,9
DRV9882,Shaurya Kohli,04609520734,MH33 KF 6597,Honda City,3.9,15
DRV9883,Lipika Pradhan,6004277077,MH15 QR 4781,Honda City,4.6,13
DRV9884,Adweta Mitter,8093470727,MH49 UN 6049,Toyota Innova,4.0,2
DRV9885,Banjeet Buch,06950684700,MH49 DZ 0926,Hyundai i20,3.9,9
DRV9886,Bhanumati Samra,00142976826,MH13 IO 8387,Tata Nexon,4.4,7
DRV9887,Thomas Basu,0574717500,MH3 MI 2881,Swift Dzire,4.5,2
DRV9888,Ria Soni,5117394840,MH30 DD 7119,Honda City,4.3,9
DRV9889,Rayaan Din,+915004348544,MH39 KQ 4451,Kia Seltos,4.4,5
DRV9890,Jairaj Dalal,02309416145,MH46 AS 1517,Hyundai i20,4.8,20
DRV9891,Jagvi Sengupta,+915537282075,MH27 EO 7259,Tata Nexon,4.9,15
DRV9892,Pooja Saxena,4653036601,MH23 PA 3187,Kia Seltos,3.6,11
DRV9893,Rushil Verma,+915780405206,MH9 QY 4860,Mahindra XUV700,3.7,6
DRV9894,Varenya Sekhon,+913866552298,MH8 WC 0201,Mahindra XUV700,4.6,20
DRV9895,Mohini Borra,0553501984,MH5 UB 2786,Honda City,3.9,1
DRV9896,Chandresh Borra,+918201887970,MH9 ZT 6374,Swift Dzire,4.2,6
DRV9897,Odika Chauhan,4445081941,MH33 TW 0196,WagonR,4.4,7
DRV9898,Yutika Mandal,5389631945,MH44 PH 0209,WagonR,4.4,16
DRV9899,Jeremiah Thakkar,5267570561,MH40 IR 8060,Toyota Innova,3.9,8
DRV9900,Rayaan Dhingra,00131243649,MH35 LQ 4803,Maruti Ertiga,4.2,16
DRV9901,Arya Hayre,1124461863,MH24 JB 0949,Swift Dzire,4.8,8
DRV9902,Ikshita Prakash,00577060619,MH38 FA 3081,Maruti Ertiga,4.3,2
DRV9903,Om Tata,07952238839,MH27 MF 5248,Swift Dzire,4.7,8
DRV9904,Ansh Murty,9753050095,MH9 IF 5676,Mahindra XUV700,5.0,11
DRV9905,Vansha Hegde,09488312420,MH41 QF 7667,Mahindra XUV700,4.2,10
DRV9906,Urvi Raman,2316896406,MH1 MU 5623,Tata Nexon,4.3,10
DRV9907,Indrajit Sama,3087809972,MH39 DS 6721,Toyota Innova,5.0,16
DRV9908,Yutika Taneja,08636727581,MH48 AT 5800,Toyota Innova,4.8,3
DRV9909,Jack Khurana,00195112833,MH45 FU 5664,Kia Seltos,5.0,18
DRV9910,Jagvi Chana,00468083600,MH2 ZI 4398,Toyota Innova,4.1,3
DRV9911,Nisha Sundaram,02627875580,MH25 YP 6340,Kia Seltos,3.6,4
DRV9912,Shaurya Shankar,9737366953,MH13 CR 6459,WagonR,4.1,16
DRV9913,Falan Dass,+914779694689,MH5 IC 7674,Honda City,3.8,1
DRV9914,Chavvi Gole,01768684249,MH27 SU 6269,Hyundai Creta,3.5,19
DRV9915,Imaran Pradhan,04667445062,MH5 CU 7079,Kia Seltos,3.8,4
DRV9916,Urvashi Rao,+910137833554,MH30 EI 1698,Hyundai i20,4.1,4
DRV9917,Vansha Ratta,+913239207565,MH28 HQ 6582,Maruti Ertiga,4.7,18
DRV9918,Nihal Krishnamurthy,+915798262781,MH39 AH 8272,Hyundai Creta,3.7,3
DRV9919,Quincy Barman,04595375298,MH12 QU 4359,Kia Seltos,3.5,12
DRV9920,Ishaan Pillay,+914282790122,MH20 LS 9791,Kia Seltos,3.6,13
DRV9921,Abeer Pal,04864675184,MH41 BA 5137,Kia Seltos,4.1,15
DRV9922,Manan Gera,05313824416,MH6 ZJ 8523,Kia Seltos,5.0,1
DRV9923,Neelima Tara,2124288619,MH21 RR 9667,Honda City,3.9,17
DRV9924,Dalbir Setty,01137722976,MH44 WA 0738,Hyundai i20,4.0,17
DRV9925,Samarth Randhawa,0908091911,MH43 LU 6061,Maruti Ertiga,3.8,7
DRV9926,Quincy Korpal,6809365226,MH43 SG 7751,Kia Seltos,4.4,7
DRV9927,Daksh Rana,00067845449,MH11 SR 9064,WagonR,3.6,1
DRV9928,Guneet Ramachandran,04802392976,MH35 EJ 6433,Honda City,4.4,14
DRV9929,Damyanti Palla,1439110225,MH1 DP 9361,Toyota Innova,4.4,12
DRV9930,Chandran Toor,4847909828,MH3 TJ 4738,Swift Dzire,4.5,3
DRV9931,Gaurangi Radhakrishnan,4228729622,MH16 OX 1152,Swift Dzire,3.7,9
DRV9932,Azad Prakash,2769014988,MH3 NZ 5475,Hyundai i20,4.5,10
DRV9933,Gopal Kapur,+916654382114,MH13 MF 0348,Tata Nexon,3.7,16
DRV9934,Agastya Bhakta,00621010881,MH4 AC 8876,Hyundai i20,4.9,4
DRV9935,Inaya Warrior,+919487628748,MH10 BS 4039,Mahindra XUV700,3.7,11
DRV9936,Rachita Thakkar,05349116864,MH40 KF 8919,Honda City,4.9,13
DRV9937,Agastya Dugal,5724314023,MH34 HA 5945,WagonR,4.4,8
DRV9938,Varenya Toor,01647570573,MH26 VF 3864,Toyota Innova,3.7,16
DRV9939,Meera Kuruvilla,3421288365,MH33 DC 5358,Maruti Ertiga,3.8,1
DRV9940,Hemangini Murty,04107625346,MH5 PX 9384,WagonR,3.7,5
DRV9941,Caleb Devan,01991976972,MH36 LK 9821,Honda City,3.9,15
DRV9942,Girish Tak,+915493367332,MH22 OA 7219,Tata Nexon,4.4,9
DRV9943,Nandini Goswami,04473467062,MH24 YN 3401,WagonR,3.7,8
DRV9944,Wriddhish Kapur,2576522816,MH14 QR 7692,Maruti Ertiga,4.8,9
DRV9945,Wakeeta Bandi,09477521459,MH42 NQ 9221,Tata Nexon,3.5,6
DRV9946,Hemang Madan,06188874684,MH21 HS 8227,Hyundai Creta,3.5,3
DRV9947,Urvi Natarajan,9438834494,MH6 RW 7234,Kia Seltos,4.2,4
DRV9948,Faraj Jain,+910034434109,MH25 AT 6131,Maruti Ertiga,5.0,15
DRV9949,Libni Khare,+912750001912,MH8 EF 0504,Tata Nexon,4.8,18
DRV9950,Turvi Buch,+914969909151,MH17 AA 3299,Tata Nexon,4.6,16
DRV9951,Lavanya Sood,4895413541,MH27 FO 5805,Kia Seltos,4.6,2
DRV9952,Keya Baral,+918082751790,MH10 FQ 6961,Mahindra XUV700,3.8,13
DRV9953,Wahab Choudhary,01221881462,MH18 KQ 0064,Honda City,3.7,12
DRV9954,Advika Kari,01455095779,MH24 YI 7019,Tata Nexon,4.9,14
DRV9955,Kevin Shanker,09614597451,MH33 ZW 2969,WagonR,3.5,16
DRV9956,Jatin Ray,8911661911,MH29 II 7747,WagonR,3.5,14
DRV9957,Lopa Loke,09743444656,MH7 XQ 6593,Tata Nexon,4.8,4
DRV9958,Pratyush Sarraf,+914898601137,MH35 CG 1934,Hyundai i20,5.0,11
DRV9959,Nikita Devi,+914164921857,MH42 VH 0077,Tata Nexon,3.7,5
DRV9960,Daniel Chokshi,8389086837,MH50 GW 2277,Toyota Innova,4.0,8
DRV9961,Ikshita Palla,06253132642,MH32 BH 7271,Hyundai Creta,4.0,8
DRV9962,Oscar Guha,00412179893,MH23 LS 7487,Hyundai Creta,3.8,12
DRV9963,Vasatika Mann,+919061278252,MH35 NE 4614,Hyundai i20,4.5,16
DRV9964,Harshil Pau,2134531067,MH15 EO 5615,Maruti Ertiga,4.9,1
DRV9965,Varenya Sanghvi,07074138210,MH10 CD 8225,WagonR,3.5,11
DRV9966,Amol Narayan,9669651780,MH50 BQ 5089,Toyota Innova,3.9,15
DRV9967,Warinder Kohli,01461570140,MH8 NL 2499,Maruti Ertiga,4.8,4
DRV9968,Rishi Seth,+914587841292,MH34 HU 4387,Hyundai Creta,4.2,14
DRV9969,Nathaniel Sachar,+914953024005,MH49 FV 7318,WagonR,4.9,2
DRV9970,Kala Grewal,+912959880486,MH44 PM 9283,Kia Seltos,4.4,13
DRV9971,Anika Ghosh,05235497804,MH30 ZS 0684,Hyundai i20,4.5,20
DRV9972,Ekta Rajan,5217235459,MH47 QW 3008,Mahindra XUV700,4.6,1
DRV9973,Farhan Rai,4789496385,MH38 EN 8717,Mahindra XUV700,4.2,5
DRV9974,Vasudha Tiwari,+910588471186,MH32 PN 0988,Kia Seltos,4.2,6
DRV9975,Dayamai Menon,5836794056,MH47 YA 1703,Maruti Ertiga,4.6,4
DRV9976,Hemangini Issac,07264073783,MH22 HB 5325,Toyota Innova,4.8,2
DRV9977,Luke Jani,4063511123,MH3 JA 6780,Hyundai Creta,4.7,1
DRV9978,Ira Pandya,06434678708,MH42 LS 0100,Mahindra XUV700,3.7,10
DRV9979,Turvi Magar,+910690484715,MH15 MD 7931,WagonR,3.8,6
DRV9980,Lavanya Aggarwal,+919855558614,MH20 LX 6251,WagonR,3.6,9
DRV9981,Agastya Mital,+914429504212,MH43 WD 3745,WagonR,3.5,2
DRV9982,Anita Memon,6486206992,MH50 FU 5472,Maruti Ertiga,3.7,11
DRV9983,Bhavna Bahri,+915453487174,MH44 TA 8141,Kia Seltos,4.7,10
DRV9984,Atharv Yadav,4911976715,MH31 QV 8322,Mahindra XUV700,4.9,8
DRV9985,Jairaj Bassi,+914778806464,MH26 MP 2763,Swift Dzire,3.8,13
DRV9986,Om Modi,07076991915,MH47 BO 6125,Swift Dzire,3.5,20
DRV9987,Aarna Varkey,6420588008,MH9 AD 3794,Kia Seltos,4.6,20
DRV9988,Vritti Lala,04923770761,MH10 CP 9839,Swift Dzire,4.7,10
DRV9989,Jairaj Bhardwaj,04850103542,MH41 WE 5685,Hyundai Creta,4.1,17
DRV9990,Patrick Pant,3675528750,MH6 VN 6406,Hyundai Creta,3.8,11
DRV9991,Bahadurjit Tiwari,05559346859,MH39 KW 1848,Tata Nexon,4.8,3
DRV9992,Meera Memon,+914300724346,MH45 VM 0326,WagonR,4.0,2
DRV9993,Timothy Agrawal,00237038063,MH15 RQ 4611,Maruti Ertiga,3.9,12
DRV9994,Chandani Chandra,02990168550,MH40 CY 6509,WagonR,4.1,18
DRV9995,Gayathri Bava,+919109936396,MH46 MN 3678,Toyota Innova,4.1,20
DRV9996,Pushti Nagarajan,07727050599,MH10 NX 8548,Maruti Ertiga,4.4,15
DRV9997,Naksh Gera,+916272863831,MH27 GN 3754,Hyundai i20,3.7,17
DRV9998,Onkar Varughese,01320178231,MH33 BW 0789,Hyundai i20,4.5,8
DRV9999,Tanvi Majumdar,8545697765,MH29 CS 0647,Swift Dzire,3.8,7
DRV10000,Jacob Nagar,01445344928,MH36 YV 5606,Kia Seltos,4.8,15
